{"timestamp":"2026-08-12T09:21:06.238Z","level":"info","message":"File logging initialized at /home/nizar/.kiro/logs/20260812T092106219"}
{"timestamp":"2026-08-12T09:21:06.238Z","level":"info","message":"Initializing persistence at /home/nizar/.kiro/sessions"}
{"timestamp":"2026-08-12T09:21:06.249Z","level":"info","message":"[SessionPersistence] Initialized persistence at /home/nizar/.kiro/sessions"}
{"timestamp":"2026-08-12T09:21:06.250Z","level":"info","message":"Persistence initialized"}
{"timestamp":"2026-08-12T09:21:06.295Z","level":"info","message":"[AgentTelemetry] Initialized {\"endpoint\":\"https://prod.us-east-1.telemetry.desktop.kiro.dev\",\"serviceName\":\"kiroAgent\"}"}
{"timestamp":"2026-08-12T09:21:06.297Z","level":"info","message":"[KiroAgent] Remote MCP client initialized"}
{"timestamp":"2026-08-12T09:21:06.297Z","level":"info","message":"[KiroAgent] remote-tools-discovery.create {\"client\":\"kiro-ide\"}"}
{"timestamp":"2026-08-12T09:21:06.301Z","level":"info","message":"[KiroAgent] Cleared stale task execution statuses"}
{"timestamp":"2026-08-12T09:21:06.301Z","level":"info","message":"[KiroAgent] Platform initialized"}
{"timestamp":"2026-08-12T09:21:06.302Z","level":"info","message":"[KiroAgent] Resolved capabilities: {\"fsReadTextFile\":false,\"fsWriteTextFile\":false,\"kiroFsReadFile\":false,\"kiroFsWriteFile\":false,\"kiroFsStat\":false,\"kiroFsReadDirectory\":false,\"kiroFsDelete\":false,\"terminal\":false,\"secretStorage\":true,\"openExternalUrl\":true,\"knowledge\":true,\"infrastructureSafety\":false,\"c2sViews\":false,\"textSearch\":false,\"findFiles\":false}"}
{"timestamp":"2026-08-12T09:21:06.302Z","level":"info","message":"[KiroAgent] Wired ACP callback auth provider to active connection"}
{"timestamp":"2026-08-12T09:21:06.302Z","level":"info","message":"[RemoteToolsDiscovery] Fetching available Remote tools"}
{"timestamp":"2026-08-12T09:21:06.302Z","level":"info","message":"[KiroAgent] Client supports ACP secret storage"}
{"timestamp":"2026-08-12T09:21:06.302Z","level":"info","message":"[KiroAgent] Client supports ACP openExternalUrl"}
{"timestamp":"2026-08-12T09:21:06.303Z","level":"info","message":"[KiroAgent] Stored clientInfo.name {\"reportedClientName\":\"kiro-cli\",\"clientAttribution\":\"kiro-cli\",\"client\":\"kiro-cli\"}"}
{"timestamp":"2026-08-12T09:21:06.304Z","level":"info","message":"[KiroAgent] v2 hooks cache initialized (hooks load at session start)"}
{"timestamp":"2026-08-12T09:21:06.304Z","level":"info","message":"Handshake: returning logging config with 3 channels at /home/nizar/.kiro/logs/20260812T092106219"}
{"timestamp":"2026-08-12T09:21:06.378Z","level":"info","message":"[KiroAgent] ACP session/load sessionId=cli_870dd21c-72b9-4a5c-b630-7323d0f0872e_DTAgpaqn"}
{"timestamp":"2026-08-12T09:21:06.388Z","level":"info","message":"[AcpCallbackAuthProvider] Profile ARN rotated: <none> -> arn:aws:codewhisperer:us-east-1:957201034306:profile/MEWCYDRVXUUD"}
{"timestamp":"2026-08-12T09:21:06.458Z","level":"info","message":"fs.loadSession.ok {\"system\":\"fs\",\"sessionId\":\"cli_870dd21c-72b9-4a5c-b630-7323d0f0872e_DTAgpaqn\",\"durationMs\":75}"}
{"timestamp":"2026-08-12T09:21:06.656Z","level":"info","message":"network.listAvailableModels.ok {\"system\":\"network\",\"durationMs\":277}"}
{"timestamp":"2026-08-12T09:21:06.656Z","level":"info","message":"[ACPModelConfigProvider] Loaded 19 models"}
{"timestamp":"2026-08-12T09:21:06.686Z","level":"info","message":"[RemoteToolsDiscovery] Discovered 5 Remote tools"}
{"timestamp":"2026-08-12T09:21:06.692Z","level":"info","message":"network.getFeatureConfiguration.ok {\"system\":\"network\",\"durationMs\":295}"}
{"timestamp":"2026-08-12T09:21:06.692Z","level":"info","message":"[ExperimentConfigService] Resolved {\"origin\":\"KIRO_CLI\",\"version\":\"2.17.0\",\"keyCount\":3}"}
{"timestamp":"2026-08-12T09:21:06.693Z","level":"info","message":"cloudConfig.entitlement.decided {\"verdict\":\"granted\"}"}
{"timestamp":"2026-08-12T09:21:06.698Z","level":"info","message":"[KiroAgent] v2 hooks loaded 0 standalone hooks from .kiro/hooks/"}
{"timestamp":"2026-08-12T09:21:06.699Z","level":"info","message":"fs.hooksReload.ok {\"system\":\"fs\",\"durationMs\":4}"}
{"timestamp":"2026-08-12T09:21:06.736Z","level":"info","message":"[ProfileLoader] profile.loaded {\"agentId\":\"light\"}"}
{"timestamp":"2026-08-12T09:21:06.738Z","level":"info","message":"[ProfileLoader] profile.loaded {\"agentId\":\"sandbox\"}"}
{"timestamp":"2026-08-12T09:21:06.738Z","level":"info","message":"fs.loadAgentProfiles.ok {\"system\":\"fs\",\"scope\":\"user\",\"durationMs\":38}"}
{"timestamp":"2026-08-12T09:21:06.744Z","level":"info","message":"fs.loadAgentProfiles.ok {\"system\":\"fs\",\"scope\":\"workspace\",\"durationMs\":1}"}
{"timestamp":"2026-08-12T09:21:06.744Z","level":"info","message":"[KiroAgent] Registered user profile: light"}
{"timestamp":"2026-08-12T09:21:06.744Z","level":"info","message":"[KiroAgent] Registered user profile: sandbox"}
{"timestamp":"2026-08-12T09:21:07.013Z","level":"info","message":"[AdapterFactory] read=Node, write=Node, stat=Node, readDir=Node, delete=Node, terminal=Node"}
{"timestamp":"2026-08-12T09:21:07.013Z","level":"info","message":"[WorkspaceConnection] clientTools=0, hasClientIOTools=false, injectedFs=false, injectedTerminal=false"}
{"timestamp":"2026-08-12T09:21:07.032Z","level":"info","message":"[ActivityLogPublisher] Publishing to https://runtime.us-east-1.kiro.dev"}
{"timestamp":"2026-08-12T09:21:07.262Z","level":"info","message":"network.getProfile.ok {\"system\":\"network\",\"durationMs\":230}"}
{"timestamp":"2026-08-12T09:21:07.262Z","level":"info","message":"[GovernanceService] Resolved {\"enterprise\":true,\"provider\":\"Enterprise\",\"profileArn\":\"arn:aws:codewhisperer:us-east-1:957201034306:profile/MEWCYDRVXUUD\",\"controlPlaneEndpoint\":\"https://management.us-east-1.kiro.dev\",\"mcpDisabled\":false,\"mcpReason\":\"admin_disabled\",\"webToolsDisabled\":false,\"autonomousAgentsDisabled\":false,\"disabledReason\":\"admin_disabled\",\"registryUrl\":\"\",\"catalogSize\":0}"}
{"timestamp":"2026-08-12T09:21:07.262Z","level":"info","message":"[AgentTelemetry] Telemetry disabled by user preference"}
{"timestamp":"2026-08-12T09:21:07.373Z","level":"info","message":"fs.loadSession.ok {\"system\":\"fs\",\"sessionId\":\"cli_870dd21c-72b9-4a5c-b630-7323d0f0872e_DTAgpaqn\",\"durationMs\":62}"}
{"timestamp":"2026-08-12T09:21:07.480Z","level":"info","message":"[KiroAgent] ACP session/load complete sessionId=cli_870dd21c-72b9-4a5c-b630-7323d0f0872e_DTAgpaqn messages=1329 at=2026-08-12T09:21:07.480Z"}
{"timestamp":"2026-08-12T09:21:07.613Z","level":"info","message":"fs.powers.scan.ok {\"system\":\"fs\",\"baseCount\":2,\"trigger\":\"warm\",\"durationMs\":151}"}
{"timestamp":"2026-08-12T09:21:07.730Z","level":"info","message":"fs.appendMessages.ok {\"system\":\"fs\",\"sessionId\":\"cli_870dd21c-72b9-4a5c-b630-7323d0f0872e_DTAgpaqn\",\"messageCount\":452,\"durationMs\":353}"}
{"timestamp":"2026-08-12T09:21:07.747Z","level":"warn","message":"[NodeProgressiveContextSource] skill.validation.failed {\"event\":\"skill.description.invalid\",\"filePath\":\"/home/nizar/HomeWspce/LIVOQ/.kiro/skills/amazon-bedrock/SKILL.md\",\"length\":1113}"}
{"timestamp":"2026-08-12T09:21:07.770Z","level":"warn","message":"[NodeProgressiveContextSource] skill.validation.failed {\"event\":\"skill.description.invalid\",\"filePath\":\"/home/nizar/HomeWspce/LIVOQ/.kiro/skills/amazon-bedrock/SKILL.md\",\"length\":1113}"}
{"timestamp":"2026-08-12T09:21:10.630Z","level":"warn","message":"[ActivityLogPublisher] Failed to publish to https://runtime.us-east-1.kiro.dev/agents/activity: 400 — {\"message\":\"Field validation failed\"}"}
{"timestamp":"2026-08-12T09:21:10.633Z","level":"warn","message":"[ActivityLogPublisher] flush failed {\"error\":\"socket hang up\"}"}
{"timestamp":"2026-08-12T09:21:13.699Z","level":"warn","message":"[ActivityLogPublisher] Failed to publish to https://runtime.us-east-1.kiro.dev/agents/activity: 400 — {\"message\":\"Field validation failed\"}"}
{"timestamp":"2026-08-12T09:21:13.701Z","level":"warn","message":"[ActivityLogPublisher] flush failed {\"error\":\"socket hang up\"}"}
{"timestamp":"2026-08-12T09:21:16.674Z","level":"warn","message":"[ActivityLogPublisher] Failed to publish to https://runtime.us-east-1.kiro.dev/agents/activity: 400 — {\"message\":\"Field validation failed\"}"}
{"timestamp":"2026-08-12T09:21:16.677Z","level":"warn","message":"[ActivityLogPublisher] flush failed {\"error\":\"socket hang up\"}"}
{"timestamp":"2026-08-12T09:21:19.687Z","level":"warn","message":"[ActivityLogPublisher] Failed to publish to https://runtime.us-east-1.kiro.dev/agents/activity: 400 — {\"message\":\"Field validation failed\"}"}
{"timestamp":"2026-08-12T09:21:19.689Z","level":"warn","message":"[ActivityLogPublisher] flush failed {\"error\":\"socket hang up\"}"}
{"timestamp":"2026-08-12T09:21:22.643Z","level":"warn","message":"[ActivityLogPublisher] Failed to publish to https://runtime.us-east-1.kiro.dev/agents/activity: 400 — {\"message\":\"Field validation failed\"}"}
{"timestamp":"2026-08-12T09:21:22.645Z","level":"warn","message":"[ActivityLogPublisher] flush failed {\"error\":\"socket hang up\"}"}
{"timestamp":"2026-08-12T09:21:25.664Z","level":"warn","message":"[ActivityLogPublisher] Failed to publish to https://runtime.us-east-1.kiro.dev/agents/activity: 400 — {\"message\":\"Field validation failed\"}"}
{"timestamp":"2026-08-12T09:21:25.665Z","level":"warn","message":"[ActivityLogPublisher] flush failed {\"error\":\"socket hang up\"}"}
{"timestamp":"2026-08-12T09:21:31.714Z","level":"warn","message":"[ActivityLogPublisher] Failed to publish to https://runtime.us-east-1.kiro.dev/agents/activity: 400 — {\"message\":\"Field validation failed\"}"}
{"timestamp":"2026-08-12T09:21:31.716Z","level":"warn","message":"[ActivityLogPublisher] flush failed {\"error\":\"socket hang up\"}"}
{"timestamp":"2026-08-12T09:21:34.725Z","level":"warn","message":"[ActivityLogPublisher] Failed to publish to https://runtime.us-east-1.kiro.dev/agents/activity: 400 — {\"message\":\"Field validation failed\"}"}
{"timestamp":"2026-08-12T09:21:34.726Z","level":"warn","message":"[ActivityLogPublisher] flush failed {\"error\":\"socket hang up\"}"}
{"timestamp":"2026-08-12T09:21:37.729Z","level":"warn","message":"[ActivityLogPublisher] Failed to publish to https://runtime.us-east-1.kiro.dev/agents/activity: 400 — {\"message\":\"Field validation failed\"}"}
{"timestamp":"2026-08-12T09:21:37.730Z","level":"warn","message":"[ActivityLogPublisher] flush failed {\"error\":\"socket hang up\"}"}
{"timestamp":"2026-08-12T09:21:40.686Z","level":"warn","message":"[ActivityLogPublisher] Failed to publish to https://runtime.us-east-1.kiro.dev/agents/activity: 400 — {\"message\":\"Field validation failed\"}"}
{"timestamp":"2026-08-12T09:21:40.687Z","level":"warn","message":"[ActivityLogPublisher] flush failed {\"error\":\"socket hang up\"}"}
{"timestamp":"2026-08-12T09:21:43.700Z","level":"warn","message":"[ActivityLogPublisher] Failed to publish to https://runtime.us-east-1.kiro.dev/agents/activity: 400 — {\"message\":\"Field validation failed\"}"}
{"timestamp":"2026-08-12T09:21:43.701Z","level":"warn","message":"[ActivityLogPublisher] flush failed {\"error\":\"socket hang up\"}"}
{"timestamp":"2026-08-12T09:21:46.703Z","level":"warn","message":"[ActivityLogPublisher] Failed to publish to https://runtime.us-east-1.kiro.dev/agents/activity: 400 — {\"message\":\"Field validation failed\"}"}
{"timestamp":"2026-08-12T09:21:46.704Z","level":"warn","message":"[ActivityLogPublisher] flush failed {\"error\":\"socket hang up\"}"}
{"timestamp":"2026-08-12T09:21:49.690Z","level":"warn","message":"[ActivityLogPublisher] Failed to publish to https://runtime.us-east-1.kiro.dev/agents/activity: 400 — {\"message\":\"Field validation failed\"}"}
{"timestamp":"2026-08-12T09:21:49.691Z","level":"warn","message":"[ActivityLogPublisher] flush failed {\"error\":\"socket hang up\"}"}
{"timestamp":"2026-08-12T09:21:52.728Z","level":"warn","message":"[ActivityLogPublisher] Failed to publish to https://runtime.us-east-1.kiro.dev/agents/activity: 400 — {\"message\":\"Field validation failed\"}"}
{"timestamp":"2026-08-12T09:21:52.729Z","level":"warn","message":"[ActivityLogPublisher] flush failed {\"error\":\"socket hang up\"}"}
{"timestamp":"2026-08-12T09:21:55.728Z","level":"warn","message":"[ActivityLogPublisher] Failed to publish to https://runtime.us-east-1.kiro.dev/agents/activity: 400 — {\"message\":\"Field validation failed\"}"}
{"timestamp":"2026-08-12T09:21:55.729Z","level":"warn","message":"[ActivityLogPublisher] flush failed {\"error\":\"socket hang up\"}"}
{"timestamp":"2026-08-12T09:21:58.729Z","level":"warn","message":"[ActivityLogPublisher] Failed to publish to https://runtime.us-east-1.kiro.dev/agents/activity: 400 — {\"message\":\"Field validation failed\"}"}
{"timestamp":"2026-08-12T09:21:58.730Z","level":"warn","message":"[ActivityLogPublisher] flush failed {\"error\":\"socket hang up\"}"}
{"timestamp":"2026-08-12T09:22:01.745Z","level":"warn","message":"[ActivityLogPublisher] Failed to publish to https://runtime.us-east-1.kiro.dev/agents/activity: 400 — {\"message\":\"Field validation failed\"}"}
{"timestamp":"2026-08-12T09:22:01.745Z","level":"warn","message":"[ActivityLogPublisher] flush failed {\"error\":\"socket hang up\"}"}
{"timestamp":"2026-08-12T09:22:07.875Z","level":"warn","message":"[ActivityLogPublisher] Failed to publish to https://runtime.us-east-1.kiro.dev/agents/activity: 400 — {\"message\":\"Field validation failed\"}"}
{"timestamp":"2026-08-12T09:22:07.876Z","level":"warn","message":"[ActivityLogPublisher] flush failed {\"error\":\"socket hang up\"}"}
{"timestamp":"2026-08-12T09:22:10.830Z","level":"warn","message":"[ActivityLogPublisher] Failed to publish to https://runtime.us-east-1.kiro.dev/agents/activity: 400 — {\"message\":\"Field validation failed\"}"}
{"timestamp":"2026-08-12T09:22:10.831Z","level":"warn","message":"[ActivityLogPublisher] flush failed {\"error\":\"socket hang up\"}"}
{"timestamp":"2026-08-12T09:22:13.902Z","level":"warn","message":"[ActivityLogPublisher] Failed to publish to https://runtime.us-east-1.kiro.dev/agents/activity: 400 — {\"message\":\"Field validation failed\"}"}
{"timestamp":"2026-08-12T09:22:13.902Z","level":"warn","message":"[ActivityLogPublisher] flush failed {\"error\":\"socket hang up\"}"}
{"timestamp":"2026-08-12T09:22:16.871Z","level":"warn","message":"[ActivityLogPublisher] Failed to publish to https://runtime.us-east-1.kiro.dev/agents/activity: 400 — {\"message\":\"Field validation failed\"}"}
{"timestamp":"2026-08-12T09:22:16.873Z","level":"warn","message":"[ActivityLogPublisher] flush failed {\"error\":\"socket hang up\"}"}
{"timestamp":"2026-08-12T09:22:19.880Z","level":"warn","message":"[ActivityLogPublisher] Failed to publish to https://runtime.us-east-1.kiro.dev/agents/activity: 400 — {\"message\":\"Field validation failed\"}"}
{"timestamp":"2026-08-12T09:22:19.882Z","level":"warn","message":"[ActivityLogPublisher] flush failed {\"error\":\"socket hang up\"}"}
{"timestamp":"2026-08-12T09:22:22.864Z","level":"warn","message":"[ActivityLogPublisher] Failed to publish to https://runtime.us-east-1.kiro.dev/agents/activity: 400 — {\"message\":\"Field validation failed\"}"}
{"timestamp":"2026-08-12T09:22:22.865Z","level":"warn","message":"[ActivityLogPublisher] flush failed {\"error\":\"socket hang up\"}"}
{"timestamp":"2026-08-12T09:22:25.843Z","level":"warn","message":"[ActivityLogPublisher] Failed to publish to https://runtime.us-east-1.kiro.dev/agents/activity: 400 — {\"message\":\"Field validation failed\"}"}
{"timestamp":"2026-08-12T09:22:25.844Z","level":"warn","message":"[ActivityLogPublisher] flush failed {\"error\":\"socket hang up\"}"}
{"timestamp":"2026-08-12T09:22:28.860Z","level":"warn","message":"[ActivityLogPublisher] Failed to publish to https://runtime.us-east-1.kiro.dev/agents/activity: 400 — {\"message\":\"Field validation failed\"}"}
{"timestamp":"2026-08-12T09:22:28.861Z","level":"warn","message":"[ActivityLogPublisher] flush failed {\"error\":\"socket hang up\"}"}
{"timestamp":"2026-08-12T09:22:31.895Z","level":"warn","message":"[ActivityLogPublisher] Failed to publish to https://runtime.us-east-1.kiro.dev/agents/activity: 400 — {\"message\":\"Field validation failed\"}"}
{"timestamp":"2026-08-12T09:22:31.896Z","level":"warn","message":"[ActivityLogPublisher] flush failed {\"error\":\"socket hang up\"}"}
{"timestamp":"2026-08-12T09:22:35.317Z","level":"warn","message":"[ActivityLogPublisher] Failed to publish to https://runtime.us-east-1.kiro.dev/agents/activity: 400 — {\"message\":\"Field validation failed\"}"}
{"timestamp":"2026-08-12T09:22:35.318Z","level":"warn","message":"[ActivityLogPublisher] flush failed {\"error\":\"socket hang up\"}"}
{"timestamp":"2026-08-12T09:22:37.873Z","level":"warn","message":"[ActivityLogPublisher] Failed to publish to https://runtime.us-east-1.kiro.dev/agents/activity: 400 — {\"message\":\"Field validation failed\"}"}
{"timestamp":"2026-08-12T09:22:37.874Z","level":"warn","message":"[ActivityLogPublisher] flush failed {\"error\":\"socket hang up\"}"}
{"timestamp":"2026-08-12T09:22:44.176Z","level":"warn","message":"[ActivityLogPublisher] Failed to publish to https://runtime.us-east-1.kiro.dev/agents/activity: 400 — {\"message\":\"Field validation failed\"}"}
{"timestamp":"2026-08-12T09:22:44.177Z","level":"warn","message":"[ActivityLogPublisher] flush failed {\"error\":\"socket hang up\"}"}
{"timestamp":"2026-08-12T09:22:46.990Z","level":"warn","message":"[ActivityLogPublisher] Failed to publish to https://runtime.us-east-1.kiro.dev/agents/activity: 400 — {\"message\":\"Field validation failed\"}"}
{"timestamp":"2026-08-12T09:22:46.990Z","level":"warn","message":"[ActivityLogPublisher] flush failed {\"error\":\"socket hang up\"}"}
{"timestamp":"2026-08-12T09:22:49.848Z","level":"warn","message":"[ActivityLogPublisher] Failed to publish to https://runtime.us-east-1.kiro.dev/agents/activity: 400 — {\"message\":\"Field validation failed\"}"}
{"timestamp":"2026-08-12T09:22:49.850Z","level":"warn","message":"[ActivityLogPublisher] flush failed {\"error\":\"socket hang up\"}"}
{"timestamp":"2026-08-12T09:22:52.935Z","level":"warn","message":"[ActivityLogPublisher] Failed to publish to https://runtime.us-east-1.kiro.dev/agents/activity: 400 — {\"message\":\"Field validation failed\"}"}
{"timestamp":"2026-08-12T09:22:52.936Z","level":"warn","message":"[ActivityLogPublisher] flush failed {\"error\":\"socket hang up\"}"}
{"timestamp":"2026-08-12T09:22:55.966Z","level":"warn","message":"[ActivityLogPublisher] Failed to publish to https://runtime.us-east-1.kiro.dev/agents/activity: 400 — {\"message\":\"Field validation failed\"}"}
{"timestamp":"2026-08-12T09:22:55.968Z","level":"warn","message":"[ActivityLogPublisher] flush failed {\"error\":\"socket hang up\"}"}
{"timestamp":"2026-08-12T09:22:59.007Z","level":"warn","message":"[ActivityLogPublisher] Failed to publish to https://runtime.us-east-1.kiro.dev/agents/activity: 400 — {\"message\":\"Field validation failed\"}"}
{"timestamp":"2026-08-12T09:22:59.008Z","level":"warn","message":"[ActivityLogPublisher] flush failed {\"error\":\"socket hang up\"}"}
{"timestamp":"2026-08-12T09:23:01.971Z","level":"warn","message":"[ActivityLogPublisher] Failed to publish to https://runtime.us-east-1.kiro.dev/agents/activity: 400 — {\"message\":\"Field validation failed\"}"}
{"timestamp":"2026-08-12T09:23:01.972Z","level":"warn","message":"[ActivityLogPublisher] flush failed {\"error\":\"socket hang up\"}"}
{"timestamp":"2026-08-12T09:23:04.957Z","level":"warn","message":"[ActivityLogPublisher] Failed to publish to https://runtime.us-east-1.kiro.dev/agents/activity: 400 — {\"message\":\"Field validation failed\"}"}
{"timestamp":"2026-08-12T09:23:04.960Z","level":"warn","message":"[ActivityLogPublisher] flush failed {\"error\":\"socket hang up\"}"}
{"timestamp":"2026-08-12T09:23:08.464Z","level":"warn","message":"[ActivityLogPublisher] Failed to publish to https://runtime.us-east-1.kiro.dev/agents/activity: 400 — {\"message\":\"Field validation failed\"}"}
{"timestamp":"2026-08-12T09:23:08.465Z","level":"warn","message":"[ActivityLogPublisher] flush failed {\"error\":\"socket hang up\"}"}
{"timestamp":"2026-08-12T09:23:11.003Z","level":"warn","message":"[ActivityLogPublisher] Failed to publish to https://runtime.us-east-1.kiro.dev/agents/activity: 400 — {\"message\":\"Field validation failed\"}"}
{"timestamp":"2026-08-12T09:23:11.004Z","level":"warn","message":"[ActivityLogPublisher] flush failed {\"error\":\"socket hang up\"}"}
{"timestamp":"2026-08-12T09:23:17.108Z","level":"warn","message":"[ActivityLogPublisher] Failed to publish to https://runtime.us-east-1.kiro.dev/agents/activity: 400 — {\"message\":\"Field validation failed\"}"}
{"timestamp":"2026-08-12T09:23:17.109Z","level":"warn","message":"[ActivityLogPublisher] flush failed {\"error\":\"socket hang up\"}"}
{"timestamp":"2026-08-12T09:23:20.179Z","level":"warn","message":"[ActivityLogPublisher] Failed to publish to https://runtime.us-east-1.kiro.dev/agents/activity: 400 — {\"message\":\"Field validation failed\"}"}
{"timestamp":"2026-08-12T09:23:20.180Z","level":"warn","message":"[ActivityLogPublisher] flush failed {\"error\":\"socket hang up\"}"}
{"timestamp":"2026-08-12T09:23:23.137Z","level":"warn","message":"[ActivityLogPublisher] Failed to publish to https://runtime.us-east-1.kiro.dev/agents/activity: 400 — {\"message\":\"Field validation failed\"}"}
{"timestamp":"2026-08-12T09:23:23.137Z","level":"warn","message":"[ActivityLogPublisher] flush failed {\"error\":\"socket hang up\"}"}
{"timestamp":"2026-08-12T09:23:25.446Z","level":"info","message":"[KiroAgent] ACP session/prompt sessionId=cli_870dd21c-72b9-4a5c-b630-7323d0f0872e_DTAgpaqn"}
{"timestamp":"2026-08-12T09:23:25.449Z","level":"info","message":"fs.appendMessages.ok {\"system\":\"fs\",\"sessionId\":\"cli_870dd21c-72b9-4a5c-b630-7323d0f0872e_DTAgpaqn\",\"messageCount\":1,\"durationMs\":2}"}
{"timestamp":"2026-08-12T09:23:25.450Z","level":"info","message":"session.model.pinned {\"sessionId\":\"cli_870dd21c-72b9-4a5c-b630-7323d0f0872e_DTAgpaqn\",\"modelId\":\"auto\"}"}
{"timestamp":"2026-08-12T09:23:25.454Z","level":"info","message":"agent_controller.triggered {\"agentType\":\"chat-agent\",\"autonomyMode\":\"Autopilot\",\"modelId\":\"auto\"}","conversationId":"cli_870dd21c-72b9-4a5c-b630-7323d0f0872e_DTAgpaqn"}
{"timestamp":"2026-08-12T09:23:25.457Z","level":"info","message":"[ACPEventAdapter] Execution began {\"executionId\":\"cb96c30c-a917-4ef5-b6c5-1fd211af3e02\"}","conversationId":"cli_870dd21c-72b9-4a5c-b630-7323d0f0872e_DTAgpaqn","turnId":"cb96c30c-a917-4ef5-b6c5-1fd211af3e02","rootTurnId":"cb96c30c-a917-4ef5-b6c5-1fd211af3e02"}
{"timestamp":"2026-08-12T09:23:25.460Z","level":"info","message":"[SessionPersistence] Updated metadata for session cli_870dd21c-72b9-4a5c-b630-7323d0f0872e_DTAgpaqn"}
{"timestamp":"2026-08-12T09:23:25.461Z","level":"info","message":"fs.appendMessages.ok {\"system\":\"fs\",\"sessionId\":\"cli_870dd21c-72b9-4a5c-b630-7323d0f0872e_DTAgpaqn\",\"messageCount\":1,\"durationMs\":4}","conversationId":"cli_870dd21c-72b9-4a5c-b630-7323d0f0872e_DTAgpaqn","turnId":"cb96c30c-a917-4ef5-b6c5-1fd211af3e02","rootTurnId":"cb96c30c-a917-4ef5-b6c5-1fd211af3e02"}
{"timestamp":"2026-08-12T09:23:25.469Z","level":"info","message":"[SessionPersistence] Updated metadata for session cli_870dd21c-72b9-4a5c-b630-7323d0f0872e_DTAgpaqn","conversationId":"cli_870dd21c-72b9-4a5c-b630-7323d0f0872e_DTAgpaqn","turnId":"cb96c30c-a917-4ef5-b6c5-1fd211af3e02","rootTurnId":"cb96c30c-a917-4ef5-b6c5-1fd211af3e02"}
{"timestamp":"2026-08-12T09:23:25.573Z","level":"info","message":"[AgentIterator] Checking for intent overrides","conversationId":"cli_870dd21c-72b9-4a5c-b630-7323d0f0872e_DTAgpaqn","turnId":"cb96c30c-a917-4ef5-b6c5-1fd211af3e02","rootTurnId":"cb96c30c-a917-4ef5-b6c5-1fd211af3e02"}
{"timestamp":"2026-08-12T09:23:25.577Z","level":"info","message":"[AgentIterator] Detecting intent","conversationId":"cli_870dd21c-72b9-4a5c-b630-7323d0f0872e_DTAgpaqn","turnId":"cb96c30c-a917-4ef5-b6c5-1fd211af3e02","rootTurnId":"cb96c30c-a917-4ef5-b6c5-1fd211af3e02"}
{"timestamp":"2026-08-12T09:23:25.577Z","level":"info","message":"[INTENT_DETECTION] Prompt input mode, skipping intent detection","conversationId":"cli_870dd21c-72b9-4a5c-b630-7323d0f0872e_DTAgpaqn","turnId":"cb96c30c-a917-4ef5-b6c5-1fd211af3e02","rootTurnId":"cb96c30c-a917-4ef5-b6c5-1fd211af3e02"}
{"timestamp":"2026-08-12T09:23:25.578Z","level":"info","message":"[AgentIterator] Parallel invoking agent","conversationId":"cli_870dd21c-72b9-4a5c-b630-7323d0f0872e_DTAgpaqn","turnId":"cb96c30c-a917-4ef5-b6c5-1fd211af3e02","rootTurnId":"cb96c30c-a917-4ef5-b6c5-1fd211af3e02"}
{"timestamp":"2026-08-12T09:23:25.578Z","level":"info","message":"[Steering] Populating steering for execution cb96c30c-a917-4ef5-b6c5-1fd211af3e02","conversationId":"cli_870dd21c-72b9-4a5c-b630-7323d0f0872e_DTAgpaqn","turnId":"cb96c30c-a917-4ef5-b6c5-1fd211af3e02","rootTurnId":"cb96c30c-a917-4ef5-b6c5-1fd211af3e02"}
{"timestamp":"2026-08-12T09:23:25.578Z","level":"info","message":"[Steering] ExistingFiles:  in cb96c30c-a917-4ef5-b6c5-1fd211af3e02","conversationId":"cli_870dd21c-72b9-4a5c-b630-7323d0f0872e_DTAgpaqn","turnId":"cb96c30c-a917-4ef5-b6c5-1fd211af3e02","rootTurnId":"cb96c30c-a917-4ef5-b6c5-1fd211af3e02"}
{"timestamp":"2026-08-12T09:23:25.629Z","level":"info","message":"[q-developer-converse] Sending GenerateAssistantResponse modelId=auto agentMode=vibe origin=KIRO_CLI streaming=true conversationId=cli_870dd21c-72b9-4a5c-b630-7323d0f0872e_DTAgpaqn","conversationId":"cli_870dd21c-72b9-4a5c-b630-7323d0f0872e_DTAgpaqn","turnId":"cb96c30c-a917-4ef5-b6c5-1fd211af3e02","rootTurnId":"cb96c30c-a917-4ef5-b6c5-1fd211af3e02"}
{"timestamp":"2026-08-12T09:23:25.633Z","level":"info","message":"[q-developer-converse] Request payload: 796186 chars, 772 history messages, conversationId=cli_870dd21c-72b9-4a5c-b630-7323d0f0872e_DTAgpaqn","conversationId":"cli_870dd21c-72b9-4a5c-b630-7323d0f0872e_DTAgpaqn","turnId":"cb96c30c-a917-4ef5-b6c5-1fd211af3e02","rootTurnId":"cb96c30c-a917-4ef5-b6c5-1fd211af3e02"}
{"timestamp":"2026-08-12T09:23:26.300Z","level":"warn","message":"[ActivityLogPublisher] Failed to publish to https://runtime.us-east-1.kiro.dev/agents/activity: 400 — {\"message\":\"Field validation failed\"}"}
{"timestamp":"2026-08-12T09:23:26.301Z","level":"warn","message":"[ActivityLogPublisher] flush failed {\"error\":\"socket hang up\"}"}
{"timestamp":"2026-08-12T09:23:29.236Z","level":"warn","message":"[ActivityLogPublisher] Failed to publish to https://runtime.us-east-1.kiro.dev/agents/activity: 400 — {\"message\":\"Field validation failed\"}"}
{"timestamp":"2026-08-12T09:23:29.237Z","level":"warn","message":"[ActivityLogPublisher] flush failed {\"error\":\"socket hang up\"}"}
{"timestamp":"2026-08-12T09:23:32.283Z","level":"warn","message":"[ActivityLogPublisher] Failed to publish to https://runtime.us-east-1.kiro.dev/agents/activity: 400 — {\"message\":\"Field validation failed\"}"}
{"timestamp":"2026-08-12T09:23:32.284Z","level":"warn","message":"[ActivityLogPublisher] flush failed {\"error\":\"socket hang up\"}"}
{"timestamp":"2026-08-12T09:23:35.256Z","level":"warn","message":"[ActivityLogPublisher] Failed to publish to https://runtime.us-east-1.kiro.dev/agents/activity: 400 — {\"message\":\"Field validation failed\"}"}
{"timestamp":"2026-08-12T09:23:35.257Z","level":"warn","message":"[ActivityLogPublisher] flush failed {\"error\":\"socket hang up\"}"}
{"timestamp":"2026-08-12T09:23:36.020Z","level":"info","message":"[AgentIterator] Synchronizing results","conversationId":"cli_870dd21c-72b9-4a5c-b630-7323d0f0872e_DTAgpaqn","turnId":"cb96c30c-a917-4ef5-b6c5-1fd211af3e02","rootTurnId":"cb96c30c-a917-4ef5-b6c5-1fd211af3e02"}
{"timestamp":"2026-08-12T09:23:36.020Z","level":"info","message":"[AgentIterator] Processing intent detection result","conversationId":"cli_870dd21c-72b9-4a5c-b630-7323d0f0872e_DTAgpaqn","turnId":"cb96c30c-a917-4ef5-b6c5-1fd211af3e02","rootTurnId":"cb96c30c-a917-4ef5-b6c5-1fd211af3e02"}
{"timestamp":"2026-08-12T09:23:36.022Z","level":"info","message":"[ChatAgent] Processing model response stream","conversationId":"cli_870dd21c-72b9-4a5c-b630-7323d0f0872e_DTAgpaqn","turnId":"cb96c30c-a917-4ef5-b6c5-1fd211af3e02","rootTurnId":"cb96c30c-a917-4ef5-b6c5-1fd211af3e02"}
{"timestamp":"2026-08-12T09:23:36.022Z","level":"info","message":"[Steering] Populating steering for execution cb96c30c-a917-4ef5-b6c5-1fd211af3e02","conversationId":"cli_870dd21c-72b9-4a5c-b630-7323d0f0872e_DTAgpaqn","turnId":"cb96c30c-a917-4ef5-b6c5-1fd211af3e02","rootTurnId":"cb96c30c-a917-4ef5-b6c5-1fd211af3e02"}
{"timestamp":"2026-08-12T09:23:36.022Z","level":"info","message":"[Steering] ExistingFiles:  in cb96c30c-a917-4ef5-b6c5-1fd211af3e02","conversationId":"cli_870dd21c-72b9-4a5c-b630-7323d0f0872e_DTAgpaqn","turnId":"cb96c30c-a917-4ef5-b6c5-1fd211af3e02","rootTurnId":"cb96c30c-a917-4ef5-b6c5-1fd211af3e02"}
{"timestamp":"2026-08-12T09:23:36.163Z","level":"info","message":"[ACPEventAdapter] Execution yielded {\"executionId\":\"cb96c30c-a917-4ef5-b6c5-1fd211af3e02\"}","conversationId":"cli_870dd21c-72b9-4a5c-b630-7323d0f0872e_DTAgpaqn","turnId":"cb96c30c-a917-4ef5-b6c5-1fd211af3e02","rootTurnId":"cb96c30c-a917-4ef5-b6c5-1fd211af3e02"}
{"timestamp":"2026-08-12T09:23:36.163Z","level":"warn","message":"[ACPEventAdapter] Action type has no dedicated handler and is being routed as a tool call. If this is a new non-tool action, add it to DispatchedActionType. {\"actionType\":\"run_command\"}","conversationId":"cli_870dd21c-72b9-4a5c-b630-7323d0f0872e_DTAgpaqn","turnId":"cb96c30c-a917-4ef5-b6c5-1fd211af3e02","rootTurnId":"cb96c30c-a917-4ef5-b6c5-1fd211af3e02"}
{"timestamp":"2026-08-12T09:23:36.227Z","level":"info","message":"fs.appendMessages.ok {\"system\":\"fs\",\"sessionId\":\"cli_870dd21c-72b9-4a5c-b630-7323d0f0872e_DTAgpaqn\",\"messageCount\":1,\"durationMs\":36}","conversationId":"cli_870dd21c-72b9-4a5c-b630-7323d0f0872e_DTAgpaqn","turnId":"cb96c30c-a917-4ef5-b6c5-1fd211af3e02","rootTurnId":"cb96c30c-a917-4ef5-b6c5-1fd211af3e02"}
{"timestamp":"2026-08-12T09:23:36.250Z","level":"info","message":"acp.policy-eval.complete {\"toolId\":\"run_command\",\"effect\":\"ask\"}","conversationId":"cli_870dd21c-72b9-4a5c-b630-7323d0f0872e_DTAgpaqn","turnId":"cb96c30c-a917-4ef5-b6c5-1fd211af3e02","rootTurnId":"cb96c30c-a917-4ef5-b6c5-1fd211af3e02"}
{"timestamp":"2026-08-12T09:23:36.255Z","level":"info","message":"[ACP ToolApproval] Requesting permission for toolId=run_command, operationId=run_command_tooluse_Hu8da4YCV5Vjs7Cqqlp352, sessionId=cli_870dd21c-72b9-4a5c-b630-7323d0f0872e_DTAgpaqn","conversationId":"cli_870dd21c-72b9-4a5c-b630-7323d0f0872e_DTAgpaqn","turnId":"cb96c30c-a917-4ef5-b6c5-1fd211af3e02","rootTurnId":"cb96c30c-a917-4ef5-b6c5-1fd211af3e02"}
{"timestamp":"2026-08-12T09:23:36.257Z","level":"info","message":"fs.appendMessages.ok {\"system\":\"fs\",\"sessionId\":\"cli_870dd21c-72b9-4a5c-b630-7323d0f0872e_DTAgpaqn\",\"messageCount\":1,\"durationMs\":2}","conversationId":"cli_870dd21c-72b9-4a5c-b630-7323d0f0872e_DTAgpaqn","turnId":"cb96c30c-a917-4ef5-b6c5-1fd211af3e02","rootTurnId":"cb96c30c-a917-4ef5-b6c5-1fd211af3e02"}
{"timestamp":"2026-08-12T09:23:36.264Z","level":"info","message":"fs.appendMessages.ok {\"system\":\"fs\",\"sessionId\":\"cli_870dd21c-72b9-4a5c-b630-7323d0f0872e_DTAgpaqn\",\"messageCount\":1,\"durationMs\":2}","conversationId":"cli_870dd21c-72b9-4a5c-b630-7323d0f0872e_DTAgpaqn","turnId":"cb96c30c-a917-4ef5-b6c5-1fd211af3e02","rootTurnId":"cb96c30c-a917-4ef5-b6c5-1fd211af3e02"}
{"timestamp":"2026-08-12T09:23:36.265Z","level":"info","message":"[ACP ToolApproval] Got response: {\"outcome\":\"selected\",\"optionId\":\"always-accept\",\"_meta\":{\"kiro\":{\"consent\":{\"capability\":\"shell\",\"scope\":\"session\",\"resource\":\"*\",\"workspaceRoot\":\"/home/nizar/HomeWspce/LIVOQ\"}}}}","conversationId":"cli_870dd21c-72b9-4a5c-b630-7323d0f0872e_DTAgpaqn","turnId":"cb96c30c-a917-4ef5-b6c5-1fd211af3e02","rootTurnId":"cb96c30c-a917-4ef5-b6c5-1fd211af3e02"}
{"timestamp":"2026-08-12T09:23:36.379Z","level":"info","message":"[PolicySession] rebuild() complete: 15 rules parsed, engineActive=true, fatal=false","conversationId":"cli_870dd21c-72b9-4a5c-b630-7323d0f0872e_DTAgpaqn","turnId":"cb96c30c-a917-4ef5-b6c5-1fd211af3e02","rootTurnId":"cb96c30c-a917-4ef5-b6c5-1fd211af3e02"}
{"timestamp":"2026-08-12T09:23:36.379Z","level":"info","message":"[PolicySession] Persisted allow rule for shell matching \"*\" at scope=session","conversationId":"cli_870dd21c-72b9-4a5c-b630-7323d0f0872e_DTAgpaqn","turnId":"cb96c30c-a917-4ef5-b6c5-1fd211af3e02","rootTurnId":"cb96c30c-a917-4ef5-b6c5-1fd211af3e02"}
{"timestamp":"2026-08-12T09:23:36.386Z","level":"info","message":"[ACPEventAdapter] Execution resumed {\"executionId\":\"cb96c30c-a917-4ef5-b6c5-1fd211af3e02\"}","conversationId":"cli_870dd21c-72b9-4a5c-b630-7323d0f0872e_DTAgpaqn","turnId":"cb96c30c-a917-4ef5-b6c5-1fd211af3e02","rootTurnId":"cb96c30c-a917-4ef5-b6c5-1fd211af3e02"}
{"timestamp":"2026-08-12T09:23:36.424Z","level":"info","message":"[AgentIterator] Parallel invoking agent","conversationId":"cli_870dd21c-72b9-4a5c-b630-7323d0f0872e_DTAgpaqn","turnId":"cb96c30c-a917-4ef5-b6c5-1fd211af3e02","rootTurnId":"cb96c30c-a917-4ef5-b6c5-1fd211af3e02"}
{"timestamp":"2026-08-12T09:23:36.424Z","level":"info","message":"[Steering] Populating steering for execution cb96c30c-a917-4ef5-b6c5-1fd211af3e02","conversationId":"cli_870dd21c-72b9-4a5c-b630-7323d0f0872e_DTAgpaqn","turnId":"cb96c30c-a917-4ef5-b6c5-1fd211af3e02","rootTurnId":"cb96c30c-a917-4ef5-b6c5-1fd211af3e02"}
{"timestamp":"2026-08-12T09:23:36.425Z","level":"info","message":"[Steering] ExistingFiles:  in cb96c30c-a917-4ef5-b6c5-1fd211af3e02","conversationId":"cli_870dd21c-72b9-4a5c-b630-7323d0f0872e_DTAgpaqn","turnId":"cb96c30c-a917-4ef5-b6c5-1fd211af3e02","rootTurnId":"cb96c30c-a917-4ef5-b6c5-1fd211af3e02"}
{"timestamp":"2026-08-12T09:23:36.477Z","level":"info","message":"[q-developer-converse] Sending GenerateAssistantResponse modelId=auto agentMode=vibe origin=KIRO_CLI streaming=true conversationId=cli_870dd21c-72b9-4a5c-b630-7323d0f0872e_DTAgpaqn","conversationId":"cli_870dd21c-72b9-4a5c-b630-7323d0f0872e_DTAgpaqn","turnId":"cb96c30c-a917-4ef5-b6c5-1fd211af3e02","rootTurnId":"cb96c30c-a917-4ef5-b6c5-1fd211af3e02"}
{"timestamp":"2026-08-12T09:23:36.482Z","level":"info","message":"[q-developer-converse] Request payload: 796936 chars, 774 history messages, conversationId=cli_870dd21c-72b9-4a5c-b630-7323d0f0872e_DTAgpaqn","conversationId":"cli_870dd21c-72b9-4a5c-b630-7323d0f0872e_DTAgpaqn","turnId":"cb96c30c-a917-4ef5-b6c5-1fd211af3e02","rootTurnId":"cb96c30c-a917-4ef5-b6c5-1fd211af3e02"}
{"timestamp":"2026-08-12T09:23:36.521Z","level":"info","message":"fs.appendMessages.ok {\"system\":\"fs\",\"sessionId\":\"cli_870dd21c-72b9-4a5c-b630-7323d0f0872e_DTAgpaqn\",\"messageCount\":2,\"durationMs\":119}","conversationId":"cli_870dd21c-72b9-4a5c-b630-7323d0f0872e_DTAgpaqn","turnId":"cb96c30c-a917-4ef5-b6c5-1fd211af3e02","rootTurnId":"cb96c30c-a917-4ef5-b6c5-1fd211af3e02"}
{"timestamp":"2026-08-12T09:23:38.251Z","level":"warn","message":"[ActivityLogPublisher] Failed to publish to https://runtime.us-east-1.kiro.dev/agents/activity: 400 — {\"message\":\"Field validation failed\"}"}
{"timestamp":"2026-08-12T09:23:38.252Z","level":"warn","message":"[ActivityLogPublisher] flush failed {\"error\":\"socket hang up\"}"}
{"timestamp":"2026-08-12T09:23:40.632Z","level":"info","message":"[AgentIterator] Synchronizing results","conversationId":"cli_870dd21c-72b9-4a5c-b630-7323d0f0872e_DTAgpaqn","turnId":"cb96c30c-a917-4ef5-b6c5-1fd211af3e02","rootTurnId":"cb96c30c-a917-4ef5-b6c5-1fd211af3e02"}
{"timestamp":"2026-08-12T09:23:40.633Z","level":"info","message":"[AgentIterator] Processing intent detection result","conversationId":"cli_870dd21c-72b9-4a5c-b630-7323d0f0872e_DTAgpaqn","turnId":"cb96c30c-a917-4ef5-b6c5-1fd211af3e02","rootTurnId":"cb96c30c-a917-4ef5-b6c5-1fd211af3e02"}
{"timestamp":"2026-08-12T09:23:40.635Z","level":"info","message":"[ChatAgent] Processing model response stream","conversationId":"cli_870dd21c-72b9-4a5c-b630-7323d0f0872e_DTAgpaqn","turnId":"cb96c30c-a917-4ef5-b6c5-1fd211af3e02","rootTurnId":"cb96c30c-a917-4ef5-b6c5-1fd211af3e02"}
{"timestamp":"2026-08-12T09:23:40.635Z","level":"info","message":"[Steering] Populating steering for execution cb96c30c-a917-4ef5-b6c5-1fd211af3e02","conversationId":"cli_870dd21c-72b9-4a5c-b630-7323d0f0872e_DTAgpaqn","turnId":"cb96c30c-a917-4ef5-b6c5-1fd211af3e02","rootTurnId":"cb96c30c-a917-4ef5-b6c5-1fd211af3e02"}
{"timestamp":"2026-08-12T09:23:40.635Z","level":"info","message":"[Steering] ExistingFiles:  in cb96c30c-a917-4ef5-b6c5-1fd211af3e02","conversationId":"cli_870dd21c-72b9-4a5c-b630-7323d0f0872e_DTAgpaqn","turnId":"cb96c30c-a917-4ef5-b6c5-1fd211af3e02","rootTurnId":"cb96c30c-a917-4ef5-b6c5-1fd211af3e02"}
{"timestamp":"2026-08-12T09:23:40.856Z","level":"info","message":"[ACPEventAdapter] Execution yielded {\"executionId\":\"cb96c30c-a917-4ef5-b6c5-1fd211af3e02\"}","conversationId":"cli_870dd21c-72b9-4a5c-b630-7323d0f0872e_DTAgpaqn","turnId":"cb96c30c-a917-4ef5-b6c5-1fd211af3e02","rootTurnId":"cb96c30c-a917-4ef5-b6c5-1fd211af3e02"}
{"timestamp":"2026-08-12T09:23:40.859Z","level":"info","message":"acp.policy-eval.complete {\"toolId\":\"run_command\",\"effect\":\"allow\",\"capability\":\"shell\"}","conversationId":"cli_870dd21c-72b9-4a5c-b630-7323d0f0872e_DTAgpaqn","turnId":"cb96c30c-a917-4ef5-b6c5-1fd211af3e02","rootTurnId":"cb96c30c-a917-4ef5-b6c5-1fd211af3e02"}
{"timestamp":"2026-08-12T09:23:40.859Z","level":"info","message":"[ACPEventAdapter] Execution resumed {\"executionId\":\"cb96c30c-a917-4ef5-b6c5-1fd211af3e02\"}","conversationId":"cli_870dd21c-72b9-4a5c-b630-7323d0f0872e_DTAgpaqn","turnId":"cb96c30c-a917-4ef5-b6c5-1fd211af3e02","rootTurnId":"cb96c30c-a917-4ef5-b6c5-1fd211af3e02"}
{"timestamp":"2026-08-12T09:23:40.894Z","level":"info","message":"fs.appendMessages.ok {\"system\":\"fs\",\"sessionId\":\"cli_870dd21c-72b9-4a5c-b630-7323d0f0872e_DTAgpaqn\",\"messageCount\":1,\"durationMs\":22}","conversationId":"cli_870dd21c-72b9-4a5c-b630-7323d0f0872e_DTAgpaqn","turnId":"cb96c30c-a917-4ef5-b6c5-1fd211af3e02","rootTurnId":"cb96c30c-a917-4ef5-b6c5-1fd211af3e02"}
{"timestamp":"2026-08-12T09:23:41.221Z","level":"info","message":"[AgentIterator] Parallel invoking agent","conversationId":"cli_870dd21c-72b9-4a5c-b630-7323d0f0872e_DTAgpaqn","turnId":"cb96c30c-a917-4ef5-b6c5-1fd211af3e02","rootTurnId":"cb96c30c-a917-4ef5-b6c5-1fd211af3e02"}
{"timestamp":"2026-08-12T09:23:41.221Z","level":"info","message":"[Steering] Populating steering for execution cb96c30c-a917-4ef5-b6c5-1fd211af3e02","conversationId":"cli_870dd21c-72b9-4a5c-b630-7323d0f0872e_DTAgpaqn","turnId":"cb96c30c-a917-4ef5-b6c5-1fd211af3e02","rootTurnId":"cb96c30c-a917-4ef5-b6c5-1fd211af3e02"}
{"timestamp":"2026-08-12T09:23:41.222Z","level":"info","message":"[Steering] ExistingFiles:  in cb96c30c-a917-4ef5-b6c5-1fd211af3e02","conversationId":"cli_870dd21c-72b9-4a5c-b630-7323d0f0872e_DTAgpaqn","turnId":"cb96c30c-a917-4ef5-b6c5-1fd211af3e02","rootTurnId":"cb96c30c-a917-4ef5-b6c5-1fd211af3e02"}
{"timestamp":"2026-08-12T09:23:41.286Z","level":"info","message":"[q-developer-converse] Sending GenerateAssistantResponse modelId=auto agentMode=vibe origin=KIRO_CLI streaming=true conversationId=cli_870dd21c-72b9-4a5c-b630-7323d0f0872e_DTAgpaqn","conversationId":"cli_870dd21c-72b9-4a5c-b630-7323d0f0872e_DTAgpaqn","turnId":"cb96c30c-a917-4ef5-b6c5-1fd211af3e02","rootTurnId":"cb96c30c-a917-4ef5-b6c5-1fd211af3e02"}
{"timestamp":"2026-08-12T09:23:41.295Z","level":"info","message":"[q-developer-converse] Request payload: 815321 chars, 776 history messages, conversationId=cli_870dd21c-72b9-4a5c-b630-7323d0f0872e_DTAgpaqn","conversationId":"cli_870dd21c-72b9-4a5c-b630-7323d0f0872e_DTAgpaqn","turnId":"cb96c30c-a917-4ef5-b6c5-1fd211af3e02","rootTurnId":"cb96c30c-a917-4ef5-b6c5-1fd211af3e02"}
{"timestamp":"2026-08-12T09:23:41.338Z","level":"warn","message":"[ActivityLogPublisher] Failed to publish to https://runtime.us-east-1.kiro.dev/agents/activity: 400 — {\"message\":\"Field validation failed\"}"}
{"timestamp":"2026-08-12T09:23:41.343Z","level":"warn","message":"[ActivityLogPublisher] flush failed {\"error\":\"socket hang up\"}"}
{"timestamp":"2026-08-12T09:23:41.348Z","level":"info","message":"fs.appendMessages.ok {\"system\":\"fs\",\"sessionId\":\"cli_870dd21c-72b9-4a5c-b630-7323d0f0872e_DTAgpaqn\",\"messageCount\":2,\"durationMs\":159}","conversationId":"cli_870dd21c-72b9-4a5c-b630-7323d0f0872e_DTAgpaqn","turnId":"cb96c30c-a917-4ef5-b6c5-1fd211af3e02","rootTurnId":"cb96c30c-a917-4ef5-b6c5-1fd211af3e02"}
{"timestamp":"2026-08-12T09:23:44.226Z","level":"warn","message":"[ActivityLogPublisher] Failed to publish to https://runtime.us-east-1.kiro.dev/agents/activity: 400 — {\"message\":\"Field validation failed\"}"}
{"timestamp":"2026-08-12T09:23:44.227Z","level":"warn","message":"[ActivityLogPublisher] flush failed {\"error\":\"socket hang up\"}"}
{"timestamp":"2026-08-12T09:23:46.740Z","level":"info","message":"[AgentIterator] Synchronizing results","conversationId":"cli_870dd21c-72b9-4a5c-b630-7323d0f0872e_DTAgpaqn","turnId":"cb96c30c-a917-4ef5-b6c5-1fd211af3e02","rootTurnId":"cb96c30c-a917-4ef5-b6c5-1fd211af3e02"}
{"timestamp":"2026-08-12T09:23:46.740Z","level":"info","message":"[AgentIterator] Processing intent detection result","conversationId":"cli_870dd21c-72b9-4a5c-b630-7323d0f0872e_DTAgpaqn","turnId":"cb96c30c-a917-4ef5-b6c5-1fd211af3e02","rootTurnId":"cb96c30c-a917-4ef5-b6c5-1fd211af3e02"}
{"timestamp":"2026-08-12T09:23:46.742Z","level":"info","message":"[ChatAgent] Processing model response stream","conversationId":"cli_870dd21c-72b9-4a5c-b630-7323d0f0872e_DTAgpaqn","turnId":"cb96c30c-a917-4ef5-b6c5-1fd211af3e02","rootTurnId":"cb96c30c-a917-4ef5-b6c5-1fd211af3e02"}
{"timestamp":"2026-08-12T09:23:46.742Z","level":"info","message":"[Steering] Populating steering for execution cb96c30c-a917-4ef5-b6c5-1fd211af3e02","conversationId":"cli_870dd21c-72b9-4a5c-b630-7323d0f0872e_DTAgpaqn","turnId":"cb96c30c-a917-4ef5-b6c5-1fd211af3e02","rootTurnId":"cb96c30c-a917-4ef5-b6c5-1fd211af3e02"}
{"timestamp":"2026-08-12T09:23:46.742Z","level":"info","message":"[Steering] ExistingFiles:  in cb96c30c-a917-4ef5-b6c5-1fd211af3e02","conversationId":"cli_870dd21c-72b9-4a5c-b630-7323d0f0872e_DTAgpaqn","turnId":"cb96c30c-a917-4ef5-b6c5-1fd211af3e02","rootTurnId":"cb96c30c-a917-4ef5-b6c5-1fd211af3e02"}
{"timestamp":"2026-08-12T09:23:46.834Z","level":"info","message":"fs.appendMessages.ok {\"system\":\"fs\",\"sessionId\":\"cli_870dd21c-72b9-4a5c-b630-7323d0f0872e_DTAgpaqn\",\"messageCount\":1,\"durationMs\":5}","conversationId":"cli_870dd21c-72b9-4a5c-b630-7323d0f0872e_DTAgpaqn","turnId":"cb96c30c-a917-4ef5-b6c5-1fd211af3e02","rootTurnId":"cb96c30c-a917-4ef5-b6c5-1fd211af3e02"}
{"timestamp":"2026-08-12T09:23:47.420Z","level":"warn","message":"[ActivityLogPublisher] Failed to publish to https://runtime.us-east-1.kiro.dev/agents/activity: 400 — {\"message\":\"Field validation failed\"}"}
{"timestamp":"2026-08-12T09:23:47.421Z","level":"warn","message":"[ActivityLogPublisher] flush failed {\"error\":\"socket hang up\"}"}
{"timestamp":"2026-08-12T09:23:47.478Z","level":"info","message":"[ACPEventAdapter] Execution yielded {\"executionId\":\"cb96c30c-a917-4ef5-b6c5-1fd211af3e02\"}","conversationId":"cli_870dd21c-72b9-4a5c-b630-7323d0f0872e_DTAgpaqn","turnId":"cb96c30c-a917-4ef5-b6c5-1fd211af3e02","rootTurnId":"cb96c30c-a917-4ef5-b6c5-1fd211af3e02"}
{"timestamp":"2026-08-12T09:23:47.483Z","level":"info","message":"acp.policy-eval.complete {\"toolId\":\"run_command\",\"effect\":\"allow\",\"capability\":\"shell\"}","conversationId":"cli_870dd21c-72b9-4a5c-b630-7323d0f0872e_DTAgpaqn","turnId":"cb96c30c-a917-4ef5-b6c5-1fd211af3e02","rootTurnId":"cb96c30c-a917-4ef5-b6c5-1fd211af3e02"}
{"timestamp":"2026-08-12T09:23:47.483Z","level":"info","message":"[ACPEventAdapter] Execution resumed {\"executionId\":\"cb96c30c-a917-4ef5-b6c5-1fd211af3e02\"}","conversationId":"cli_870dd21c-72b9-4a5c-b630-7323d0f0872e_DTAgpaqn","turnId":"cb96c30c-a917-4ef5-b6c5-1fd211af3e02","rootTurnId":"cb96c30c-a917-4ef5-b6c5-1fd211af3e02"}
{"timestamp":"2026-08-12T09:23:47.528Z","level":"info","message":"[AgentIterator] Parallel invoking agent","conversationId":"cli_870dd21c-72b9-4a5c-b630-7323d0f0872e_DTAgpaqn","turnId":"cb96c30c-a917-4ef5-b6c5-1fd211af3e02","rootTurnId":"cb96c30c-a917-4ef5-b6c5-1fd211af3e02"}
{"timestamp":"2026-08-12T09:23:47.528Z","level":"info","message":"[Steering] Populating steering for execution cb96c30c-a917-4ef5-b6c5-1fd211af3e02","conversationId":"cli_870dd21c-72b9-4a5c-b630-7323d0f0872e_DTAgpaqn","turnId":"cb96c30c-a917-4ef5-b6c5-1fd211af3e02","rootTurnId":"cb96c30c-a917-4ef5-b6c5-1fd211af3e02"}
{"timestamp":"2026-08-12T09:23:47.529Z","level":"info","message":"[Steering] ExistingFiles:  in cb96c30c-a917-4ef5-b6c5-1fd211af3e02","conversationId":"cli_870dd21c-72b9-4a5c-b630-7323d0f0872e_DTAgpaqn","turnId":"cb96c30c-a917-4ef5-b6c5-1fd211af3e02","rootTurnId":"cb96c30c-a917-4ef5-b6c5-1fd211af3e02"}
{"timestamp":"2026-08-12T09:23:47.615Z","level":"info","message":"[q-developer-converse] Sending GenerateAssistantResponse modelId=auto agentMode=vibe origin=KIRO_CLI streaming=true conversationId=cli_870dd21c-72b9-4a5c-b630-7323d0f0872e_DTAgpaqn","conversationId":"cli_870dd21c-72b9-4a5c-b630-7323d0f0872e_DTAgpaqn","turnId":"cb96c30c-a917-4ef5-b6c5-1fd211af3e02","rootTurnId":"cb96c30c-a917-4ef5-b6c5-1fd211af3e02"}
{"timestamp":"2026-08-12T09:23:47.625Z","level":"info","message":"[q-developer-converse] Request payload: 815912 chars, 778 history messages, conversationId=cli_870dd21c-72b9-4a5c-b630-7323d0f0872e_DTAgpaqn","conversationId":"cli_870dd21c-72b9-4a5c-b630-7323d0f0872e_DTAgpaqn","turnId":"cb96c30c-a917-4ef5-b6c5-1fd211af3e02","rootTurnId":"cb96c30c-a917-4ef5-b6c5-1fd211af3e02"}
{"timestamp":"2026-08-12T09:23:47.668Z","level":"info","message":"fs.appendMessages.ok {\"system\":\"fs\",\"sessionId\":\"cli_870dd21c-72b9-4a5c-b630-7323d0f0872e_DTAgpaqn\",\"messageCount\":1,\"durationMs\":174}","conversationId":"cli_870dd21c-72b9-4a5c-b630-7323d0f0872e_DTAgpaqn","turnId":"cb96c30c-a917-4ef5-b6c5-1fd211af3e02","rootTurnId":"cb96c30c-a917-4ef5-b6c5-1fd211af3e02"}
{"timestamp":"2026-08-12T09:23:47.678Z","level":"info","message":"fs.appendMessages.ok {\"system\":\"fs\",\"sessionId\":\"cli_870dd21c-72b9-4a5c-b630-7323d0f0872e_DTAgpaqn\",\"messageCount\":2,\"durationMs\":9}","conversationId":"cli_870dd21c-72b9-4a5c-b630-7323d0f0872e_DTAgpaqn","turnId":"cb96c30c-a917-4ef5-b6c5-1fd211af3e02","rootTurnId":"cb96c30c-a917-4ef5-b6c5-1fd211af3e02"}
{"timestamp":"2026-08-12T09:23:53.415Z","level":"warn","message":"[ActivityLogPublisher] Failed to publish to https://runtime.us-east-1.kiro.dev/agents/activity: 400 — {\"message\":\"Field validation failed\"}"}
{"timestamp":"2026-08-12T09:23:53.416Z","level":"warn","message":"[ActivityLogPublisher] flush failed {\"error\":\"socket hang up\"}"}
{"timestamp":"2026-08-12T09:23:56.161Z","level":"info","message":"[AgentIterator] Synchronizing results","conversationId":"cli_870dd21c-72b9-4a5c-b630-7323d0f0872e_DTAgpaqn","turnId":"cb96c30c-a917-4ef5-b6c5-1fd211af3e02","rootTurnId":"cb96c30c-a917-4ef5-b6c5-1fd211af3e02"}
{"timestamp":"2026-08-12T09:23:56.161Z","level":"info","message":"[AgentIterator] Processing intent detection result","conversationId":"cli_870dd21c-72b9-4a5c-b630-7323d0f0872e_DTAgpaqn","turnId":"cb96c30c-a917-4ef5-b6c5-1fd211af3e02","rootTurnId":"cb96c30c-a917-4ef5-b6c5-1fd211af3e02"}
{"timestamp":"2026-08-12T09:23:56.162Z","level":"info","message":"[ChatAgent] Processing model response stream","conversationId":"cli_870dd21c-72b9-4a5c-b630-7323d0f0872e_DTAgpaqn","turnId":"cb96c30c-a917-4ef5-b6c5-1fd211af3e02","rootTurnId":"cb96c30c-a917-4ef5-b6c5-1fd211af3e02"}
{"timestamp":"2026-08-12T09:23:56.162Z","level":"info","message":"[Steering] Populating steering for execution cb96c30c-a917-4ef5-b6c5-1fd211af3e02","conversationId":"cli_870dd21c-72b9-4a5c-b630-7323d0f0872e_DTAgpaqn","turnId":"cb96c30c-a917-4ef5-b6c5-1fd211af3e02","rootTurnId":"cb96c30c-a917-4ef5-b6c5-1fd211af3e02"}
{"timestamp":"2026-08-12T09:23:56.162Z","level":"info","message":"[Steering] ExistingFiles:  in cb96c30c-a917-4ef5-b6c5-1fd211af3e02","conversationId":"cli_870dd21c-72b9-4a5c-b630-7323d0f0872e_DTAgpaqn","turnId":"cb96c30c-a917-4ef5-b6c5-1fd211af3e02","rootTurnId":"cb96c30c-a917-4ef5-b6c5-1fd211af3e02"}
{"timestamp":"2026-08-12T09:23:56.183Z","level":"info","message":"fs.appendMessages.ok {\"system\":\"fs\",\"sessionId\":\"cli_870dd21c-72b9-4a5c-b630-7323d0f0872e_DTAgpaqn\",\"messageCount\":1,\"durationMs\":4}","conversationId":"cli_870dd21c-72b9-4a5c-b630-7323d0f0872e_DTAgpaqn","turnId":"cb96c30c-a917-4ef5-b6c5-1fd211af3e02","rootTurnId":"cb96c30c-a917-4ef5-b6c5-1fd211af3e02"}
{"timestamp":"2026-08-12T09:23:56.339Z","level":"info","message":"[ACPEventAdapter] Execution yielded {\"executionId\":\"cb96c30c-a917-4ef5-b6c5-1fd211af3e02\"}","conversationId":"cli_870dd21c-72b9-4a5c-b630-7323d0f0872e_DTAgpaqn","turnId":"cb96c30c-a917-4ef5-b6c5-1fd211af3e02","rootTurnId":"cb96c30c-a917-4ef5-b6c5-1fd211af3e02"}
{"timestamp":"2026-08-12T09:23:56.342Z","level":"info","message":"acp.policy-eval.complete {\"toolId\":\"run_command\",\"effect\":\"allow\",\"capability\":\"shell\"}","conversationId":"cli_870dd21c-72b9-4a5c-b630-7323d0f0872e_DTAgpaqn","turnId":"cb96c30c-a917-4ef5-b6c5-1fd211af3e02","rootTurnId":"cb96c30c-a917-4ef5-b6c5-1fd211af3e02"}
{"timestamp":"2026-08-12T09:23:56.342Z","level":"info","message":"[ACPEventAdapter] Execution resumed {\"executionId\":\"cb96c30c-a917-4ef5-b6c5-1fd211af3e02\"}","conversationId":"cli_870dd21c-72b9-4a5c-b630-7323d0f0872e_DTAgpaqn","turnId":"cb96c30c-a917-4ef5-b6c5-1fd211af3e02","rootTurnId":"cb96c30c-a917-4ef5-b6c5-1fd211af3e02"}
{"timestamp":"2026-08-12T09:23:56.363Z","level":"info","message":"fs.appendMessages.ok {\"system\":\"fs\",\"sessionId\":\"cli_870dd21c-72b9-4a5c-b630-7323d0f0872e_DTAgpaqn\",\"messageCount\":1,\"durationMs\":11}","conversationId":"cli_870dd21c-72b9-4a5c-b630-7323d0f0872e_DTAgpaqn","turnId":"cb96c30c-a917-4ef5-b6c5-1fd211af3e02","rootTurnId":"cb96c30c-a917-4ef5-b6c5-1fd211af3e02"}
{"timestamp":"2026-08-12T09:23:56.437Z","level":"warn","message":"[ActivityLogPublisher] Failed to publish to https://runtime.us-east-1.kiro.dev/agents/activity: 400 — {\"message\":\"Field validation failed\"}"}
{"timestamp":"2026-08-12T09:23:56.437Z","level":"warn","message":"[ActivityLogPublisher] flush failed {\"error\":\"socket hang up\"}"}
{"timestamp":"2026-08-12T09:23:59.460Z","level":"warn","message":"[ActivityLogPublisher] Failed to publish to https://runtime.us-east-1.kiro.dev/agents/activity: 400 — {\"message\":\"Field validation failed\"}"}
{"timestamp":"2026-08-12T09:23:59.461Z","level":"warn","message":"[ActivityLogPublisher] flush failed {\"error\":\"socket hang up\"}"}
{"timestamp":"2026-08-12T09:24:02.434Z","level":"warn","message":"[ActivityLogPublisher] Failed to publish to https://runtime.us-east-1.kiro.dev/agents/activity: 400 — {\"message\":\"Field validation failed\"}"}
{"timestamp":"2026-08-12T09:24:02.435Z","level":"warn","message":"[ActivityLogPublisher] flush failed {\"error\":\"socket hang up\"}"}
{"timestamp":"2026-08-12T09:24:05.452Z","level":"warn","message":"[ActivityLogPublisher] Failed to publish to https://runtime.us-east-1.kiro.dev/agents/activity: 400 — {\"message\":\"Field validation failed\"}"}
{"timestamp":"2026-08-12T09:24:05.453Z","level":"warn","message":"[ActivityLogPublisher] flush failed {\"error\":\"socket hang up\"}"}
{"timestamp":"2026-08-12T09:24:08.448Z","level":"warn","message":"[ActivityLogPublisher] Failed to publish to https://runtime.us-east-1.kiro.dev/agents/activity: 400 — {\"message\":\"Field validation failed\"}"}
{"timestamp":"2026-08-12T09:24:08.449Z","level":"warn","message":"[ActivityLogPublisher] flush failed {\"error\":\"socket hang up\"}"}
{"timestamp":"2026-08-12T09:24:11.363Z","level":"warn","message":"[ActivityLogPublisher] Failed to publish to https://runtime.us-east-1.kiro.dev/agents/activity: 400 — {\"message\":\"Field validation failed\"}"}
{"timestamp":"2026-08-12T09:24:11.364Z","level":"warn","message":"[ActivityLogPublisher] flush failed {\"error\":\"socket hang up\"}"}
{"timestamp":"2026-08-12T09:24:14.424Z","level":"warn","message":"[ActivityLogPublisher] Failed to publish to https://runtime.us-east-1.kiro.dev/agents/activity: 400 — {\"message\":\"Field validation failed\"}"}
{"timestamp":"2026-08-12T09:24:14.426Z","level":"warn","message":"[ActivityLogPublisher] flush failed {\"error\":\"socket hang up\"}"}
{"timestamp":"2026-08-12T09:24:17.433Z","level":"warn","message":"[ActivityLogPublisher] Failed to publish to https://runtime.us-east-1.kiro.dev/agents/activity: 400 — {\"message\":\"Field validation failed\"}"}
{"timestamp":"2026-08-12T09:24:17.433Z","level":"warn","message":"[ActivityLogPublisher] flush failed {\"error\":\"socket hang up\"}"}
{"timestamp":"2026-08-12T09:24:20.430Z","level":"warn","message":"[ActivityLogPublisher] Failed to publish to https://runtime.us-east-1.kiro.dev/agents/activity: 400 — {\"message\":\"Field validation failed\"}"}
{"timestamp":"2026-08-12T09:24:20.431Z","level":"warn","message":"[ActivityLogPublisher] flush failed {\"error\":\"socket hang up\"}"}
{"timestamp":"2026-08-12T09:24:23.529Z","level":"warn","message":"[ActivityLogPublisher] Failed to publish to https://runtime.us-east-1.kiro.dev/agents/activity: 400 — {\"message\":\"Field validation failed\"}"}
{"timestamp":"2026-08-12T09:24:23.530Z","level":"warn","message":"[ActivityLogPublisher] flush failed {\"error\":\"socket hang up\"}"}
{"timestamp":"2026-08-12T09:24:29.523Z","level":"warn","message":"[ActivityLogPublisher] Failed to publish to https://runtime.us-east-1.kiro.dev/agents/activity: 400 — {\"message\":\"Field validation failed\"}"}
{"timestamp":"2026-08-12T09:24:29.524Z","level":"warn","message":"[ActivityLogPublisher] flush failed {\"error\":\"socket hang up\"}"}
{"timestamp":"2026-08-12T09:24:32.665Z","level":"warn","message":"[ActivityLogPublisher] Failed to publish to https://runtime.us-east-1.kiro.dev/agents/activity: 400 — {\"message\":\"Field validation failed\"}"}
{"timestamp":"2026-08-12T09:24:32.666Z","level":"warn","message":"[ActivityLogPublisher] flush failed {\"error\":\"socket hang up\"}"}
{"timestamp":"2026-08-12T09:24:35.684Z","level":"warn","message":"[ActivityLogPublisher] Failed to publish to https://runtime.us-east-1.kiro.dev/agents/activity: 400 — {\"message\":\"Field validation failed\"}"}
{"timestamp":"2026-08-12T09:24:35.685Z","level":"warn","message":"[ActivityLogPublisher] flush failed {\"error\":\"socket hang up\"}"}
{"timestamp":"2026-08-12T09:24:38.657Z","level":"warn","message":"[ActivityLogPublisher] Failed to publish to https://runtime.us-east-1.kiro.dev/agents/activity: 400 — {\"message\":\"Field validation failed\"}"}
{"timestamp":"2026-08-12T09:24:38.658Z","level":"warn","message":"[ActivityLogPublisher] flush failed {\"error\":\"socket hang up\"}"}
{"timestamp":"2026-08-12T09:24:41.511Z","level":"warn","message":"[ActivityLogPublisher] Failed to publish to https://runtime.us-east-1.kiro.dev/agents/activity: 400 — {\"message\":\"Field validation failed\"}"}
{"timestamp":"2026-08-12T09:24:41.512Z","level":"warn","message":"[ActivityLogPublisher] flush failed {\"error\":\"socket hang up\"}"}
{"timestamp":"2026-08-12T09:24:44.685Z","level":"warn","message":"[ActivityLogPublisher] Failed to publish to https://runtime.us-east-1.kiro.dev/agents/activity: 400 — {\"message\":\"Field validation failed\"}"}
{"timestamp":"2026-08-12T09:24:44.686Z","level":"warn","message":"[ActivityLogPublisher] flush failed {\"error\":\"socket hang up\"}"}
{"timestamp":"2026-08-12T09:24:47.630Z","level":"warn","message":"[ActivityLogPublisher] Failed to publish to https://runtime.us-east-1.kiro.dev/agents/activity: 400 — {\"message\":\"Field validation failed\"}"}
{"timestamp":"2026-08-12T09:24:47.631Z","level":"warn","message":"[ActivityLogPublisher] flush failed {\"error\":\"socket hang up\"}"}
{"timestamp":"2026-08-12T09:24:50.675Z","level":"warn","message":"[ActivityLogPublisher] Failed to publish to https://runtime.us-east-1.kiro.dev/agents/activity: 400 — {\"message\":\"Field validation failed\"}"}
{"timestamp":"2026-08-12T09:24:50.676Z","level":"warn","message":"[ActivityLogPublisher] flush failed {\"error\":\"socket hang up\"}"}
{"timestamp":"2026-08-12T09:24:53.680Z","level":"warn","message":"[ActivityLogPublisher] Failed to publish to https://runtime.us-east-1.kiro.dev/agents/activity: 400 — {\"message\":\"Field validation failed\"}"}
{"timestamp":"2026-08-12T09:24:53.681Z","level":"warn","message":"[ActivityLogPublisher] flush failed {\"error\":\"socket hang up\"}"}
{"timestamp":"2026-08-12T09:24:56.676Z","level":"warn","message":"[ActivityLogPublisher] Failed to publish to https://runtime.us-east-1.kiro.dev/agents/activity: 400 — {\"message\":\"Field validation failed\"}"}
{"timestamp":"2026-08-12T09:24:56.677Z","level":"warn","message":"[ActivityLogPublisher] flush failed {\"error\":\"socket hang up\"}"}
{"timestamp":"2026-08-12T09:24:59.662Z","level":"warn","message":"[ActivityLogPublisher] Failed to publish to https://runtime.us-east-1.kiro.dev/agents/activity: 400 — {\"message\":\"Field validation failed\"}"}
{"timestamp":"2026-08-12T09:24:59.663Z","level":"warn","message":"[ActivityLogPublisher] flush failed {\"error\":\"socket hang up\"}"}
{"timestamp":"2026-08-12T09:25:05.978Z","level":"warn","message":"[ActivityLogPublisher] Failed to publish to https://runtime.us-east-1.kiro.dev/agents/activity: 400 — {\"message\":\"Field validation failed\"}"}
{"timestamp":"2026-08-12T09:25:05.979Z","level":"warn","message":"[ActivityLogPublisher] flush failed {\"error\":\"socket hang up\"}"}
{"timestamp":"2026-08-12T09:25:08.982Z","level":"warn","message":"[ActivityLogPublisher] Failed to publish to https://runtime.us-east-1.kiro.dev/agents/activity: 400 — {\"message\":\"Field validation failed\"}"}
{"timestamp":"2026-08-12T09:25:08.983Z","level":"warn","message":"[ActivityLogPublisher] flush failed {\"error\":\"socket hang up\"}"}
{"timestamp":"2026-08-12T09:25:12.096Z","level":"warn","message":"[ActivityLogPublisher] Failed to publish to https://runtime.us-east-1.kiro.dev/agents/activity: 400 — {\"message\":\"Field validation failed\"}"}
{"timestamp":"2026-08-12T09:25:12.098Z","level":"warn","message":"[ActivityLogPublisher] flush failed {\"error\":\"socket hang up\"}"}
{"timestamp":"2026-08-12T09:25:14.998Z","level":"warn","message":"[ActivityLogPublisher] Failed to publish to https://runtime.us-east-1.kiro.dev/agents/activity: 400 — {\"message\":\"Field validation failed\"}"}
{"timestamp":"2026-08-12T09:25:14.999Z","level":"warn","message":"[ActivityLogPublisher] flush failed {\"error\":\"socket hang up\"}"}
{"timestamp":"2026-08-12T09:25:17.656Z","level":"warn","message":"[ActivityLogPublisher] Failed to publish to https://runtime.us-east-1.kiro.dev/agents/activity: 400 — {\"message\":\"Field validation failed\"}"}
{"timestamp":"2026-08-12T09:25:17.656Z","level":"warn","message":"[ActivityLogPublisher] flush failed {\"error\":\"socket hang up\"}"}
{"timestamp":"2026-08-12T09:25:20.957Z","level":"warn","message":"[ActivityLogPublisher] Failed to publish to https://runtime.us-east-1.kiro.dev/agents/activity: 400 — {\"message\":\"Field validation failed\"}"}
{"timestamp":"2026-08-12T09:25:20.958Z","level":"warn","message":"[ActivityLogPublisher] flush failed {\"error\":\"socket hang up\"}"}
{"timestamp":"2026-08-12T09:25:24.398Z","level":"warn","message":"[ActivityLogPublisher] Failed to publish to https://runtime.us-east-1.kiro.dev/agents/activity: 400 — {\"message\":\"Field validation failed\"}"}
{"timestamp":"2026-08-12T09:25:24.399Z","level":"warn","message":"[ActivityLogPublisher] flush failed {\"error\":\"socket hang up\"}"}
{"timestamp":"2026-08-12T09:25:26.966Z","level":"warn","message":"[ActivityLogPublisher] Failed to publish to https://runtime.us-east-1.kiro.dev/agents/activity: 400 — {\"message\":\"Field validation failed\"}"}
{"timestamp":"2026-08-12T09:25:26.967Z","level":"warn","message":"[ActivityLogPublisher] flush failed {\"error\":\"socket hang up\"}"}
{"timestamp":"2026-08-12T09:25:30.388Z","level":"warn","message":"[ActivityLogPublisher] Failed to publish to https://runtime.us-east-1.kiro.dev/agents/activity: 400 — {\"message\":\"Field validation failed\"}"}
{"timestamp":"2026-08-12T09:25:30.389Z","level":"warn","message":"[ActivityLogPublisher] flush failed {\"error\":\"socket hang up\"}"}
{"timestamp":"2026-08-12T09:25:32.951Z","level":"warn","message":"[ActivityLogPublisher] Failed to publish to https://runtime.us-east-1.kiro.dev/agents/activity: 400 — {\"message\":\"Field validation failed\"}"}
{"timestamp":"2026-08-12T09:25:32.952Z","level":"warn","message":"[ActivityLogPublisher] flush failed {\"error\":\"socket hang up\"}"}
{"timestamp":"2026-08-12T09:25:38.757Z","level":"warn","message":"[ActivityLogPublisher] Failed to publish to https://runtime.us-east-1.kiro.dev/agents/activity: 400 — {\"message\":\"Field validation failed\"}"}
{"timestamp":"2026-08-12T09:25:38.758Z","level":"warn","message":"[ActivityLogPublisher] flush failed {\"error\":\"socket hang up\"}"}
{"timestamp":"2026-08-12T09:25:41.746Z","level":"warn","message":"[ActivityLogPublisher] Failed to publish to https://runtime.us-east-1.kiro.dev/agents/activity: 400 — {\"message\":\"Field validation failed\"}"}
{"timestamp":"2026-08-12T09:25:41.747Z","level":"warn","message":"[ActivityLogPublisher] flush failed {\"error\":\"socket hang up\"}"}
{"timestamp":"2026-08-12T09:25:45.180Z","level":"warn","message":"[ActivityLogPublisher] Failed to publish to https://runtime.us-east-1.kiro.dev/agents/activity: 400 — {\"message\":\"Field validation failed\"}"}
{"timestamp":"2026-08-12T09:25:45.180Z","level":"warn","message":"[ActivityLogPublisher] flush failed {\"error\":\"socket hang up\"}"}
{"timestamp":"2026-08-12T09:25:47.770Z","level":"warn","message":"[ActivityLogPublisher] Failed to publish to https://runtime.us-east-1.kiro.dev/agents/activity: 400 — {\"message\":\"Field validation failed\"}"}
{"timestamp":"2026-08-12T09:25:47.770Z","level":"warn","message":"[ActivityLogPublisher] flush failed {\"error\":\"socket hang up\"}"}
{"timestamp":"2026-08-12T09:25:50.737Z","level":"warn","message":"[ActivityLogPublisher] Failed to publish to https://runtime.us-east-1.kiro.dev/agents/activity: 400 — {\"message\":\"Field validation failed\"}"}
{"timestamp":"2026-08-12T09:25:50.738Z","level":"warn","message":"[ActivityLogPublisher] flush failed {\"error\":\"socket hang up\"}"}
{"timestamp":"2026-08-12T09:25:53.770Z","level":"warn","message":"[ActivityLogPublisher] Failed to publish to https://runtime.us-east-1.kiro.dev/agents/activity: 400 — {\"message\":\"Field validation failed\"}"}
{"timestamp":"2026-08-12T09:25:53.771Z","level":"warn","message":"[ActivityLogPublisher] flush failed {\"error\":\"socket hang up\"}"}
{"timestamp":"2026-08-12T09:25:56.769Z","level":"warn","message":"[ActivityLogPublisher] Failed to publish to https://runtime.us-east-1.kiro.dev/agents/activity: 400 — {\"message\":\"Field validation failed\"}"}
{"timestamp":"2026-08-12T09:25:56.769Z","level":"warn","message":"[ActivityLogPublisher] flush failed {\"error\":\"socket hang up\"}"}
{"timestamp":"2026-08-12T09:25:59.734Z","level":"warn","message":"[ActivityLogPublisher] Failed to publish to https://runtime.us-east-1.kiro.dev/agents/activity: 400 — {\"message\":\"Field validation failed\"}"}
{"timestamp":"2026-08-12T09:25:59.735Z","level":"warn","message":"[ActivityLogPublisher] flush failed {\"error\":\"socket hang up\"}"}
{"timestamp":"2026-08-12T09:26:02.784Z","level":"warn","message":"[ActivityLogPublisher] Failed to publish to https://runtime.us-east-1.kiro.dev/agents/activity: 400 — {\"message\":\"Field validation failed\"}"}
{"timestamp":"2026-08-12T09:26:02.785Z","level":"warn","message":"[ActivityLogPublisher] flush failed {\"error\":\"socket hang up\"}"}
{"timestamp":"2026-08-12T09:26:05.674Z","level":"info","message":"[AgentIterator] Parallel invoking agent","conversationId":"cli_870dd21c-72b9-4a5c-b630-7323d0f0872e_DTAgpaqn","turnId":"cb96c30c-a917-4ef5-b6c5-1fd211af3e02","rootTurnId":"cb96c30c-a917-4ef5-b6c5-1fd211af3e02"}
{"timestamp":"2026-08-12T09:26:05.674Z","level":"info","message":"[Steering] Populating steering for execution cb96c30c-a917-4ef5-b6c5-1fd211af3e02","conversationId":"cli_870dd21c-72b9-4a5c-b630-7323d0f0872e_DTAgpaqn","turnId":"cb96c30c-a917-4ef5-b6c5-1fd211af3e02","rootTurnId":"cb96c30c-a917-4ef5-b6c5-1fd211af3e02"}
{"timestamp":"2026-08-12T09:26:05.674Z","level":"info","message":"[Steering] ExistingFiles:  in cb96c30c-a917-4ef5-b6c5-1fd211af3e02","conversationId":"cli_870dd21c-72b9-4a5c-b630-7323d0f0872e_DTAgpaqn","turnId":"cb96c30c-a917-4ef5-b6c5-1fd211af3e02","rootTurnId":"cb96c30c-a917-4ef5-b6c5-1fd211af3e02"}
{"timestamp":"2026-08-12T09:26:05.724Z","level":"info","message":"[q-developer-converse] Sending GenerateAssistantResponse modelId=auto agentMode=vibe origin=KIRO_CLI streaming=true conversationId=cli_870dd21c-72b9-4a5c-b630-7323d0f0872e_DTAgpaqn","conversationId":"cli_870dd21c-72b9-4a5c-b630-7323d0f0872e_DTAgpaqn","turnId":"cb96c30c-a917-4ef5-b6c5-1fd211af3e02","rootTurnId":"cb96c30c-a917-4ef5-b6c5-1fd211af3e02"}
{"timestamp":"2026-08-12T09:26:05.731Z","level":"info","message":"[q-developer-converse] Request payload: 818907 chars, 780 history messages, conversationId=cli_870dd21c-72b9-4a5c-b630-7323d0f0872e_DTAgpaqn","conversationId":"cli_870dd21c-72b9-4a5c-b630-7323d0f0872e_DTAgpaqn","turnId":"cb96c30c-a917-4ef5-b6c5-1fd211af3e02","rootTurnId":"cb96c30c-a917-4ef5-b6c5-1fd211af3e02"}
{"timestamp":"2026-08-12T09:26:05.780Z","level":"warn","message":"[ActivityLogPublisher] Failed to publish to https://runtime.us-east-1.kiro.dev/agents/activity: 400 — {\"message\":\"Field validation failed\"}"}
{"timestamp":"2026-08-12T09:26:05.782Z","level":"warn","message":"[ActivityLogPublisher] flush failed {\"error\":\"socket hang up\"}"}
{"timestamp":"2026-08-12T09:26:05.786Z","level":"info","message":"fs.appendMessages.ok {\"system\":\"fs\",\"sessionId\":\"cli_870dd21c-72b9-4a5c-b630-7323d0f0872e_DTAgpaqn\",\"messageCount\":2,\"durationMs\":132}","conversationId":"cli_870dd21c-72b9-4a5c-b630-7323d0f0872e_DTAgpaqn","turnId":"cb96c30c-a917-4ef5-b6c5-1fd211af3e02","rootTurnId":"cb96c30c-a917-4ef5-b6c5-1fd211af3e02"}
{"timestamp":"2026-08-12T09:26:09.232Z","level":"warn","message":"[ActivityLogPublisher] Failed to publish to https://runtime.us-east-1.kiro.dev/agents/activity: 400 — {\"message\":\"Field validation failed\"}"}
{"timestamp":"2026-08-12T09:26:09.233Z","level":"warn","message":"[ActivityLogPublisher] flush failed {\"error\":\"socket hang up\"}"}
{"timestamp":"2026-08-12T09:26:10.077Z","level":"info","message":"[AgentIterator] Synchronizing results","conversationId":"cli_870dd21c-72b9-4a5c-b630-7323d0f0872e_DTAgpaqn","turnId":"cb96c30c-a917-4ef5-b6c5-1fd211af3e02","rootTurnId":"cb96c30c-a917-4ef5-b6c5-1fd211af3e02"}
{"timestamp":"2026-08-12T09:26:10.077Z","level":"info","message":"[AgentIterator] Processing intent detection result","conversationId":"cli_870dd21c-72b9-4a5c-b630-7323d0f0872e_DTAgpaqn","turnId":"cb96c30c-a917-4ef5-b6c5-1fd211af3e02","rootTurnId":"cb96c30c-a917-4ef5-b6c5-1fd211af3e02"}
{"timestamp":"2026-08-12T09:26:10.078Z","level":"info","message":"[ChatAgent] Processing model response stream","conversationId":"cli_870dd21c-72b9-4a5c-b630-7323d0f0872e_DTAgpaqn","turnId":"cb96c30c-a917-4ef5-b6c5-1fd211af3e02","rootTurnId":"cb96c30c-a917-4ef5-b6c5-1fd211af3e02"}
{"timestamp":"2026-08-12T09:26:10.078Z","level":"info","message":"[Steering] Populating steering for execution cb96c30c-a917-4ef5-b6c5-1fd211af3e02","conversationId":"cli_870dd21c-72b9-4a5c-b630-7323d0f0872e_DTAgpaqn","turnId":"cb96c30c-a917-4ef5-b6c5-1fd211af3e02","rootTurnId":"cb96c30c-a917-4ef5-b6c5-1fd211af3e02"}
{"timestamp":"2026-08-12T09:26:10.079Z","level":"info","message":"[Steering] ExistingFiles:  in cb96c30c-a917-4ef5-b6c5-1fd211af3e02","conversationId":"cli_870dd21c-72b9-4a5c-b630-7323d0f0872e_DTAgpaqn","turnId":"cb96c30c-a917-4ef5-b6c5-1fd211af3e02","rootTurnId":"cb96c30c-a917-4ef5-b6c5-1fd211af3e02"}
{"timestamp":"2026-08-12T09:26:10.138Z","level":"info","message":"fs.appendMessages.ok {\"system\":\"fs\",\"sessionId\":\"cli_870dd21c-72b9-4a5c-b630-7323d0f0872e_DTAgpaqn\",\"messageCount\":1,\"durationMs\":3}","conversationId":"cli_870dd21c-72b9-4a5c-b630-7323d0f0872e_DTAgpaqn","turnId":"cb96c30c-a917-4ef5-b6c5-1fd211af3e02","rootTurnId":"cb96c30c-a917-4ef5-b6c5-1fd211af3e02"}
{"timestamp":"2026-08-12T09:26:14.116Z","level":"info","message":"[ACPEventAdapter] Execution yielded {\"executionId\":\"cb96c30c-a917-4ef5-b6c5-1fd211af3e02\"}","conversationId":"cli_870dd21c-72b9-4a5c-b630-7323d0f0872e_DTAgpaqn","turnId":"cb96c30c-a917-4ef5-b6c5-1fd211af3e02","rootTurnId":"cb96c30c-a917-4ef5-b6c5-1fd211af3e02"}
{"timestamp":"2026-08-12T09:26:14.118Z","level":"info","message":"acp.policy-eval.complete {\"toolId\":\"run_command\",\"effect\":\"allow\",\"capability\":\"shell\"}","conversationId":"cli_870dd21c-72b9-4a5c-b630-7323d0f0872e_DTAgpaqn","turnId":"cb96c30c-a917-4ef5-b6c5-1fd211af3e02","rootTurnId":"cb96c30c-a917-4ef5-b6c5-1fd211af3e02"}
{"timestamp":"2026-08-12T09:26:14.119Z","level":"info","message":"[ACPEventAdapter] Execution resumed {\"executionId\":\"cb96c30c-a917-4ef5-b6c5-1fd211af3e02\"}","conversationId":"cli_870dd21c-72b9-4a5c-b630-7323d0f0872e_DTAgpaqn","turnId":"cb96c30c-a917-4ef5-b6c5-1fd211af3e02","rootTurnId":"cb96c30c-a917-4ef5-b6c5-1fd211af3e02"}
{"timestamp":"2026-08-12T09:26:14.150Z","level":"info","message":"fs.appendMessages.ok {\"system\":\"fs\",\"sessionId\":\"cli_870dd21c-72b9-4a5c-b630-7323d0f0872e_DTAgpaqn\",\"messageCount\":1,\"durationMs\":18}","conversationId":"cli_870dd21c-72b9-4a5c-b630-7323d0f0872e_DTAgpaqn","turnId":"cb96c30c-a917-4ef5-b6c5-1fd211af3e02","rootTurnId":"cb96c30c-a917-4ef5-b6c5-1fd211af3e02"}
{"timestamp":"2026-08-12T09:26:14.205Z","level":"info","message":"[AgentIterator] Parallel invoking agent","conversationId":"cli_870dd21c-72b9-4a5c-b630-7323d0f0872e_DTAgpaqn","turnId":"cb96c30c-a917-4ef5-b6c5-1fd211af3e02","rootTurnId":"cb96c30c-a917-4ef5-b6c5-1fd211af3e02"}
{"timestamp":"2026-08-12T09:26:14.206Z","level":"info","message":"[Steering] Populating steering for execution cb96c30c-a917-4ef5-b6c5-1fd211af3e02","conversationId":"cli_870dd21c-72b9-4a5c-b630-7323d0f0872e_DTAgpaqn","turnId":"cb96c30c-a917-4ef5-b6c5-1fd211af3e02","rootTurnId":"cb96c30c-a917-4ef5-b6c5-1fd211af3e02"}
{"timestamp":"2026-08-12T09:26:14.206Z","level":"info","message":"[Steering] ExistingFiles:  in cb96c30c-a917-4ef5-b6c5-1fd211af3e02","conversationId":"cli_870dd21c-72b9-4a5c-b630-7323d0f0872e_DTAgpaqn","turnId":"cb96c30c-a917-4ef5-b6c5-1fd211af3e02","rootTurnId":"cb96c30c-a917-4ef5-b6c5-1fd211af3e02"}
{"timestamp":"2026-08-12T09:26:14.267Z","level":"info","message":"[q-developer-converse] Sending GenerateAssistantResponse modelId=auto agentMode=vibe origin=KIRO_CLI streaming=true conversationId=cli_870dd21c-72b9-4a5c-b630-7323d0f0872e_DTAgpaqn","conversationId":"cli_870dd21c-72b9-4a5c-b630-7323d0f0872e_DTAgpaqn","turnId":"cb96c30c-a917-4ef5-b6c5-1fd211af3e02","rootTurnId":"cb96c30c-a917-4ef5-b6c5-1fd211af3e02"}
{"timestamp":"2026-08-12T09:26:14.276Z","level":"info","message":"[q-developer-converse] Request payload: 823343 chars, 782 history messages, conversationId=cli_870dd21c-72b9-4a5c-b630-7323d0f0872e_DTAgpaqn","conversationId":"cli_870dd21c-72b9-4a5c-b630-7323d0f0872e_DTAgpaqn","turnId":"cb96c30c-a917-4ef5-b6c5-1fd211af3e02","rootTurnId":"cb96c30c-a917-4ef5-b6c5-1fd211af3e02"}
{"timestamp":"2026-08-12T09:26:14.300Z","level":"info","message":"fs.appendMessages.ok {\"system\":\"fs\",\"sessionId\":\"cli_870dd21c-72b9-4a5c-b630-7323d0f0872e_DTAgpaqn\",\"messageCount\":2,\"durationMs\":109}","conversationId":"cli_870dd21c-72b9-4a5c-b630-7323d0f0872e_DTAgpaqn","turnId":"cb96c30c-a917-4ef5-b6c5-1fd211af3e02","rootTurnId":"cb96c30c-a917-4ef5-b6c5-1fd211af3e02"}
{"timestamp":"2026-08-12T09:26:15.585Z","level":"warn","message":"[ActivityLogPublisher] Failed to publish to https://runtime.us-east-1.kiro.dev/agents/activity: 400 — {\"message\":\"Field validation failed\"}"}
{"timestamp":"2026-08-12T09:26:15.586Z","level":"warn","message":"[ActivityLogPublisher] flush failed {\"error\":\"socket hang up\"}"}
{"timestamp":"2026-08-12T09:26:18.214Z","level":"warn","message":"[ActivityLogPublisher] Failed to publish to https://runtime.us-east-1.kiro.dev/agents/activity: 400 — {\"message\":\"Field validation failed\"}"}
{"timestamp":"2026-08-12T09:26:18.215Z","level":"warn","message":"[ActivityLogPublisher] flush failed {\"error\":\"socket hang up\"}"}
{"timestamp":"2026-08-12T09:26:20.298Z","level":"info","message":"[AgentIterator] Synchronizing results","conversationId":"cli_870dd21c-72b9-4a5c-b630-7323d0f0872e_DTAgpaqn","turnId":"cb96c30c-a917-4ef5-b6c5-1fd211af3e02","rootTurnId":"cb96c30c-a917-4ef5-b6c5-1fd211af3e02"}
{"timestamp":"2026-08-12T09:26:20.298Z","level":"info","message":"[AgentIterator] Processing intent detection result","conversationId":"cli_870dd21c-72b9-4a5c-b630-7323d0f0872e_DTAgpaqn","turnId":"cb96c30c-a917-4ef5-b6c5-1fd211af3e02","rootTurnId":"cb96c30c-a917-4ef5-b6c5-1fd211af3e02"}
{"timestamp":"2026-08-12T09:26:20.299Z","level":"info","message":"[ChatAgent] Processing model response stream","conversationId":"cli_870dd21c-72b9-4a5c-b630-7323d0f0872e_DTAgpaqn","turnId":"cb96c30c-a917-4ef5-b6c5-1fd211af3e02","rootTurnId":"cb96c30c-a917-4ef5-b6c5-1fd211af3e02"}
{"timestamp":"2026-08-12T09:26:20.299Z","level":"info","message":"[Steering] Populating steering for execution cb96c30c-a917-4ef5-b6c5-1fd211af3e02","conversationId":"cli_870dd21c-72b9-4a5c-b630-7323d0f0872e_DTAgpaqn","turnId":"cb96c30c-a917-4ef5-b6c5-1fd211af3e02","rootTurnId":"cb96c30c-a917-4ef5-b6c5-1fd211af3e02"}
{"timestamp":"2026-08-12T09:26:20.300Z","level":"info","message":"[Steering] ExistingFiles:  in cb96c30c-a917-4ef5-b6c5-1fd211af3e02","conversationId":"cli_870dd21c-72b9-4a5c-b630-7323d0f0872e_DTAgpaqn","turnId":"cb96c30c-a917-4ef5-b6c5-1fd211af3e02","rootTurnId":"cb96c30c-a917-4ef5-b6c5-1fd211af3e02"}
{"timestamp":"2026-08-12T09:26:20.509Z","level":"info","message":"fs.appendMessages.ok {\"system\":\"fs\",\"sessionId\":\"cli_870dd21c-72b9-4a5c-b630-7323d0f0872e_DTAgpaqn\",\"messageCount\":1,\"durationMs\":5}","conversationId":"cli_870dd21c-72b9-4a5c-b630-7323d0f0872e_DTAgpaqn","turnId":"cb96c30c-a917-4ef5-b6c5-1fd211af3e02","rootTurnId":"cb96c30c-a917-4ef5-b6c5-1fd211af3e02"}
{"timestamp":"2026-08-12T09:26:21.220Z","level":"info","message":"[ACPEventAdapter] Execution yielded {\"executionId\":\"cb96c30c-a917-4ef5-b6c5-1fd211af3e02\"}","conversationId":"cli_870dd21c-72b9-4a5c-b630-7323d0f0872e_DTAgpaqn","turnId":"cb96c30c-a917-4ef5-b6c5-1fd211af3e02","rootTurnId":"cb96c30c-a917-4ef5-b6c5-1fd211af3e02"}
{"timestamp":"2026-08-12T09:26:21.224Z","level":"info","message":"acp.policy-eval.complete {\"toolId\":\"run_command\",\"effect\":\"allow\",\"capability\":\"shell\"}","conversationId":"cli_870dd21c-72b9-4a5c-b630-7323d0f0872e_DTAgpaqn","turnId":"cb96c30c-a917-4ef5-b6c5-1fd211af3e02","rootTurnId":"cb96c30c-a917-4ef5-b6c5-1fd211af3e02"}
{"timestamp":"2026-08-12T09:26:21.224Z","level":"info","message":"[ACPEventAdapter] Execution resumed {\"executionId\":\"cb96c30c-a917-4ef5-b6c5-1fd211af3e02\"}","conversationId":"cli_870dd21c-72b9-4a5c-b630-7323d0f0872e_DTAgpaqn","turnId":"cb96c30c-a917-4ef5-b6c5-1fd211af3e02","rootTurnId":"cb96c30c-a917-4ef5-b6c5-1fd211af3e02"}
{"timestamp":"2026-08-12T09:26:21.235Z","level":"warn","message":"[ActivityLogPublisher] Failed to publish to https://runtime.us-east-1.kiro.dev/agents/activity: 400 — {\"message\":\"Field validation failed\"}"}
{"timestamp":"2026-08-12T09:26:21.242Z","level":"warn","message":"[ActivityLogPublisher] flush failed {\"error\":\"socket hang up\"}"}
{"timestamp":"2026-08-12T09:26:21.286Z","level":"info","message":"fs.appendMessages.ok {\"system\":\"fs\",\"sessionId\":\"cli_870dd21c-72b9-4a5c-b630-7323d0f0872e_DTAgpaqn\",\"messageCount\":1,\"durationMs\":46}","conversationId":"cli_870dd21c-72b9-4a5c-b630-7323d0f0872e_DTAgpaqn","turnId":"cb96c30c-a917-4ef5-b6c5-1fd211af3e02","rootTurnId":"cb96c30c-a917-4ef5-b6c5-1fd211af3e02"}
{"timestamp":"2026-08-12T09:26:23.157Z","level":"info","message":"[AgentIterator] Parallel invoking agent","conversationId":"cli_870dd21c-72b9-4a5c-b630-7323d0f0872e_DTAgpaqn","turnId":"cb96c30c-a917-4ef5-b6c5-1fd211af3e02","rootTurnId":"cb96c30c-a917-4ef5-b6c5-1fd211af3e02"}
{"timestamp":"2026-08-12T09:26:23.157Z","level":"info","message":"[Steering] Populating steering for execution cb96c30c-a917-4ef5-b6c5-1fd211af3e02","conversationId":"cli_870dd21c-72b9-4a5c-b630-7323d0f0872e_DTAgpaqn","turnId":"cb96c30c-a917-4ef5-b6c5-1fd211af3e02","rootTurnId":"cb96c30c-a917-4ef5-b6c5-1fd211af3e02"}
{"timestamp":"2026-08-12T09:26:23.158Z","level":"info","message":"[Steering] ExistingFiles:  in cb96c30c-a917-4ef5-b6c5-1fd211af3e02","conversationId":"cli_870dd21c-72b9-4a5c-b630-7323d0f0872e_DTAgpaqn","turnId":"cb96c30c-a917-4ef5-b6c5-1fd211af3e02","rootTurnId":"cb96c30c-a917-4ef5-b6c5-1fd211af3e02"}
{"timestamp":"2026-08-12T09:26:23.196Z","level":"info","message":"[q-developer-converse] Sending GenerateAssistantResponse modelId=auto agentMode=vibe origin=KIRO_CLI streaming=true conversationId=cli_870dd21c-72b9-4a5c-b630-7323d0f0872e_DTAgpaqn","conversationId":"cli_870dd21c-72b9-4a5c-b630-7323d0f0872e_DTAgpaqn","turnId":"cb96c30c-a917-4ef5-b6c5-1fd211af3e02","rootTurnId":"cb96c30c-a917-4ef5-b6c5-1fd211af3e02"}
{"timestamp":"2026-08-12T09:26:23.200Z","level":"info","message":"[q-developer-converse] Request payload: 824113 chars, 784 history messages, conversationId=cli_870dd21c-72b9-4a5c-b630-7323d0f0872e_DTAgpaqn","conversationId":"cli_870dd21c-72b9-4a5c-b630-7323d0f0872e_DTAgpaqn","turnId":"cb96c30c-a917-4ef5-b6c5-1fd211af3e02","rootTurnId":"cb96c30c-a917-4ef5-b6c5-1fd211af3e02"}
{"timestamp":"2026-08-12T09:26:23.251Z","level":"info","message":"fs.appendMessages.ok {\"system\":\"fs\",\"sessionId\":\"cli_870dd21c-72b9-4a5c-b630-7323d0f0872e_DTAgpaqn\",\"messageCount\":2,\"durationMs\":107}","conversationId":"cli_870dd21c-72b9-4a5c-b630-7323d0f0872e_DTAgpaqn","turnId":"cb96c30c-a917-4ef5-b6c5-1fd211af3e02","rootTurnId":"cb96c30c-a917-4ef5-b6c5-1fd211af3e02"}
{"timestamp":"2026-08-12T09:26:24.530Z","level":"warn","message":"[ActivityLogPublisher] Failed to publish to https://runtime.us-east-1.kiro.dev/agents/activity: 400 — {\"message\":\"Field validation failed\"}"}
{"timestamp":"2026-08-12T09:26:24.531Z","level":"warn","message":"[ActivityLogPublisher] flush failed {\"error\":\"socket hang up\"}"}
{"timestamp":"2026-08-12T09:26:27.086Z","level":"warn","message":"[ActivityLogPublisher] Failed to publish to https://runtime.us-east-1.kiro.dev/agents/activity: 400 — {\"message\":\"Field validation failed\"}"}
{"timestamp":"2026-08-12T09:26:27.086Z","level":"warn","message":"[ActivityLogPublisher] flush failed {\"error\":\"socket hang up\"}"}
{"timestamp":"2026-08-12T09:26:28.935Z","level":"info","message":"[AgentIterator] Synchronizing results","conversationId":"cli_870dd21c-72b9-4a5c-b630-7323d0f0872e_DTAgpaqn","turnId":"cb96c30c-a917-4ef5-b6c5-1fd211af3e02","rootTurnId":"cb96c30c-a917-4ef5-b6c5-1fd211af3e02"}
{"timestamp":"2026-08-12T09:26:28.935Z","level":"info","message":"[AgentIterator] Processing intent detection result","conversationId":"cli_870dd21c-72b9-4a5c-b630-7323d0f0872e_DTAgpaqn","turnId":"cb96c30c-a917-4ef5-b6c5-1fd211af3e02","rootTurnId":"cb96c30c-a917-4ef5-b6c5-1fd211af3e02"}
{"timestamp":"2026-08-12T09:26:28.937Z","level":"info","message":"[ChatAgent] Processing model response stream","conversationId":"cli_870dd21c-72b9-4a5c-b630-7323d0f0872e_DTAgpaqn","turnId":"cb96c30c-a917-4ef5-b6c5-1fd211af3e02","rootTurnId":"cb96c30c-a917-4ef5-b6c5-1fd211af3e02"}
{"timestamp":"2026-08-12T09:26:28.937Z","level":"info","message":"[Steering] Populating steering for execution cb96c30c-a917-4ef5-b6c5-1fd211af3e02","conversationId":"cli_870dd21c-72b9-4a5c-b630-7323d0f0872e_DTAgpaqn","turnId":"cb96c30c-a917-4ef5-b6c5-1fd211af3e02","rootTurnId":"cb96c30c-a917-4ef5-b6c5-1fd211af3e02"}
{"timestamp":"2026-08-12T09:26:28.937Z","level":"info","message":"[Steering] ExistingFiles:  in cb96c30c-a917-4ef5-b6c5-1fd211af3e02","conversationId":"cli_870dd21c-72b9-4a5c-b630-7323d0f0872e_DTAgpaqn","turnId":"cb96c30c-a917-4ef5-b6c5-1fd211af3e02","rootTurnId":"cb96c30c-a917-4ef5-b6c5-1fd211af3e02"}
{"timestamp":"2026-08-12T09:26:29.480Z","level":"info","message":"[ACPEventAdapter] Execution succeeded {\"executionId\":\"cb96c30c-a917-4ef5-b6c5-1fd211af3e02\"}","conversationId":"cli_870dd21c-72b9-4a5c-b630-7323d0f0872e_DTAgpaqn","turnId":"cb96c30c-a917-4ef5-b6c5-1fd211af3e02","rootTurnId":"cb96c30c-a917-4ef5-b6c5-1fd211af3e02"}
{"timestamp":"2026-08-12T09:26:29.493Z","level":"info","message":"fs.appendMessages.ok {\"system\":\"fs\",\"sessionId\":\"cli_870dd21c-72b9-4a5c-b630-7323d0f0872e_DTAgpaqn\",\"messageCount\":1,\"durationMs\":22}","conversationId":"cli_870dd21c-72b9-4a5c-b630-7323d0f0872e_DTAgpaqn","turnId":"cb96c30c-a917-4ef5-b6c5-1fd211af3e02","rootTurnId":"cb96c30c-a917-4ef5-b6c5-1fd211af3e02"}
{"timestamp":"2026-08-12T09:26:29.503Z","level":"info","message":"fs.appendMessages.ok {\"system\":\"fs\",\"sessionId\":\"cli_870dd21c-72b9-4a5c-b630-7323d0f0872e_DTAgpaqn\",\"messageCount\":1,\"durationMs\":10}","conversationId":"cli_870dd21c-72b9-4a5c-b630-7323d0f0872e_DTAgpaqn","turnId":"cb96c30c-a917-4ef5-b6c5-1fd211af3e02","rootTurnId":"cb96c30c-a917-4ef5-b6c5-1fd211af3e02"}
{"timestamp":"2026-08-12T09:26:29.506Z","level":"info","message":"fs.appendMessages.ok {\"system\":\"fs\",\"sessionId\":\"cli_870dd21c-72b9-4a5c-b630-7323d0f0872e_DTAgpaqn\",\"messageCount\":3,\"durationMs\":2}","conversationId":"cli_870dd21c-72b9-4a5c-b630-7323d0f0872e_DTAgpaqn","turnId":"cb96c30c-a917-4ef5-b6c5-1fd211af3e02","rootTurnId":"cb96c30c-a917-4ef5-b6c5-1fd211af3e02"}
{"timestamp":"2026-08-12T09:26:29.507Z","level":"info","message":"[agent-controller] Progressing model queue {\"activeExecution\":false,\"queueSize\":0}","conversationId":"cli_870dd21c-72b9-4a5c-b630-7323d0f0872e_DTAgpaqn","turnId":"cb96c30c-a917-4ef5-b6c5-1fd211af3e02","rootTurnId":"cb96c30c-a917-4ef5-b6c5-1fd211af3e02"}
{"timestamp":"2026-08-12T09:26:29.512Z","level":"info","message":"[SessionPersistence] Updated metadata for session cli_870dd21c-72b9-4a5c-b630-7323d0f0872e_DTAgpaqn","conversationId":"cli_870dd21c-72b9-4a5c-b630-7323d0f0872e_DTAgpaqn","turnId":"cb96c30c-a917-4ef5-b6c5-1fd211af3e02","rootTurnId":"cb96c30c-a917-4ef5-b6c5-1fd211af3e02"}
{"timestamp":"2026-08-12T09:26:29.555Z","level":"info","message":"fs.loadSession.ok {\"system\":\"fs\",\"sessionId\":\"cli_870dd21c-72b9-4a5c-b630-7323d0f0872e_DTAgpaqn\",\"durationMs\":47}","conversationId":"cli_870dd21c-72b9-4a5c-b630-7323d0f0872e_DTAgpaqn"}
{"timestamp":"2026-08-12T09:26:30.097Z","level":"warn","message":"[ActivityLogPublisher] Failed to publish to https://runtime.us-east-1.kiro.dev/agents/activity: 400 — {\"message\":\"Field validation failed\"}"}
{"timestamp":"2026-08-12T09:26:30.098Z","level":"warn","message":"[ActivityLogPublisher] flush failed {\"error\":\"socket hang up\"}"}
{"timestamp":"2026-08-12T09:26:33.012Z","level":"warn","message":"[ActivityLogPublisher] Failed to publish to https://runtime.us-east-1.kiro.dev/agents/activity: 400 — {\"message\":\"Field validation failed\"}"}
{"timestamp":"2026-08-12T09:26:33.013Z","level":"warn","message":"[ActivityLogPublisher] flush failed {\"error\":\"socket hang up\"}"}
{"timestamp":"2026-08-12T09:26:34.649Z","level":"info","message":"network.listAvailableModels.ok {\"system\":\"network\",\"durationMs\":203}"}
{"timestamp":"2026-08-12T09:26:34.649Z","level":"info","message":"[ACPModelConfigProvider] Loaded 19 models"}
{"timestamp":"2026-08-12T09:26:36.104Z","level":"warn","message":"[ActivityLogPublisher] Failed to publish to https://runtime.us-east-1.kiro.dev/agents/activity: 400 — {\"message\":\"Field validation failed\"}"}
{"timestamp":"2026-08-12T09:26:36.105Z","level":"warn","message":"[ActivityLogPublisher] flush failed {\"error\":\"socket hang up\"}"}
{"timestamp":"2026-08-12T09:26:39.120Z","level":"warn","message":"[ActivityLogPublisher] Failed to publish to https://runtime.us-east-1.kiro.dev/agents/activity: 400 — {\"message\":\"Field validation failed\"}"}
{"timestamp":"2026-08-12T09:26:39.122Z","level":"warn","message":"[ActivityLogPublisher] flush failed {\"error\":\"socket hang up\"}"}
{"timestamp":"2026-08-12T09:26:42.115Z","level":"warn","message":"[ActivityLogPublisher] Failed to publish to https://runtime.us-east-1.kiro.dev/agents/activity: 400 — {\"message\":\"Field validation failed\"}"}
{"timestamp":"2026-08-12T09:26:42.115Z","level":"warn","message":"[ActivityLogPublisher] flush failed {\"error\":\"socket hang up\"}"}
{"timestamp":"2026-08-12T09:26:45.120Z","level":"warn","message":"[ActivityLogPublisher] Failed to publish to https://runtime.us-east-1.kiro.dev/agents/activity: 400 — {\"message\":\"Field validation failed\"}"}
{"timestamp":"2026-08-12T09:26:45.120Z","level":"warn","message":"[ActivityLogPublisher] flush failed {\"error\":\"socket hang up\"}"}
{"timestamp":"2026-08-12T09:26:50.428Z","level":"warn","message":"[ActivityLogPublisher] Failed to publish to https://runtime.us-east-1.kiro.dev/agents/activity: 400 — {\"message\":\"Field validation failed\"}"}
{"timestamp":"2026-08-12T09:26:50.429Z","level":"warn","message":"[ActivityLogPublisher] flush failed {\"error\":\"socket hang up\"}"}
{"timestamp":"2026-08-12T09:26:53.400Z","level":"warn","message":"[ActivityLogPublisher] Failed to publish to https://runtime.us-east-1.kiro.dev/agents/activity: 400 — {\"message\":\"Field validation failed\"}"}
{"timestamp":"2026-08-12T09:26:53.401Z","level":"warn","message":"[ActivityLogPublisher] flush failed {\"error\":\"socket hang up\"}"}
{"timestamp":"2026-08-12T09:26:56.450Z","level":"warn","message":"[ActivityLogPublisher] Failed to publish to https://runtime.us-east-1.kiro.dev/agents/activity: 400 — {\"message\":\"Field validation failed\"}"}
{"timestamp":"2026-08-12T09:26:56.450Z","level":"warn","message":"[ActivityLogPublisher] flush failed {\"error\":\"socket hang up\"}"}
{"timestamp":"2026-08-12T09:26:59.450Z","level":"warn","message":"[ActivityLogPublisher] Failed to publish to https://runtime.us-east-1.kiro.dev/agents/activity: 400 — {\"message\":\"Field validation failed\"}"}
{"timestamp":"2026-08-12T09:26:59.452Z","level":"warn","message":"[ActivityLogPublisher] flush failed {\"error\":\"socket hang up\"}"}
{"timestamp":"2026-08-12T09:27:02.405Z","level":"warn","message":"[ActivityLogPublisher] Failed to publish to https://runtime.us-east-1.kiro.dev/agents/activity: 400 — {\"message\":\"Field validation failed\"}"}
{"timestamp":"2026-08-12T09:27:02.405Z","level":"warn","message":"[ActivityLogPublisher] flush failed {\"error\":\"socket hang up\"}"}
{"timestamp":"2026-08-12T09:27:05.361Z","level":"warn","message":"[ActivityLogPublisher] Failed to publish to https://runtime.us-east-1.kiro.dev/agents/activity: 400 — {\"message\":\"Field validation failed\"}"}
{"timestamp":"2026-08-12T09:27:05.362Z","level":"warn","message":"[ActivityLogPublisher] flush failed {\"error\":\"socket hang up\"}"}
{"timestamp":"2026-08-12T09:27:08.444Z","level":"warn","message":"[ActivityLogPublisher] Failed to publish to https://runtime.us-east-1.kiro.dev/agents/activity: 400 — {\"message\":\"Field validation failed\"}"}
{"timestamp":"2026-08-12T09:27:08.445Z","level":"warn","message":"[ActivityLogPublisher] flush failed {\"error\":\"socket hang up\"}"}
{"timestamp":"2026-08-12T09:27:11.455Z","level":"warn","message":"[ActivityLogPublisher] Failed to publish to https://runtime.us-east-1.kiro.dev/agents/activity: 400 — {\"message\":\"Field validation failed\"}"}
{"timestamp":"2026-08-12T09:27:11.456Z","level":"warn","message":"[ActivityLogPublisher] flush failed {\"error\":\"socket hang up\"}"}
{"timestamp":"2026-08-12T09:27:14.461Z","level":"warn","message":"[ActivityLogPublisher] Failed to publish to https://runtime.us-east-1.kiro.dev/agents/activity: 400 — {\"message\":\"Field validation failed\"}"}
{"timestamp":"2026-08-12T09:27:14.462Z","level":"warn","message":"[ActivityLogPublisher] flush failed {\"error\":\"socket hang up\"}"}
{"timestamp":"2026-08-12T09:27:17.472Z","level":"warn","message":"[ActivityLogPublisher] Failed to publish to https://runtime.us-east-1.kiro.dev/agents/activity: 400 — {\"message\":\"Field validation failed\"}"}
{"timestamp":"2026-08-12T09:27:17.473Z","level":"warn","message":"[ActivityLogPublisher] flush failed {\"error\":\"socket hang up\"}"}
{"timestamp":"2026-08-12T09:27:20.458Z","level":"warn","message":"[ActivityLogPublisher] Failed to publish to https://runtime.us-east-1.kiro.dev/agents/activity: 400 — {\"message\":\"Field validation failed\"}"}
{"timestamp":"2026-08-12T09:27:20.459Z","level":"warn","message":"[ActivityLogPublisher] flush failed {\"error\":\"socket hang up\"}"}
{"timestamp":"2026-08-12T09:27:26.801Z","level":"warn","message":"[ActivityLogPublisher] Failed to publish to https://runtime.us-east-1.kiro.dev/agents/activity: 400 — {\"message\":\"Field validation failed\"}"}
{"timestamp":"2026-08-12T09:27:26.801Z","level":"warn","message":"[ActivityLogPublisher] flush failed {\"error\":\"socket hang up\"}"}
{"timestamp":"2026-08-12T09:27:29.811Z","level":"warn","message":"[ActivityLogPublisher] Failed to publish to https://runtime.us-east-1.kiro.dev/agents/activity: 400 — {\"message\":\"Field validation failed\"}"}
{"timestamp":"2026-08-12T09:27:29.811Z","level":"warn","message":"[ActivityLogPublisher] flush failed {\"error\":\"socket hang up\"}"}
{"timestamp":"2026-08-12T09:27:32.906Z","level":"warn","message":"[ActivityLogPublisher] Failed to publish to https://runtime.us-east-1.kiro.dev/agents/activity: 400 — {\"message\":\"Field validation failed\"}"}
{"timestamp":"2026-08-12T09:27:32.907Z","level":"warn","message":"[ActivityLogPublisher] flush failed {\"error\":\"socket hang up\"}"}
{"timestamp":"2026-08-12T09:27:35.906Z","level":"warn","message":"[ActivityLogPublisher] Failed to publish to https://runtime.us-east-1.kiro.dev/agents/activity: 400 — {\"message\":\"Field validation failed\"}"}
{"timestamp":"2026-08-12T09:27:35.907Z","level":"warn","message":"[ActivityLogPublisher] flush failed {\"error\":\"socket hang up\"}"}
{"timestamp":"2026-08-12T09:27:38.870Z","level":"warn","message":"[ActivityLogPublisher] Failed to publish to https://runtime.us-east-1.kiro.dev/agents/activity: 400 — {\"message\":\"Field validation failed\"}"}
{"timestamp":"2026-08-12T09:27:38.871Z","level":"warn","message":"[ActivityLogPublisher] flush failed {\"error\":\"socket hang up\"}"}
{"timestamp":"2026-08-12T09:27:41.888Z","level":"warn","message":"[ActivityLogPublisher] Failed to publish to https://runtime.us-east-1.kiro.dev/agents/activity: 400 — {\"message\":\"Field validation failed\"}"}
{"timestamp":"2026-08-12T09:27:41.889Z","level":"warn","message":"[ActivityLogPublisher] flush failed {\"error\":\"socket hang up\"}"}
{"timestamp":"2026-08-12T09:27:44.884Z","level":"warn","message":"[ActivityLogPublisher] Failed to publish to https://runtime.us-east-1.kiro.dev/agents/activity: 400 — {\"message\":\"Field validation failed\"}"}
{"timestamp":"2026-08-12T09:27:44.885Z","level":"warn","message":"[ActivityLogPublisher] flush failed {\"error\":\"socket hang up\"}"}
{"timestamp":"2026-08-12T09:28:05.969Z","level":"warn","message":"[ActivityLogPublisher] Failed to publish to https://runtime.us-east-1.kiro.dev/agents/activity: 400 — {\"message\":\"Field validation failed\"}"}
{"timestamp":"2026-08-12T09:28:05.970Z","level":"warn","message":"[ActivityLogPublisher] flush failed {\"error\":\"socket hang up\"}"}
{"timestamp":"2026-08-12T09:28:07.792Z","level":"warn","message":"[ActivityLogPublisher] Failed to publish to https://runtime.us-east-1.kiro.dev/agents/activity: 400 — {\"message\":\"Field validation failed\"}"}
{"timestamp":"2026-08-12T09:28:07.793Z","level":"warn","message":"[ActivityLogPublisher] flush failed {\"error\":\"socket hang up\"}"}
{"timestamp":"2026-08-12T09:28:10.808Z","level":"warn","message":"[ActivityLogPublisher] Failed to publish to https://runtime.us-east-1.kiro.dev/agents/activity: 400 — {\"message\":\"Field validation failed\"}"}
{"timestamp":"2026-08-12T09:28:10.809Z","level":"warn","message":"[ActivityLogPublisher] flush failed {\"error\":\"socket hang up\"}"}
{"timestamp":"2026-08-12T09:28:13.719Z","level":"warn","message":"[ActivityLogPublisher] Failed to publish to https://runtime.us-east-1.kiro.dev/agents/activity: 400 — {\"message\":\"Field validation failed\"}"}
{"timestamp":"2026-08-12T09:28:13.720Z","level":"warn","message":"[ActivityLogPublisher] flush failed {\"error\":\"socket hang up\"}"}
{"timestamp":"2026-08-12T09:28:17.118Z","level":"warn","message":"[ActivityLogPublisher] Failed to publish to https://runtime.us-east-1.kiro.dev/agents/activity: 400 — {\"message\":\"Field validation failed\"}"}
{"timestamp":"2026-08-12T09:28:17.119Z","level":"warn","message":"[ActivityLogPublisher] flush failed {\"error\":\"socket hang up\"}"}
{"timestamp":"2026-08-12T09:28:20.200Z","level":"warn","message":"[ActivityLogPublisher] Failed to publish to https://runtime.us-east-1.kiro.dev/agents/activity: 400 — {\"message\":\"Field validation failed\"}"}
{"timestamp":"2026-08-12T09:28:20.201Z","level":"warn","message":"[ActivityLogPublisher] flush failed {\"error\":\"socket hang up\"}"}
{"timestamp":"2026-08-12T09:28:22.810Z","level":"warn","message":"[ActivityLogPublisher] Failed to publish to https://runtime.us-east-1.kiro.dev/agents/activity: 400 — {\"message\":\"Field validation failed\"}"}
{"timestamp":"2026-08-12T09:28:22.810Z","level":"warn","message":"[ActivityLogPublisher] flush failed {\"error\":\"socket hang up\"}"}
{"timestamp":"2026-08-12T09:28:25.827Z","level":"warn","message":"[ActivityLogPublisher] Failed to publish to https://runtime.us-east-1.kiro.dev/agents/activity: 400 — {\"message\":\"Field validation failed\"}"}
{"timestamp":"2026-08-12T09:28:25.828Z","level":"warn","message":"[ActivityLogPublisher] flush failed {\"error\":\"socket hang up\"}"}
{"timestamp":"2026-08-12T09:28:28.810Z","level":"warn","message":"[ActivityLogPublisher] Failed to publish to https://runtime.us-east-1.kiro.dev/agents/activity: 400 — {\"message\":\"Field validation failed\"}"}
{"timestamp":"2026-08-12T09:28:28.811Z","level":"warn","message":"[ActivityLogPublisher] flush failed {\"error\":\"socket hang up\"}"}
{"timestamp":"2026-08-12T09:28:35.219Z","level":"warn","message":"[ActivityLogPublisher] Failed to publish to https://runtime.us-east-1.kiro.dev/agents/activity: 400 — {\"message\":\"Field validation failed\"}"}
{"timestamp":"2026-08-12T09:28:35.220Z","level":"warn","message":"[ActivityLogPublisher] flush failed {\"error\":\"socket hang up\"}"}
{"timestamp":"2026-08-12T09:28:38.259Z","level":"warn","message":"[ActivityLogPublisher] Failed to publish to https://runtime.us-east-1.kiro.dev/agents/activity: 400 — {\"message\":\"Field validation failed\"}"}
{"timestamp":"2026-08-12T09:28:38.259Z","level":"warn","message":"[ActivityLogPublisher] flush failed {\"error\":\"socket hang up\"}"}
{"timestamp":"2026-08-12T09:28:41.768Z","level":"warn","message":"[ActivityLogPublisher] Failed to publish to https://runtime.us-east-1.kiro.dev/agents/activity: 400 — {\"message\":\"Field validation failed\"}"}
{"timestamp":"2026-08-12T09:28:41.769Z","level":"warn","message":"[ActivityLogPublisher] flush failed {\"error\":\"socket hang up\"}"}
{"timestamp":"2026-08-12T09:28:44.219Z","level":"warn","message":"[ActivityLogPublisher] Failed to publish to https://runtime.us-east-1.kiro.dev/agents/activity: 400 — {\"message\":\"Field validation failed\"}"}
{"timestamp":"2026-08-12T09:28:44.220Z","level":"warn","message":"[ActivityLogPublisher] flush failed {\"error\":\"socket hang up\"}"}
{"timestamp":"2026-08-12T09:28:47.213Z","level":"warn","message":"[ActivityLogPublisher] Failed to publish to https://runtime.us-east-1.kiro.dev/agents/activity: 400 — {\"message\":\"Field validation failed\"}"}
{"timestamp":"2026-08-12T09:28:47.214Z","level":"warn","message":"[ActivityLogPublisher] flush failed {\"error\":\"socket hang up\"}"}
{"timestamp":"2026-08-12T09:28:50.212Z","level":"warn","message":"[ActivityLogPublisher] Failed to publish to https://runtime.us-east-1.kiro.dev/agents/activity: 400 — {\"message\":\"Field validation failed\"}"}
{"timestamp":"2026-08-12T09:28:50.213Z","level":"warn","message":"[ActivityLogPublisher] flush failed {\"error\":\"socket hang up\"}"}
{"timestamp":"2026-08-12T09:28:52.945Z","level":"warn","message":"[ActivityLogPublisher] Failed to publish to https://runtime.us-east-1.kiro.dev/agents/activity: 400 — {\"message\":\"Field validation failed\"}"}
{"timestamp":"2026-08-12T09:28:52.946Z","level":"warn","message":"[ActivityLogPublisher] flush failed {\"error\":\"socket hang up\"}"}
{"timestamp":"2026-08-12T09:28:56.236Z","level":"warn","message":"[ActivityLogPublisher] Failed to publish to https://runtime.us-east-1.kiro.dev/agents/activity: 400 — {\"message\":\"Field validation failed\"}"}
{"timestamp":"2026-08-12T09:28:56.238Z","level":"warn","message":"[ActivityLogPublisher] flush failed {\"error\":\"socket hang up\"}"}
{"timestamp":"2026-08-12T09:28:59.199Z","level":"warn","message":"[ActivityLogPublisher] Failed to publish to https://runtime.us-east-1.kiro.dev/agents/activity: 400 — {\"message\":\"Field validation failed\"}"}
{"timestamp":"2026-08-12T09:28:59.200Z","level":"warn","message":"[ActivityLogPublisher] flush failed {\"error\":\"socket hang up\"}"}
{"timestamp":"2026-08-12T09:29:02.211Z","level":"warn","message":"[ActivityLogPublisher] Failed to publish to https://runtime.us-east-1.kiro.dev/agents/activity: 400 — {\"message\":\"Field validation failed\"}"}
{"timestamp":"2026-08-12T09:29:02.211Z","level":"warn","message":"[ActivityLogPublisher] flush failed {\"error\":\"socket hang up\"}"}
{"timestamp":"2026-08-12T09:29:05.127Z","level":"warn","message":"[ActivityLogPublisher] Failed to publish to https://runtime.us-east-1.kiro.dev/agents/activity: 400 — {\"message\":\"Field validation failed\"}"}
{"timestamp":"2026-08-12T09:29:05.128Z","level":"warn","message":"[ActivityLogPublisher] flush failed {\"error\":\"socket hang up\"}"}
{"timestamp":"2026-08-12T09:29:10.684Z","level":"warn","message":"[ActivityLogPublisher] Failed to publish to https://runtime.us-east-1.kiro.dev/agents/activity: 400 — {\"message\":\"Field validation failed\"}"}
{"timestamp":"2026-08-12T09:29:10.684Z","level":"warn","message":"[ActivityLogPublisher] flush failed {\"error\":\"socket hang up\"}"}
{"timestamp":"2026-08-12T09:29:13.686Z","level":"warn","message":"[ActivityLogPublisher] Failed to publish to https://runtime.us-east-1.kiro.dev/agents/activity: 400 — {\"message\":\"Field validation failed\"}"}
{"timestamp":"2026-08-12T09:29:13.687Z","level":"warn","message":"[ActivityLogPublisher] flush failed {\"error\":\"socket hang up\"}"}
{"timestamp":"2026-08-12T09:29:16.684Z","level":"warn","message":"[ActivityLogPublisher] Failed to publish to https://runtime.us-east-1.kiro.dev/agents/activity: 400 — {\"message\":\"Field validation failed\"}"}
{"timestamp":"2026-08-12T09:29:16.685Z","level":"warn","message":"[ActivityLogPublisher] flush failed {\"error\":\"socket hang up\"}"}
{"timestamp":"2026-08-12T09:29:19.729Z","level":"warn","message":"[ActivityLogPublisher] Failed to publish to https://runtime.us-east-1.kiro.dev/agents/activity: 400 — {\"message\":\"Field validation failed\"}"}
{"timestamp":"2026-08-12T09:29:19.729Z","level":"warn","message":"[ActivityLogPublisher] flush failed {\"error\":\"socket hang up\"}"}
{"timestamp":"2026-08-12T09:29:22.721Z","level":"warn","message":"[ActivityLogPublisher] Failed to publish to https://runtime.us-east-1.kiro.dev/agents/activity: 400 — {\"message\":\"Field validation failed\"}"}
{"timestamp":"2026-08-12T09:29:22.722Z","level":"warn","message":"[ActivityLogPublisher] flush failed {\"error\":\"socket hang up\"}"}
{"timestamp":"2026-08-12T09:29:25.706Z","level":"warn","message":"[ActivityLogPublisher] Failed to publish to https://runtime.us-east-1.kiro.dev/agents/activity: 400 — {\"message\":\"Field validation failed\"}"}
{"timestamp":"2026-08-12T09:29:25.706Z","level":"warn","message":"[ActivityLogPublisher] flush failed {\"error\":\"socket hang up\"}"}
{"timestamp":"2026-08-12T09:29:28.696Z","level":"warn","message":"[ActivityLogPublisher] Failed to publish to https://runtime.us-east-1.kiro.dev/agents/activity: 400 — {\"message\":\"Field validation failed\"}"}
{"timestamp":"2026-08-12T09:29:28.696Z","level":"warn","message":"[ActivityLogPublisher] flush failed {\"error\":\"socket hang up\"}"}
{"timestamp":"2026-08-12T09:29:31.713Z","level":"warn","message":"[ActivityLogPublisher] Failed to publish to https://runtime.us-east-1.kiro.dev/agents/activity: 400 — {\"message\":\"Field validation failed\"}"}
{"timestamp":"2026-08-12T09:29:31.713Z","level":"warn","message":"[ActivityLogPublisher] flush failed {\"error\":\"socket hang up\"}"}
{"timestamp":"2026-08-12T09:29:34.580Z","level":"warn","message":"[ActivityLogPublisher] Failed to publish to https://runtime.us-east-1.kiro.dev/agents/activity: 400 — {\"message\":\"Field validation failed\"}"}
{"timestamp":"2026-08-12T09:29:34.580Z","level":"warn","message":"[ActivityLogPublisher] flush failed {\"error\":\"socket hang up\"}"}
{"timestamp":"2026-08-12T09:29:37.724Z","level":"warn","message":"[ActivityLogPublisher] Failed to publish to https://runtime.us-east-1.kiro.dev/agents/activity: 400 — {\"message\":\"Field validation failed\"}"}
{"timestamp":"2026-08-12T09:29:37.725Z","level":"warn","message":"[ActivityLogPublisher] flush failed {\"error\":\"socket hang up\"}"}
{"timestamp":"2026-08-12T09:29:40.730Z","level":"warn","message":"[ActivityLogPublisher] Failed to publish to https://runtime.us-east-1.kiro.dev/agents/activity: 400 — {\"message\":\"Field validation failed\"}"}
{"timestamp":"2026-08-12T09:29:40.731Z","level":"warn","message":"[ActivityLogPublisher] flush failed {\"error\":\"socket hang up\"}"}
{"timestamp":"2026-08-12T09:29:47.597Z","level":"warn","message":"[ActivityLogPublisher] Failed to publish to https://runtime.us-east-1.kiro.dev/agents/activity: 400 — {\"message\":\"Field validation failed\"}"}
{"timestamp":"2026-08-12T09:29:47.598Z","level":"warn","message":"[ActivityLogPublisher] flush failed {\"error\":\"socket hang up\"}"}
{"timestamp":"2026-08-12T09:29:50.042Z","level":"warn","message":"[ActivityLogPublisher] Failed to publish to https://runtime.us-east-1.kiro.dev/agents/activity: 400 — {\"message\":\"Field validation failed\"}"}
{"timestamp":"2026-08-12T09:29:50.043Z","level":"warn","message":"[ActivityLogPublisher] flush failed {\"error\":\"socket hang up\"}"}
{"timestamp":"2026-08-12T09:29:53.032Z","level":"warn","message":"[ActivityLogPublisher] Failed to publish to https://runtime.us-east-1.kiro.dev/agents/activity: 400 — {\"message\":\"Field validation failed\"}"}
{"timestamp":"2026-08-12T09:29:53.033Z","level":"warn","message":"[ActivityLogPublisher] flush failed {\"error\":\"socket hang up\"}"}
{"timestamp":"2026-08-12T09:29:56.043Z","level":"warn","message":"[ActivityLogPublisher] Failed to publish to https://runtime.us-east-1.kiro.dev/agents/activity: 400 — {\"message\":\"Field validation failed\"}"}
{"timestamp":"2026-08-12T09:29:56.043Z","level":"warn","message":"[ActivityLogPublisher] flush failed {\"error\":\"socket hang up\"}"}
{"timestamp":"2026-08-12T09:29:59.048Z","level":"warn","message":"[ActivityLogPublisher] Failed to publish to https://runtime.us-east-1.kiro.dev/agents/activity: 400 — {\"message\":\"Field validation failed\"}"}
{"timestamp":"2026-08-12T09:29:59.048Z","level":"warn","message":"[ActivityLogPublisher] flush failed {\"error\":\"socket hang up\"}"}
{"timestamp":"2026-08-12T09:30:01.861Z","level":"warn","message":"[ActivityLogPublisher] Failed to publish to https://runtime.us-east-1.kiro.dev/agents/activity: 400 — {\"message\":\"Field validation failed\"}"}
{"timestamp":"2026-08-12T09:30:01.862Z","level":"warn","message":"[ActivityLogPublisher] flush failed {\"error\":\"socket hang up\"}"}
{"timestamp":"2026-08-12T09:30:05.032Z","level":"warn","message":"[ActivityLogPublisher] Failed to publish to https://runtime.us-east-1.kiro.dev/agents/activity: 400 — {\"message\":\"Field validation failed\"}"}
{"timestamp":"2026-08-12T09:30:05.033Z","level":"warn","message":"[ActivityLogPublisher] flush failed {\"error\":\"socket hang up\"}"}
{"timestamp":"2026-08-12T09:30:08.043Z","level":"warn","message":"[ActivityLogPublisher] Failed to publish to https://runtime.us-east-1.kiro.dev/agents/activity: 400 — {\"message\":\"Field validation failed\"}"}
{"timestamp":"2026-08-12T09:30:08.044Z","level":"warn","message":"[ActivityLogPublisher] flush failed {\"error\":\"socket hang up\"}"}
{"timestamp":"2026-08-12T09:30:11.045Z","level":"warn","message":"[ActivityLogPublisher] Failed to publish to https://runtime.us-east-1.kiro.dev/agents/activity: 400 — {\"message\":\"Field validation failed\"}"}
{"timestamp":"2026-08-12T09:30:11.045Z","level":"warn","message":"[ActivityLogPublisher] flush failed {\"error\":\"socket hang up\"}"}
{"timestamp":"2026-08-12T09:30:14.004Z","level":"warn","message":"[ActivityLogPublisher] Failed to publish to https://runtime.us-east-1.kiro.dev/agents/activity: 400 — {\"message\":\"Field validation failed\"}"}
{"timestamp":"2026-08-12T09:30:14.005Z","level":"warn","message":"[ActivityLogPublisher] flush failed {\"error\":\"socket hang up\"}"}
{"timestamp":"2026-08-12T09:30:20.147Z","level":"warn","message":"[ActivityLogPublisher] Failed to publish to https://runtime.us-east-1.kiro.dev/agents/activity: 400 — {\"message\":\"Field validation failed\"}"}
{"timestamp":"2026-08-12T09:30:20.148Z","level":"warn","message":"[ActivityLogPublisher] flush failed {\"error\":\"socket hang up\"}"}
{"timestamp":"2026-08-12T09:30:23.196Z","level":"warn","message":"[ActivityLogPublisher] Failed to publish to https://runtime.us-east-1.kiro.dev/agents/activity: 400 — {\"message\":\"Field validation failed\"}"}
{"timestamp":"2026-08-12T09:30:23.197Z","level":"warn","message":"[ActivityLogPublisher] flush failed {\"error\":\"socket hang up\"}"}
{"timestamp":"2026-08-12T09:30:26.184Z","level":"warn","message":"[ActivityLogPublisher] Failed to publish to https://runtime.us-east-1.kiro.dev/agents/activity: 400 — {\"message\":\"Field validation failed\"}"}
{"timestamp":"2026-08-12T09:30:26.185Z","level":"warn","message":"[ActivityLogPublisher] flush failed {\"error\":\"socket hang up\"}"}
{"timestamp":"2026-08-12T09:30:29.172Z","level":"warn","message":"[ActivityLogPublisher] Failed to publish to https://runtime.us-east-1.kiro.dev/agents/activity: 400 — {\"message\":\"Field validation failed\"}"}
{"timestamp":"2026-08-12T09:30:29.173Z","level":"warn","message":"[ActivityLogPublisher] flush failed {\"error\":\"socket hang up\"}"}
{"timestamp":"2026-08-12T09:30:32.185Z","level":"warn","message":"[ActivityLogPublisher] Failed to publish to https://runtime.us-east-1.kiro.dev/agents/activity: 400 — {\"message\":\"Field validation failed\"}"}
{"timestamp":"2026-08-12T09:30:32.186Z","level":"warn","message":"[ActivityLogPublisher] flush failed {\"error\":\"socket hang up\"}"}
{"timestamp":"2026-08-12T09:30:35.153Z","level":"warn","message":"[ActivityLogPublisher] Failed to publish to https://runtime.us-east-1.kiro.dev/agents/activity: 400 — {\"message\":\"Field validation failed\"}"}
{"timestamp":"2026-08-12T09:30:35.154Z","level":"warn","message":"[ActivityLogPublisher] flush failed {\"error\":\"socket hang up\"}"}
{"timestamp":"2026-08-12T09:30:38.188Z","level":"warn","message":"[ActivityLogPublisher] Failed to publish to https://runtime.us-east-1.kiro.dev/agents/activity: 400 — {\"message\":\"Field validation failed\"}"}
{"timestamp":"2026-08-12T09:30:38.189Z","level":"warn","message":"[ActivityLogPublisher] flush failed {\"error\":\"socket hang up\"}"}
{"timestamp":"2026-08-12T09:30:41.647Z","level":"warn","message":"[ActivityLogPublisher] Failed to publish to https://runtime.us-east-1.kiro.dev/agents/activity: 400 — {\"message\":\"Field validation failed\"}"}
{"timestamp":"2026-08-12T09:30:41.648Z","level":"warn","message":"[ActivityLogPublisher] flush failed {\"error\":\"socket hang up\"}"}
{"timestamp":"2026-08-12T09:30:44.163Z","level":"warn","message":"[ActivityLogPublisher] Failed to publish to https://runtime.us-east-1.kiro.dev/agents/activity: 400 — {\"message\":\"Field validation failed\"}"}
{"timestamp":"2026-08-12T09:30:44.164Z","level":"warn","message":"[ActivityLogPublisher] flush failed {\"error\":\"socket hang up\"}"}
{"timestamp":"2026-08-12T09:30:47.158Z","level":"warn","message":"[ActivityLogPublisher] Failed to publish to https://runtime.us-east-1.kiro.dev/agents/activity: 400 — {\"message\":\"Field validation failed\"}"}
{"timestamp":"2026-08-12T09:30:47.159Z","level":"warn","message":"[ActivityLogPublisher] flush failed {\"error\":\"socket hang up\"}"}
{"timestamp":"2026-08-12T09:30:50.098Z","level":"warn","message":"[ActivityLogPublisher] Failed to publish to https://runtime.us-east-1.kiro.dev/agents/activity: 400 — {\"message\":\"Field validation failed\"}"}
{"timestamp":"2026-08-12T09:30:50.099Z","level":"warn","message":"[ActivityLogPublisher] flush failed {\"error\":\"socket hang up\"}"}
{"timestamp":"2026-08-12T09:30:55.592Z","level":"warn","message":"[ActivityLogPublisher] Failed to publish to https://runtime.us-east-1.kiro.dev/agents/activity: 400 — {\"message\":\"Field validation failed\"}"}
{"timestamp":"2026-08-12T09:30:55.594Z","level":"warn","message":"[ActivityLogPublisher] flush failed {\"error\":\"socket hang up\"}"}
{"timestamp":"2026-08-12T09:30:58.631Z","level":"warn","message":"[ActivityLogPublisher] Failed to publish to https://runtime.us-east-1.kiro.dev/agents/activity: 400 — {\"message\":\"Field validation failed\"}"}
{"timestamp":"2026-08-12T09:30:58.632Z","level":"warn","message":"[ActivityLogPublisher] flush failed {\"error\":\"socket hang up\"}"}
{"timestamp":"2026-08-12T09:31:01.749Z","level":"warn","message":"[ActivityLogPublisher] Failed to publish to https://runtime.us-east-1.kiro.dev/agents/activity: 400 — {\"message\":\"Field validation failed\"}"}
{"timestamp":"2026-08-12T09:31:01.749Z","level":"warn","message":"[ActivityLogPublisher] flush failed {\"error\":\"socket hang up\"}"}
{"timestamp":"2026-08-12T09:31:04.688Z","level":"warn","message":"[ActivityLogPublisher] Failed to publish to https://runtime.us-east-1.kiro.dev/agents/activity: 400 — {\"message\":\"Field validation failed\"}"}
{"timestamp":"2026-08-12T09:31:04.689Z","level":"warn","message":"[ActivityLogPublisher] flush failed {\"error\":\"socket hang up\"}"}
{"timestamp":"2026-08-12T09:31:07.765Z","level":"warn","message":"[ActivityLogPublisher] Failed to publish to https://runtime.us-east-1.kiro.dev/agents/activity: 400 — {\"message\":\"Field validation failed\"}"}
{"timestamp":"2026-08-12T09:31:07.767Z","level":"warn","message":"[ActivityLogPublisher] flush failed {\"error\":\"socket hang up\"}"}
{"timestamp":"2026-08-12T09:31:10.764Z","level":"warn","message":"[ActivityLogPublisher] Failed to publish to https://runtime.us-east-1.kiro.dev/agents/activity: 400 — {\"message\":\"Field validation failed\"}"}
{"timestamp":"2026-08-12T09:31:10.765Z","level":"warn","message":"[ActivityLogPublisher] flush failed {\"error\":\"socket hang up\"}"}
{"timestamp":"2026-08-12T09:31:13.752Z","level":"warn","message":"[ActivityLogPublisher] Failed to publish to https://runtime.us-east-1.kiro.dev/agents/activity: 400 — {\"message\":\"Field validation failed\"}"}
{"timestamp":"2026-08-12T09:31:13.753Z","level":"warn","message":"[ActivityLogPublisher] flush failed {\"error\":\"socket hang up\"}"}
{"timestamp":"2026-08-12T09:31:16.777Z","level":"warn","message":"[ActivityLogPublisher] Failed to publish to https://runtime.us-east-1.kiro.dev/agents/activity: 400 — {\"message\":\"Field validation failed\"}"}
{"timestamp":"2026-08-12T09:31:16.777Z","level":"warn","message":"[ActivityLogPublisher] flush failed {\"error\":\"socket hang up\"}"}
{"timestamp":"2026-08-12T09:31:19.748Z","level":"warn","message":"[ActivityLogPublisher] Failed to publish to https://runtime.us-east-1.kiro.dev/agents/activity: 400 — {\"message\":\"Field validation failed\"}"}
{"timestamp":"2026-08-12T09:31:19.749Z","level":"warn","message":"[ActivityLogPublisher] flush failed {\"error\":\"socket hang up\"}"}
{"timestamp":"2026-08-12T09:31:22.790Z","level":"warn","message":"[ActivityLogPublisher] Failed to publish to https://runtime.us-east-1.kiro.dev/agents/activity: 400 — {\"message\":\"Field validation failed\"}"}
{"timestamp":"2026-08-12T09:31:22.791Z","level":"warn","message":"[ActivityLogPublisher] flush failed {\"error\":\"socket hang up\"}"}
{"timestamp":"2026-08-12T09:31:26.217Z","level":"warn","message":"[ActivityLogPublisher] Failed to publish to https://runtime.us-east-1.kiro.dev/agents/activity: 400 — {\"message\":\"Field validation failed\"}"}
{"timestamp":"2026-08-12T09:31:26.218Z","level":"warn","message":"[ActivityLogPublisher] flush failed {\"error\":\"socket hang up\"}"}
{"timestamp":"2026-08-12T09:31:31.475Z","level":"warn","message":"[ActivityLogPublisher] Failed to publish to https://runtime.us-east-1.kiro.dev/agents/activity: 400 — {\"message\":\"Field validation failed\"}"}
{"timestamp":"2026-08-12T09:31:31.476Z","level":"warn","message":"[ActivityLogPublisher] flush failed {\"error\":\"socket hang up\"}"}
{"timestamp":"2026-08-12T09:31:34.469Z","level":"warn","message":"[ActivityLogPublisher] Failed to publish to https://runtime.us-east-1.kiro.dev/agents/activity: 400 — {\"message\":\"Field validation failed\"}"}
{"timestamp":"2026-08-12T09:31:34.470Z","level":"warn","message":"[ActivityLogPublisher] flush failed {\"error\":\"socket hang up\"}"}
{"timestamp":"2026-08-12T09:31:37.924Z","level":"warn","message":"[ActivityLogPublisher] Failed to publish to https://runtime.us-east-1.kiro.dev/agents/activity: 400 — {\"message\":\"Field validation failed\"}"}
{"timestamp":"2026-08-12T09:31:37.924Z","level":"warn","message":"[ActivityLogPublisher] flush failed {\"error\":\"socket hang up\"}"}
{"timestamp":"2026-08-12T09:31:40.465Z","level":"warn","message":"[ActivityLogPublisher] Failed to publish to https://runtime.us-east-1.kiro.dev/agents/activity: 400 — {\"message\":\"Field validation failed\"}"}
{"timestamp":"2026-08-12T09:31:40.466Z","level":"warn","message":"[ActivityLogPublisher] flush failed {\"error\":\"socket hang up\"}"}
{"timestamp":"2026-08-12T09:31:43.912Z","level":"warn","message":"[ActivityLogPublisher] Failed to publish to https://runtime.us-east-1.kiro.dev/agents/activity: 400 — {\"message\":\"Field validation failed\"}"}
{"timestamp":"2026-08-12T09:31:43.913Z","level":"warn","message":"[ActivityLogPublisher] flush failed {\"error\":\"socket hang up\"}"}
{"timestamp":"2026-08-12T09:31:46.498Z","level":"warn","message":"[ActivityLogPublisher] Failed to publish to https://runtime.us-east-1.kiro.dev/agents/activity: 400 — {\"message\":\"Field validation failed\"}"}
{"timestamp":"2026-08-12T09:31:46.499Z","level":"warn","message":"[ActivityLogPublisher] flush failed {\"error\":\"socket hang up\"}"}
{"timestamp":"2026-08-12T09:31:49.476Z","level":"warn","message":"[ActivityLogPublisher] Failed to publish to https://runtime.us-east-1.kiro.dev/agents/activity: 400 — {\"message\":\"Field validation failed\"}"}
{"timestamp":"2026-08-12T09:31:49.477Z","level":"warn","message":"[ActivityLogPublisher] flush failed {\"error\":\"socket hang up\"}"}
{"timestamp":"2026-08-12T09:31:52.464Z","level":"warn","message":"[ActivityLogPublisher] Failed to publish to https://runtime.us-east-1.kiro.dev/agents/activity: 400 — {\"message\":\"Field validation failed\"}"}
{"timestamp":"2026-08-12T09:31:52.465Z","level":"warn","message":"[ActivityLogPublisher] flush failed {\"error\":\"socket hang up\"}"}
{"timestamp":"2026-08-12T09:31:55.507Z","level":"warn","message":"[ActivityLogPublisher] Failed to publish to https://runtime.us-east-1.kiro.dev/agents/activity: 400 — {\"message\":\"Field validation failed\"}"}
{"timestamp":"2026-08-12T09:31:55.508Z","level":"warn","message":"[ActivityLogPublisher] flush failed {\"error\":\"socket hang up\"}"}
{"timestamp":"2026-08-12T09:31:58.479Z","level":"warn","message":"[ActivityLogPublisher] Failed to publish to https://runtime.us-east-1.kiro.dev/agents/activity: 400 — {\"message\":\"Field validation failed\"}"}
{"timestamp":"2026-08-12T09:31:58.480Z","level":"warn","message":"[ActivityLogPublisher] flush failed {\"error\":\"socket hang up\"}"}
{"timestamp":"2026-08-12T09:32:00.623Z","level":"info","message":"network.listAvailableModels.ok {\"system\":\"network\",\"durationMs\":735}"}
{"timestamp":"2026-08-12T09:32:00.623Z","level":"info","message":"[ACPModelConfigProvider] Loaded 19 models"}
{"timestamp":"2026-08-12T09:32:01.478Z","level":"warn","message":"[ActivityLogPublisher] Failed to publish to https://runtime.us-east-1.kiro.dev/agents/activity: 400 — {\"message\":\"Field validation failed\"}"}
{"timestamp":"2026-08-12T09:32:01.479Z","level":"warn","message":"[ActivityLogPublisher] flush failed {\"error\":\"socket hang up\"}"}
{"timestamp":"2026-08-12T09:32:07.223Z","level":"warn","message":"[ActivityLogPublisher] Failed to publish to https://runtime.us-east-1.kiro.dev/agents/activity: 400 — {\"message\":\"Field validation failed\"}"}
{"timestamp":"2026-08-12T09:32:07.223Z","level":"warn","message":"[ActivityLogPublisher] flush failed {\"error\":\"socket hang up\"}"}
{"timestamp":"2026-08-12T09:32:10.251Z","level":"warn","message":"[ActivityLogPublisher] Failed to publish to https://runtime.us-east-1.kiro.dev/agents/activity: 400 — {\"message\":\"Field validation failed\"}"}
{"timestamp":"2026-08-12T09:32:10.252Z","level":"warn","message":"[ActivityLogPublisher] flush failed {\"error\":\"socket hang up\"}"}
{"timestamp":"2026-08-12T09:32:13.331Z","level":"warn","message":"[ActivityLogPublisher] Failed to publish to https://runtime.us-east-1.kiro.dev/agents/activity: 400 — {\"message\":\"Field validation failed\"}"}
{"timestamp":"2026-08-12T09:32:13.332Z","level":"warn","message":"[ActivityLogPublisher] flush failed {\"error\":\"socket hang up\"}"}
{"timestamp":"2026-08-12T09:32:16.327Z","level":"warn","message":"[ActivityLogPublisher] Failed to publish to https://runtime.us-east-1.kiro.dev/agents/activity: 400 — {\"message\":\"Field validation failed\"}"}
{"timestamp":"2026-08-12T09:32:16.328Z","level":"warn","message":"[ActivityLogPublisher] flush failed {\"error\":\"socket hang up\"}"}
{"timestamp":"2026-08-12T09:32:19.160Z","level":"warn","message":"[ActivityLogPublisher] Failed to publish to https://runtime.us-east-1.kiro.dev/agents/activity: 400 — {\"message\":\"Field validation failed\"}"}
{"timestamp":"2026-08-12T09:32:19.161Z","level":"warn","message":"[ActivityLogPublisher] flush failed {\"error\":\"socket hang up\"}"}
{"timestamp":"2026-08-12T09:32:22.324Z","level":"warn","message":"[ActivityLogPublisher] Failed to publish to https://runtime.us-east-1.kiro.dev/agents/activity: 400 — {\"message\":\"Field validation failed\"}"}
{"timestamp":"2026-08-12T09:32:22.325Z","level":"warn","message":"[ActivityLogPublisher] flush failed {\"error\":\"socket hang up\"}"}
{"timestamp":"2026-08-12T09:32:25.317Z","level":"warn","message":"[ActivityLogPublisher] Failed to publish to https://runtime.us-east-1.kiro.dev/agents/activity: 400 — {\"message\":\"Field validation failed\"}"}
{"timestamp":"2026-08-12T09:32:25.318Z","level":"warn","message":"[ActivityLogPublisher] flush failed {\"error\":\"socket hang up\"}"}
{"timestamp":"2026-08-12T09:32:28.092Z","level":"warn","message":"[ActivityLogPublisher] Failed to publish to https://runtime.us-east-1.kiro.dev/agents/activity: 400 — {\"message\":\"Field validation failed\"}"}
{"timestamp":"2026-08-12T09:32:28.093Z","level":"warn","message":"[ActivityLogPublisher] flush failed {\"error\":\"socket hang up\"}"}
{"timestamp":"2026-08-12T09:32:31.357Z","level":"warn","message":"[ActivityLogPublisher] Failed to publish to https://runtime.us-east-1.kiro.dev/agents/activity: 400 — {\"message\":\"Field validation failed\"}"}
{"timestamp":"2026-08-12T09:32:31.357Z","level":"warn","message":"[ActivityLogPublisher] flush failed {\"error\":\"socket hang up\"}"}
{"timestamp":"2026-08-12T09:32:34.594Z","level":"warn","message":"[ActivityLogPublisher] Failed to publish to https://runtime.us-east-1.kiro.dev/agents/activity: 400 — {\"message\":\"Field validation failed\"}"}
{"timestamp":"2026-08-12T09:32:34.595Z","level":"warn","message":"[ActivityLogPublisher] flush failed {\"error\":\"socket hang up\"}"}
{"timestamp":"2026-08-12T09:32:40.575Z","level":"warn","message":"[ActivityLogPublisher] Failed to publish to https://runtime.us-east-1.kiro.dev/agents/activity: 400 — {\"message\":\"Field validation failed\"}"}
{"timestamp":"2026-08-12T09:32:40.576Z","level":"warn","message":"[ActivityLogPublisher] flush failed {\"error\":\"socket hang up\"}"}
{"timestamp":"2026-08-12T09:32:43.588Z","level":"warn","message":"[ActivityLogPublisher] Failed to publish to https://runtime.us-east-1.kiro.dev/agents/activity: 400 — {\"message\":\"Field validation failed\"}"}
{"timestamp":"2026-08-12T09:32:43.589Z","level":"warn","message":"[ActivityLogPublisher] flush failed {\"error\":\"socket hang up\"}"}
{"timestamp":"2026-08-12T09:32:46.447Z","level":"warn","message":"[ActivityLogPublisher] Failed to publish to https://runtime.us-east-1.kiro.dev/agents/activity: 400 — {\"message\":\"Field validation failed\"}"}
{"timestamp":"2026-08-12T09:32:46.447Z","level":"warn","message":"[ActivityLogPublisher] flush failed {\"error\":\"socket hang up\"}"}
{"timestamp":"2026-08-12T09:32:49.572Z","level":"warn","message":"[ActivityLogPublisher] Failed to publish to https://runtime.us-east-1.kiro.dev/agents/activity: 400 — {\"message\":\"Field validation failed\"}"}
{"timestamp":"2026-08-12T09:32:49.573Z","level":"warn","message":"[ActivityLogPublisher] flush failed {\"error\":\"socket hang up\"}"}
{"timestamp":"2026-08-12T09:32:52.573Z","level":"warn","message":"[ActivityLogPublisher] Failed to publish to https://runtime.us-east-1.kiro.dev/agents/activity: 400 — {\"message\":\"Field validation failed\"}"}
{"timestamp":"2026-08-12T09:32:52.574Z","level":"warn","message":"[ActivityLogPublisher] flush failed {\"error\":\"socket hang up\"}"}
{"timestamp":"2026-08-12T09:32:55.558Z","level":"warn","message":"[ActivityLogPublisher] Failed to publish to https://runtime.us-east-1.kiro.dev/agents/activity: 400 — {\"message\":\"Field validation failed\"}"}
{"timestamp":"2026-08-12T09:32:55.559Z","level":"warn","message":"[ActivityLogPublisher] flush failed {\"error\":\"socket hang up\"}"}
{"timestamp":"2026-08-12T09:32:58.595Z","level":"warn","message":"[ActivityLogPublisher] Failed to publish to https://runtime.us-east-1.kiro.dev/agents/activity: 400 — {\"message\":\"Field validation failed\"}"}
{"timestamp":"2026-08-12T09:32:58.596Z","level":"warn","message":"[ActivityLogPublisher] flush failed {\"error\":\"socket hang up\"}"}
{"timestamp":"2026-08-12T09:33:01.607Z","level":"warn","message":"[ActivityLogPublisher] Failed to publish to https://runtime.us-east-1.kiro.dev/agents/activity: 400 — {\"message\":\"Field validation failed\"}"}
{"timestamp":"2026-08-12T09:33:01.608Z","level":"warn","message":"[ActivityLogPublisher] flush failed {\"error\":\"socket hang up\"}"}
{"timestamp":"2026-08-12T09:33:04.575Z","level":"warn","message":"[ActivityLogPublisher] Failed to publish to https://runtime.us-east-1.kiro.dev/agents/activity: 400 — {\"message\":\"Field validation failed\"}"}
{"timestamp":"2026-08-12T09:33:04.575Z","level":"warn","message":"[ActivityLogPublisher] flush failed {\"error\":\"socket hang up\"}"}
{"timestamp":"2026-08-12T09:33:07.590Z","level":"warn","message":"[ActivityLogPublisher] Failed to publish to https://runtime.us-east-1.kiro.dev/agents/activity: 400 — {\"message\":\"Field validation failed\"}"}
{"timestamp":"2026-08-12T09:33:07.591Z","level":"warn","message":"[ActivityLogPublisher] flush failed {\"error\":\"socket hang up\"}"}
{"timestamp":"2026-08-12T09:33:10.587Z","level":"warn","message":"[ActivityLogPublisher] Failed to publish to https://runtime.us-east-1.kiro.dev/agents/activity: 400 — {\"message\":\"Field validation failed\"}"}
{"timestamp":"2026-08-12T09:33:10.588Z","level":"warn","message":"[ActivityLogPublisher] flush failed {\"error\":\"socket hang up\"}"}
{"timestamp":"2026-08-12T09:33:17.237Z","level":"warn","message":"[ActivityLogPublisher] Failed to publish to https://runtime.us-east-1.kiro.dev/agents/activity: 400 — {\"message\":\"Field validation failed\"}"}
{"timestamp":"2026-08-12T09:33:17.238Z","level":"warn","message":"[ActivityLogPublisher] flush failed {\"error\":\"socket hang up\"}"}
{"timestamp":"2026-08-12T09:33:19.307Z","level":"warn","message":"[ActivityLogPublisher] Failed to publish to https://runtime.us-east-1.kiro.dev/agents/activity: 400 — {\"message\":\"Field validation failed\"}"}
{"timestamp":"2026-08-12T09:33:19.307Z","level":"warn","message":"[ActivityLogPublisher] flush failed {\"error\":\"socket hang up\"}"}
{"timestamp":"2026-08-12T09:33:22.299Z","level":"warn","message":"[ActivityLogPublisher] Failed to publish to https://runtime.us-east-1.kiro.dev/agents/activity: 400 — {\"message\":\"Field validation failed\"}"}
{"timestamp":"2026-08-12T09:33:22.300Z","level":"warn","message":"[ActivityLogPublisher] flush failed {\"error\":\"socket hang up\"}"}
{"timestamp":"2026-08-12T09:33:25.304Z","level":"warn","message":"[ActivityLogPublisher] Failed to publish to https://runtime.us-east-1.kiro.dev/agents/activity: 400 — {\"message\":\"Field validation failed\"}"}
{"timestamp":"2026-08-12T09:33:25.305Z","level":"warn","message":"[ActivityLogPublisher] flush failed {\"error\":\"socket hang up\"}"}
{"timestamp":"2026-08-12T09:33:28.258Z","level":"warn","message":"[ActivityLogPublisher] Failed to publish to https://runtime.us-east-1.kiro.dev/agents/activity: 400 — {\"message\":\"Field validation failed\"}"}
{"timestamp":"2026-08-12T09:33:28.258Z","level":"warn","message":"[ActivityLogPublisher] flush failed {\"error\":\"socket hang up\"}"}
{"timestamp":"2026-08-12T09:33:31.193Z","level":"warn","message":"[ActivityLogPublisher] Failed to publish to https://runtime.us-east-1.kiro.dev/agents/activity: 400 — {\"message\":\"Field validation failed\"}"}
{"timestamp":"2026-08-12T09:33:31.194Z","level":"warn","message":"[ActivityLogPublisher] flush failed {\"error\":\"socket hang up\"}"}
{"timestamp":"2026-08-12T09:33:34.561Z","level":"warn","message":"[ActivityLogPublisher] Failed to publish to https://runtime.us-east-1.kiro.dev/agents/activity: 400 — {\"message\":\"Field validation failed\"}"}
{"timestamp":"2026-08-12T09:33:34.561Z","level":"warn","message":"[ActivityLogPublisher] flush failed {\"error\":\"socket hang up\"}"}
{"timestamp":"2026-08-12T09:33:37.316Z","level":"warn","message":"[ActivityLogPublisher] Failed to publish to https://runtime.us-east-1.kiro.dev/agents/activity: 400 — {\"message\":\"Field validation failed\"}"}
{"timestamp":"2026-08-12T09:33:37.316Z","level":"warn","message":"[ActivityLogPublisher] flush failed {\"error\":\"socket hang up\"}"}
{"timestamp":"2026-08-12T09:33:40.778Z","level":"warn","message":"[ActivityLogPublisher] Failed to publish to https://runtime.us-east-1.kiro.dev/agents/activity: 400 — {\"message\":\"Field validation failed\"}"}
{"timestamp":"2026-08-12T09:33:40.779Z","level":"warn","message":"[ActivityLogPublisher] flush failed {\"error\":\"socket hang up\"}"}
{"timestamp":"2026-08-12T09:33:43.309Z","level":"warn","message":"[ActivityLogPublisher] Failed to publish to https://runtime.us-east-1.kiro.dev/agents/activity: 400 — {\"message\":\"Field validation failed\"}"}
{"timestamp":"2026-08-12T09:33:43.310Z","level":"warn","message":"[ActivityLogPublisher] flush failed {\"error\":\"socket hang up\"}"}
{"timestamp":"2026-08-12T09:33:46.312Z","level":"warn","message":"[ActivityLogPublisher] Failed to publish to https://runtime.us-east-1.kiro.dev/agents/activity: 400 — {\"message\":\"Field validation failed\"}"}
{"timestamp":"2026-08-12T09:33:46.312Z","level":"warn","message":"[ActivityLogPublisher] flush failed {\"error\":\"socket hang up\"}"}
{"timestamp":"2026-08-12T09:33:52.474Z","level":"warn","message":"[ActivityLogPublisher] Failed to publish to https://runtime.us-east-1.kiro.dev/agents/activity: 400 — {\"message\":\"Field validation failed\"}"}
{"timestamp":"2026-08-12T09:33:52.474Z","level":"warn","message":"[ActivityLogPublisher] flush failed {\"error\":\"socket hang up\"}"}
{"timestamp":"2026-08-12T09:33:55.100Z","level":"warn","message":"[ActivityLogPublisher] Failed to publish to https://runtime.us-east-1.kiro.dev/agents/activity: 400 — {\"message\":\"Field validation failed\"}"}
{"timestamp":"2026-08-12T09:33:55.101Z","level":"warn","message":"[ActivityLogPublisher] flush failed {\"error\":\"socket hang up\"}"}
{"timestamp":"2026-08-12T09:33:58.051Z","level":"warn","message":"[ActivityLogPublisher] Failed to publish to https://runtime.us-east-1.kiro.dev/agents/activity: 400 — {\"message\":\"Field validation failed\"}"}
{"timestamp":"2026-08-12T09:33:58.052Z","level":"warn","message":"[ActivityLogPublisher] flush failed {\"error\":\"socket hang up\"}"}
{"timestamp":"2026-08-12T09:34:01.571Z","level":"warn","message":"[ActivityLogPublisher] Failed to publish to https://runtime.us-east-1.kiro.dev/agents/activity: 400 — {\"message\":\"Field validation failed\"}"}
{"timestamp":"2026-08-12T09:34:01.572Z","level":"warn","message":"[ActivityLogPublisher] flush failed {\"error\":\"socket hang up\"}"}
{"timestamp":"2026-08-12T09:34:04.078Z","level":"warn","message":"[ActivityLogPublisher] Failed to publish to https://runtime.us-east-1.kiro.dev/agents/activity: 400 — {\"message\":\"Field validation failed\"}"}
{"timestamp":"2026-08-12T09:34:04.079Z","level":"warn","message":"[ActivityLogPublisher] flush failed {\"error\":\"socket hang up\"}"}
{"timestamp":"2026-08-12T09:34:07.553Z","level":"warn","message":"[ActivityLogPublisher] Failed to publish to https://runtime.us-east-1.kiro.dev/agents/activity: 400 — {\"message\":\"Field validation failed\"}"}
{"timestamp":"2026-08-12T09:34:07.554Z","level":"warn","message":"[ActivityLogPublisher] flush failed {\"error\":\"socket hang up\"}"}
{"timestamp":"2026-08-12T09:34:10.105Z","level":"warn","message":"[ActivityLogPublisher] Failed to publish to https://runtime.us-east-1.kiro.dev/agents/activity: 400 — {\"message\":\"Field validation failed\"}"}
{"timestamp":"2026-08-12T09:34:10.106Z","level":"warn","message":"[ActivityLogPublisher] flush failed {\"error\":\"socket hang up\"}"}
{"timestamp":"2026-08-12T09:34:13.076Z","level":"warn","message":"[ActivityLogPublisher] Failed to publish to https://runtime.us-east-1.kiro.dev/agents/activity: 400 — {\"message\":\"Field validation failed\"}"}
{"timestamp":"2026-08-12T09:34:13.077Z","level":"warn","message":"[ActivityLogPublisher] flush failed {\"error\":\"socket hang up\"}"}
{"timestamp":"2026-08-12T09:34:16.096Z","level":"warn","message":"[ActivityLogPublisher] Failed to publish to https://runtime.us-east-1.kiro.dev/agents/activity: 400 — {\"message\":\"Field validation failed\"}"}
{"timestamp":"2026-08-12T09:34:16.097Z","level":"warn","message":"[ActivityLogPublisher] flush failed {\"error\":\"socket hang up\"}"}
{"timestamp":"2026-08-12T09:34:19.127Z","level":"warn","message":"[ActivityLogPublisher] Failed to publish to https://runtime.us-east-1.kiro.dev/agents/activity: 400 — {\"message\":\"Field validation failed\"}"}
{"timestamp":"2026-08-12T09:34:19.128Z","level":"warn","message":"[ActivityLogPublisher] flush failed {\"error\":\"socket hang up\"}"}
{"timestamp":"2026-08-12T09:34:22.080Z","level":"warn","message":"[ActivityLogPublisher] Failed to publish to https://runtime.us-east-1.kiro.dev/agents/activity: 400 — {\"message\":\"Field validation failed\"}"}
{"timestamp":"2026-08-12T09:34:22.081Z","level":"warn","message":"[ActivityLogPublisher] flush failed {\"error\":\"socket hang up\"}"}
{"timestamp":"2026-08-12T09:34:27.890Z","level":"warn","message":"[ActivityLogPublisher] Failed to publish to https://runtime.us-east-1.kiro.dev/agents/activity: 400 — {\"message\":\"Field validation failed\"}"}
{"timestamp":"2026-08-12T09:34:27.891Z","level":"warn","message":"[ActivityLogPublisher] flush failed {\"error\":\"socket hang up\"}"}
{"timestamp":"2026-08-12T09:34:30.827Z","level":"warn","message":"[ActivityLogPublisher] Failed to publish to https://runtime.us-east-1.kiro.dev/agents/activity: 400 — {\"message\":\"Field validation failed\"}"}
{"timestamp":"2026-08-12T09:34:30.828Z","level":"warn","message":"[ActivityLogPublisher] flush failed {\"error\":\"socket hang up\"}"}
{"timestamp":"2026-08-12T09:34:33.898Z","level":"warn","message":"[ActivityLogPublisher] Failed to publish to https://runtime.us-east-1.kiro.dev/agents/activity: 400 — {\"message\":\"Field validation failed\"}"}
{"timestamp":"2026-08-12T09:34:33.899Z","level":"warn","message":"[ActivityLogPublisher] flush failed {\"error\":\"socket hang up\"}"}
{"timestamp":"2026-08-12T09:34:36.895Z","level":"warn","message":"[ActivityLogPublisher] Failed to publish to https://runtime.us-east-1.kiro.dev/agents/activity: 400 — {\"message\":\"Field validation failed\"}"}
{"timestamp":"2026-08-12T09:34:36.896Z","level":"warn","message":"[ActivityLogPublisher] flush failed {\"error\":\"socket hang up\"}"}
{"timestamp":"2026-08-12T09:34:39.889Z","level":"warn","message":"[ActivityLogPublisher] Failed to publish to https://runtime.us-east-1.kiro.dev/agents/activity: 400 — {\"message\":\"Field validation failed\"}"}
{"timestamp":"2026-08-12T09:34:39.890Z","level":"warn","message":"[ActivityLogPublisher] flush failed {\"error\":\"socket hang up\"}"}
{"timestamp":"2026-08-12T09:34:43.350Z","level":"warn","message":"[ActivityLogPublisher] Failed to publish to https://runtime.us-east-1.kiro.dev/agents/activity: 400 — {\"message\":\"Field validation failed\"}"}
{"timestamp":"2026-08-12T09:34:43.351Z","level":"warn","message":"[ActivityLogPublisher] flush failed {\"error\":\"socket hang up\"}"}
{"timestamp":"2026-08-12T09:34:45.755Z","level":"warn","message":"[ActivityLogPublisher] Failed to publish to https://runtime.us-east-1.kiro.dev/agents/activity: 400 — {\"message\":\"Field validation failed\"}"}
{"timestamp":"2026-08-12T09:34:45.755Z","level":"warn","message":"[ActivityLogPublisher] flush failed {\"error\":\"socket hang up\"}"}
{"timestamp":"2026-08-12T09:34:48.891Z","level":"warn","message":"[ActivityLogPublisher] Failed to publish to https://runtime.us-east-1.kiro.dev/agents/activity: 400 — {\"message\":\"Field validation failed\"}"}
{"timestamp":"2026-08-12T09:34:48.891Z","level":"warn","message":"[ActivityLogPublisher] flush failed {\"error\":\"socket hang up\"}"}
{"timestamp":"2026-08-12T09:34:51.892Z","level":"warn","message":"[ActivityLogPublisher] Failed to publish to https://runtime.us-east-1.kiro.dev/agents/activity: 400 — {\"message\":\"Field validation failed\"}"}
{"timestamp":"2026-08-12T09:34:51.893Z","level":"warn","message":"[ActivityLogPublisher] flush failed {\"error\":\"socket hang up\"}"}
{"timestamp":"2026-08-12T09:34:54.916Z","level":"warn","message":"[ActivityLogPublisher] Failed to publish to https://runtime.us-east-1.kiro.dev/agents/activity: 400 — {\"message\":\"Field validation failed\"}"}
{"timestamp":"2026-08-12T09:34:54.916Z","level":"warn","message":"[ActivityLogPublisher] flush failed {\"error\":\"socket hang up\"}"}
{"timestamp":"2026-08-12T09:35:00.675Z","level":"warn","message":"[ActivityLogPublisher] Failed to publish to https://runtime.us-east-1.kiro.dev/agents/activity: 400 — {\"message\":\"Field validation failed\"}"}
{"timestamp":"2026-08-12T09:35:00.676Z","level":"warn","message":"[ActivityLogPublisher] flush failed {\"error\":\"socket hang up\"}"}
{"timestamp":"2026-08-12T09:35:03.689Z","level":"warn","message":"[ActivityLogPublisher] Failed to publish to https://runtime.us-east-1.kiro.dev/agents/activity: 400 — {\"message\":\"Field validation failed\"}"}
{"timestamp":"2026-08-12T09:35:03.690Z","level":"warn","message":"[ActivityLogPublisher] flush failed {\"error\":\"socket hang up\"}"}
{"timestamp":"2026-08-12T09:35:07.170Z","level":"warn","message":"[ActivityLogPublisher] Failed to publish to https://runtime.us-east-1.kiro.dev/agents/activity: 400 — {\"message\":\"Field validation failed\"}"}
{"timestamp":"2026-08-12T09:35:07.171Z","level":"warn","message":"[ActivityLogPublisher] flush failed {\"error\":\"socket hang up\"}"}
{"timestamp":"2026-08-12T09:35:09.692Z","level":"warn","message":"[ActivityLogPublisher] Failed to publish to https://runtime.us-east-1.kiro.dev/agents/activity: 400 — {\"message\":\"Field validation failed\"}"}
{"timestamp":"2026-08-12T09:35:09.693Z","level":"warn","message":"[ActivityLogPublisher] flush failed {\"error\":\"socket hang up\"}"}
{"timestamp":"2026-08-12T09:35:12.679Z","level":"warn","message":"[ActivityLogPublisher] Failed to publish to https://runtime.us-east-1.kiro.dev/agents/activity: 400 — {\"message\":\"Field validation failed\"}"}
{"timestamp":"2026-08-12T09:35:12.680Z","level":"warn","message":"[ActivityLogPublisher] flush failed {\"error\":\"socket hang up\"}"}
{"timestamp":"2026-08-12T09:35:15.706Z","level":"warn","message":"[ActivityLogPublisher] Failed to publish to https://runtime.us-east-1.kiro.dev/agents/activity: 400 — {\"message\":\"Field validation failed\"}"}
{"timestamp":"2026-08-12T09:35:15.706Z","level":"warn","message":"[ActivityLogPublisher] flush failed {\"error\":\"socket hang up\"}"}
{"timestamp":"2026-08-12T09:35:18.725Z","level":"warn","message":"[ActivityLogPublisher] Failed to publish to https://runtime.us-east-1.kiro.dev/agents/activity: 400 — {\"message\":\"Field validation failed\"}"}
{"timestamp":"2026-08-12T09:35:18.727Z","level":"warn","message":"[ActivityLogPublisher] flush failed {\"error\":\"socket hang up\"}"}
