{"timestamp":"2026-08-11T20:29:45.153Z","level":"info","message":"File logging initialized at /home/nizar/.kiro/logs/20260811T202945142"}
{"timestamp":"2026-08-11T20:29:45.153Z","level":"info","message":"Initializing persistence at /home/nizar/.kiro/sessions"}
{"timestamp":"2026-08-11T20:29:45.157Z","level":"info","message":"[SessionPersistence] Initialized persistence at /home/nizar/.kiro/sessions"}
{"timestamp":"2026-08-11T20:29:45.157Z","level":"info","message":"Persistence initialized"}
{"timestamp":"2026-08-11T20:29:45.188Z","level":"info","message":"[AgentTelemetry] Initialized {\"endpoint\":\"https://prod.us-east-1.telemetry.desktop.kiro.dev\",\"serviceName\":\"kiroAgent\"}"}
{"timestamp":"2026-08-11T20:29:45.190Z","level":"info","message":"[KiroAgent] Remote MCP client initialized"}
{"timestamp":"2026-08-11T20:29:45.190Z","level":"info","message":"[KiroAgent] remote-tools-discovery.create {\"client\":\"kiro-ide\"}"}
{"timestamp":"2026-08-11T20:29:45.192Z","level":"info","message":"[KiroAgent] Cleared stale task execution statuses"}
{"timestamp":"2026-08-11T20:29:45.192Z","level":"info","message":"[KiroAgent] Platform initialized"}
{"timestamp":"2026-08-11T20:29:45.192Z","level":"info","message":"[KiroAgent] Resolved capabilities: {\"fsReadTextFile\":false,\"fsWriteTextFile\":false,\"kiroFsReadFile\":false,\"kiroFsWriteFile\":false,\"kiroFsStat\":false,\"kiroFsReadDirectory\":false,\"kiroFsDelete\":false,\"terminal\":false,\"secretStorage\":true,\"openExternalUrl\":true,\"knowledge\":true,\"infrastructureSafety\":false,\"c2sViews\":false,\"textSearch\":false,\"findFiles\":false}"}
{"timestamp":"2026-08-11T20:29:45.193Z","level":"info","message":"[KiroAgent] Wired ACP callback auth provider to active connection"}
{"timestamp":"2026-08-11T20:29:45.193Z","level":"info","message":"[RemoteToolsDiscovery] Fetching available Remote tools"}
{"timestamp":"2026-08-11T20:29:45.193Z","level":"info","message":"[KiroAgent] Client supports ACP secret storage"}
{"timestamp":"2026-08-11T20:29:45.193Z","level":"info","message":"[KiroAgent] Client supports ACP openExternalUrl"}
{"timestamp":"2026-08-11T20:29:45.193Z","level":"info","message":"[KiroAgent] Stored clientInfo.name {\"reportedClientName\":\"kiro-cli\",\"clientAttribution\":\"kiro-cli\",\"client\":\"kiro-cli\"}"}
{"timestamp":"2026-08-11T20:29:45.194Z","level":"info","message":"[KiroAgent] v2 hooks cache initialized (hooks load at session start)"}
{"timestamp":"2026-08-11T20:29:45.194Z","level":"info","message":"Handshake: returning logging config with 3 channels at /home/nizar/.kiro/logs/20260811T202945142"}
{"timestamp":"2026-08-11T20:29:45.236Z","level":"info","message":"[KiroAgent] ACP session/new sessionId=sess_4a69a782-d3dc-4044-a364-73daaaa3f8ee modeId=sandbox idempotent=false"}
{"timestamp":"2026-08-11T20:29:45.238Z","level":"info","message":"fs.loadSession.ok {\"system\":\"fs\",\"sessionId\":\"sess_4a69a782-d3dc-4044-a364-73daaaa3f8ee\",\"durationMs\":2}"}
{"timestamp":"2026-08-11T20:29:45.239Z","level":"info","message":"fs.loadSession.ok {\"system\":\"fs\",\"sessionId\":\"sess_4a69a782-d3dc-4044-a364-73daaaa3f8ee\",\"durationMs\":1}"}
{"timestamp":"2026-08-11T20:29:45.258Z","level":"info","message":"[AcpCallbackAuthProvider] Profile ARN rotated: <none> -> arn:aws:codewhisperer:us-east-1:957201034306:profile/MEWCYDRVXUUD"}
{"timestamp":"2026-08-11T20:29:45.456Z","level":"info","message":"[RemoteToolsDiscovery] Discovered 5 Remote tools"}
{"timestamp":"2026-08-11T20:29:45.467Z","level":"info","message":"network.getFeatureConfiguration.ok {\"system\":\"network\",\"durationMs\":202}"}
{"timestamp":"2026-08-11T20:29:45.468Z","level":"info","message":"[ExperimentConfigService] Resolved {\"origin\":\"KIRO_CLI\",\"version\":\"2.16.2\",\"keyCount\":3}"}
{"timestamp":"2026-08-11T20:29:45.499Z","level":"info","message":"network.listAvailableModels.ok {\"system\":\"network\",\"durationMs\":267}"}
{"timestamp":"2026-08-11T20:29:45.499Z","level":"info","message":"[ACPModelConfigProvider] Loaded 19 models"}
{"timestamp":"2026-08-11T20:29:45.526Z","level":"info","message":"network.getProfile.ok {\"system\":\"network\",\"durationMs\":260}"}
{"timestamp":"2026-08-11T20:29:45.526Z","level":"info","message":"[GovernanceService] Resolved {\"enterprise\":true,\"provider\":\"Enterprise\",\"profileArn\":\"arn:aws:codewhisperer:us-east-1:957201034306:profile/MEWCYDRVXUUD\",\"controlPlaneEndpoint\":\"https://management.us-east-1.kiro.dev\",\"mcpDisabled\":false,\"mcpReason\":\"admin_disabled\",\"webToolsDisabled\":false,\"autonomousAgentsDisabled\":false,\"disabledReason\":\"admin_disabled\",\"registryUrl\":\"\",\"catalogSize\":0}"}
{"timestamp":"2026-08-11T20:29:45.526Z","level":"info","message":"[AgentTelemetry] Telemetry disabled by user preference"}
{"timestamp":"2026-08-11T20:29:45.527Z","level":"info","message":"cloudConfig.entitlement.decided {\"verdict\":\"granted\"}"}
{"timestamp":"2026-08-11T20:29:45.530Z","level":"info","message":"[KiroAgent] v2 hooks loaded 0 standalone hooks from .kiro/hooks/"}
{"timestamp":"2026-08-11T20:29:45.530Z","level":"info","message":"fs.hooksReload.ok {\"system\":\"fs\",\"durationMs\":2}"}
{"timestamp":"2026-08-11T20:29:45.549Z","level":"info","message":"[ProfileLoader] profile.loaded {\"agentId\":\"light\"}"}
{"timestamp":"2026-08-11T20:29:45.550Z","level":"info","message":"[ProfileLoader] profile.loaded {\"agentId\":\"sandbox\"}"}
{"timestamp":"2026-08-11T20:29:45.550Z","level":"info","message":"fs.loadAgentProfiles.ok {\"system\":\"fs\",\"scope\":\"user\",\"durationMs\":20}"}
{"timestamp":"2026-08-11T20:29:45.553Z","level":"info","message":"fs.loadAgentProfiles.ok {\"system\":\"fs\",\"scope\":\"workspace\",\"durationMs\":0}"}
{"timestamp":"2026-08-11T20:29:45.553Z","level":"info","message":"[KiroAgent] Registered user profile: light"}
{"timestamp":"2026-08-11T20:29:45.553Z","level":"info","message":"[KiroAgent] Registered user profile: sandbox"}
{"timestamp":"2026-08-11T20:29:45.642Z","level":"info","message":"[AdapterFactory] read=Node, write=Node, stat=Node, readDir=Node, delete=Node, terminal=Node"}
{"timestamp":"2026-08-11T20:29:45.642Z","level":"info","message":"[WorkspaceConnection] clientTools=0, hasClientIOTools=false, injectedFs=false, injectedTerminal=false"}
{"timestamp":"2026-08-11T20:29:45.643Z","level":"info","message":"[KiroAgent] Using custom agent profile: sandbox"}
{"timestamp":"2026-08-11T20:29:45.644Z","level":"info","message":"[KiroAgent] Prepared 1 MCP servers from profile"}
{"timestamp":"2026-08-11T20:29:45.654Z","level":"info","message":"[ActivityLogPublisher] Publishing to https://runtime.us-east-1.kiro.dev"}
{"timestamp":"2026-08-11T20:29:45.654Z","level":"info","message":"[KiroAgent] Skipping global context fetch (remoteMCPClient=true, executionEnvironment=local)"}
{"timestamp":"2026-08-11T20:29:45.656Z","level":"info","message":"[KiroAgent] Saving session sess_4a69a782-d3dc-4044-a364-73daaaa3f8ee to /home/nizar/.kiro/sessions"}
{"timestamp":"2026-08-11T20:29:45.723Z","level":"info","message":"fs.powers.scan.ok {\"system\":\"fs\",\"baseCount\":2,\"trigger\":\"warm\",\"durationMs\":67}"}
{"timestamp":"2026-08-11T20:29:45.778Z","level":"info","message":"fs.saveSession.ok {\"system\":\"fs\",\"sessionId\":\"sess_4a69a782-d3dc-4044-a364-73daaaa3f8ee\",\"messageCount\":0,\"durationMs\":122}"}
{"timestamp":"2026-08-11T20:29:45.778Z","level":"info","message":"[KiroAgent] Session sess_4a69a782-d3dc-4044-a364-73daaaa3f8ee saved successfully"}
{"timestamp":"2026-08-11T20:29:45.789Z","level":"info","message":"session.new.total {\"sessionId\":\"sess_4a69a782-d3dc-4044-a364-73daaaa3f8ee\",\"outcome\":\"resolved\",\"durationMs\":557}"}
{"timestamp":"2026-08-11T20:29:45.866Z","level":"info","message":"[SessionPersistence] Updated metadata for session sess_4a69a782-d3dc-4044-a364-73daaaa3f8ee"}
{"timestamp":"2026-08-11T20:30:26.312Z","level":"info","message":"[ProfileLoader] profile.loaded {\"agentId\":\"light\"}"}
{"timestamp":"2026-08-11T20:30:26.314Z","level":"info","message":"[ProfileLoader] profile.loaded {\"agentId\":\"sandbox\"}"}
{"timestamp":"2026-08-11T20:30:26.314Z","level":"info","message":"fs.loadAgentProfiles.ok {\"system\":\"fs\",\"scope\":\"user\",\"durationMs\":9}"}
{"timestamp":"2026-08-11T20:30:26.315Z","level":"info","message":"fs.loadAgentProfiles.ok {\"system\":\"fs\",\"scope\":\"workspace\",\"durationMs\":0}"}
{"timestamp":"2026-08-11T20:30:26.315Z","level":"info","message":"[KiroAgent] Registered user profile: light"}
{"timestamp":"2026-08-11T20:30:26.315Z","level":"info","message":"[KiroAgent] Registered user profile: sandbox"}
{"timestamp":"2026-08-11T20:31:50.907Z","level":"info","message":"[PolicySession] rebuild() complete: 14 rules parsed, engineActive=true, fatal=false"}
{"timestamp":"2026-08-11T20:31:50.955Z","level":"info","message":"[SessionPersistence] Updated metadata for session sess_4a69a782-d3dc-4044-a364-73daaaa3f8ee"}
{"timestamp":"2026-08-11T20:32:35.056Z","level":"info","message":"[PolicySession] rebuild() complete: 2 rules parsed, engineActive=true, fatal=false"}
{"timestamp":"2026-08-11T20:32:35.077Z","level":"info","message":"[SessionPersistence] Updated metadata for session sess_4a69a782-d3dc-4044-a364-73daaaa3f8ee"}
{"timestamp":"2026-08-11T20:34:29.731Z","level":"info","message":"[ProfileLoader] profile.loaded {\"agentId\":\"light\"}"}
{"timestamp":"2026-08-11T20:34:29.732Z","level":"info","message":"[ProfileLoader] profile.loaded {\"agentId\":\"sandbox\"}"}
{"timestamp":"2026-08-11T20:34:29.732Z","level":"info","message":"fs.loadAgentProfiles.ok {\"system\":\"fs\",\"scope\":\"user\",\"durationMs\":8}"}
{"timestamp":"2026-08-11T20:34:29.734Z","level":"info","message":"fs.loadAgentProfiles.ok {\"system\":\"fs\",\"scope\":\"workspace\",\"durationMs\":1}"}
{"timestamp":"2026-08-11T20:34:29.734Z","level":"info","message":"[KiroAgent] Registered user profile: light"}
{"timestamp":"2026-08-11T20:34:29.734Z","level":"info","message":"[KiroAgent] Registered user profile: sandbox"}
{"timestamp":"2026-08-11T20:35:12.946Z","level":"info","message":"network.listAvailableModels.ok {\"system\":\"network\",\"durationMs\":784}"}
{"timestamp":"2026-08-11T20:35:12.946Z","level":"info","message":"[ACPModelConfigProvider] Loaded 19 models"}
{"timestamp":"2026-08-11T20:39:54.965Z","level":"info","message":"[KiroAgent] ACP session/prompt sessionId=sess_4a69a782-d3dc-4044-a364-73daaaa3f8ee"}
{"timestamp":"2026-08-11T20:39:54.970Z","level":"info","message":"fs.appendMessages.ok {\"system\":\"fs\",\"sessionId\":\"sess_4a69a782-d3dc-4044-a364-73daaaa3f8ee\",\"messageCount\":1,\"durationMs\":3}"}
{"timestamp":"2026-08-11T20:39:54.973Z","level":"info","message":"session.model.pinned {\"sessionId\":\"sess_4a69a782-d3dc-4044-a364-73daaaa3f8ee\",\"modelId\":\"auto\"}"}
{"timestamp":"2026-08-11T20:39:54.975Z","level":"info","message":"agent_controller.triggered {\"agentType\":\"custom-agent\",\"autonomyMode\":\"Autopilot\",\"modelId\":\"auto\"}","conversationId":"sess_4a69a782-d3dc-4044-a364-73daaaa3f8ee"}
{"timestamp":"2026-08-11T20:39:54.977Z","level":"info","message":"[agent-controller] Progressing model queue {\"activeExecution\":false,\"queueSize\":1}","conversationId":"sess_4a69a782-d3dc-4044-a364-73daaaa3f8ee"}
{"timestamp":"2026-08-11T20:39:54.979Z","level":"info","message":"[ACPEventAdapter] Execution began {\"executionId\":\"9ec8cdae-c779-45fb-a1e8-c1c1a55be4e5\"}","conversationId":"sess_4a69a782-d3dc-4044-a364-73daaaa3f8ee","turnId":"9ec8cdae-c779-45fb-a1e8-c1c1a55be4e5","rootTurnId":"9ec8cdae-c779-45fb-a1e8-c1c1a55be4e5"}
{"timestamp":"2026-08-11T20:39:54.982Z","level":"info","message":"[SessionPersistence] Updated metadata for session sess_4a69a782-d3dc-4044-a364-73daaaa3f8ee"}
{"timestamp":"2026-08-11T20:39:54.983Z","level":"info","message":"[SessionPersistence] Updated metadata for session sess_4a69a782-d3dc-4044-a364-73daaaa3f8ee"}
{"timestamp":"2026-08-11T20:39:54.985Z","level":"info","message":"fs.appendMessages.ok {\"system\":\"fs\",\"sessionId\":\"sess_4a69a782-d3dc-4044-a364-73daaaa3f8ee\",\"messageCount\":1,\"durationMs\":5}","conversationId":"sess_4a69a782-d3dc-4044-a364-73daaaa3f8ee","turnId":"9ec8cdae-c779-45fb-a1e8-c1c1a55be4e5","rootTurnId":"9ec8cdae-c779-45fb-a1e8-c1c1a55be4e5"}
{"timestamp":"2026-08-11T20:39:55.007Z","level":"info","message":"model.invoke.start","conversationId":"sess_4a69a782-d3dc-4044-a364-73daaaa3f8ee","turnId":"9ec8cdae-c779-45fb-a1e8-c1c1a55be4e5","rootTurnId":"9ec8cdae-c779-45fb-a1e8-c1c1a55be4e5"}
{"timestamp":"2026-08-11T20:39:55.008Z","level":"info","message":"[Steering] Populating steering for execution 9ec8cdae-c779-45fb-a1e8-c1c1a55be4e5","conversationId":"sess_4a69a782-d3dc-4044-a364-73daaaa3f8ee","turnId":"9ec8cdae-c779-45fb-a1e8-c1c1a55be4e5","rootTurnId":"9ec8cdae-c779-45fb-a1e8-c1c1a55be4e5"}
{"timestamp":"2026-08-11T20:39:55.008Z","level":"info","message":"[Steering] ExistingFiles:  in 9ec8cdae-c779-45fb-a1e8-c1c1a55be4e5","conversationId":"sess_4a69a782-d3dc-4044-a364-73daaaa3f8ee","turnId":"9ec8cdae-c779-45fb-a1e8-c1c1a55be4e5","rootTurnId":"9ec8cdae-c779-45fb-a1e8-c1c1a55be4e5"}
{"timestamp":"2026-08-11T20:39:55.010Z","level":"warn","message":"[ACPEventAdapter] Tool missing rawInput, falling back to input. {\"actionType\":\"steering\"}","conversationId":"sess_4a69a782-d3dc-4044-a364-73daaaa3f8ee","turnId":"9ec8cdae-c779-45fb-a1e8-c1c1a55be4e5","rootTurnId":"9ec8cdae-c779-45fb-a1e8-c1c1a55be4e5"}
{"timestamp":"2026-08-11T20:39:55.033Z","level":"info","message":"[q-developer-converse] Sending GenerateAssistantResponse modelId=auto agentMode=custom origin=KIRO_CLI streaming=true conversationId=sess_4a69a782-d3dc-4044-a364-73daaaa3f8ee","conversationId":"sess_4a69a782-d3dc-4044-a364-73daaaa3f8ee","turnId":"9ec8cdae-c779-45fb-a1e8-c1c1a55be4e5","rootTurnId":"9ec8cdae-c779-45fb-a1e8-c1c1a55be4e5"}
{"timestamp":"2026-08-11T20:39:55.033Z","level":"info","message":"[q-developer-converse] Request payload: 150198 chars, 2 history messages, conversationId=sess_4a69a782-d3dc-4044-a364-73daaaa3f8ee","conversationId":"sess_4a69a782-d3dc-4044-a364-73daaaa3f8ee","turnId":"9ec8cdae-c779-45fb-a1e8-c1c1a55be4e5","rootTurnId":"9ec8cdae-c779-45fb-a1e8-c1c1a55be4e5"}
{"timestamp":"2026-08-11T20:39:55.051Z","level":"info","message":"[SessionPersistence] Updated metadata for session sess_4a69a782-d3dc-4044-a364-73daaaa3f8ee","conversationId":"sess_4a69a782-d3dc-4044-a364-73daaaa3f8ee","turnId":"9ec8cdae-c779-45fb-a1e8-c1c1a55be4e5","rootTurnId":"9ec8cdae-c779-45fb-a1e8-c1c1a55be4e5"}
{"timestamp":"2026-08-11T20:39:55.053Z","level":"info","message":"fs.appendMessages.ok {\"system\":\"fs\",\"sessionId\":\"sess_4a69a782-d3dc-4044-a364-73daaaa3f8ee\",\"messageCount\":1,\"durationMs\":42}","conversationId":"sess_4a69a782-d3dc-4044-a364-73daaaa3f8ee","turnId":"9ec8cdae-c779-45fb-a1e8-c1c1a55be4e5","rootTurnId":"9ec8cdae-c779-45fb-a1e8-c1c1a55be4e5"}
{"timestamp":"2026-08-11T20:39:57.940Z","level":"warn","message":"[ACPEventAdapter] Action type has no dedicated handler and is being routed as a tool call. If this is a new non-tool action, add it to DispatchedActionType. {\"actionType\":\"kiro_power\"}","conversationId":"sess_4a69a782-d3dc-4044-a364-73daaaa3f8ee","turnId":"9ec8cdae-c779-45fb-a1e8-c1c1a55be4e5","rootTurnId":"9ec8cdae-c779-45fb-a1e8-c1c1a55be4e5"}
{"timestamp":"2026-08-11T20:39:57.956Z","level":"info","message":"model.invoke.start","conversationId":"sess_4a69a782-d3dc-4044-a364-73daaaa3f8ee","turnId":"9ec8cdae-c779-45fb-a1e8-c1c1a55be4e5","rootTurnId":"9ec8cdae-c779-45fb-a1e8-c1c1a55be4e5"}
{"timestamp":"2026-08-11T20:39:57.956Z","level":"info","message":"[Steering] Populating steering for execution 9ec8cdae-c779-45fb-a1e8-c1c1a55be4e5","conversationId":"sess_4a69a782-d3dc-4044-a364-73daaaa3f8ee","turnId":"9ec8cdae-c779-45fb-a1e8-c1c1a55be4e5","rootTurnId":"9ec8cdae-c779-45fb-a1e8-c1c1a55be4e5"}
{"timestamp":"2026-08-11T20:39:57.957Z","level":"info","message":"[Steering] ExistingFiles:  in 9ec8cdae-c779-45fb-a1e8-c1c1a55be4e5","conversationId":"sess_4a69a782-d3dc-4044-a364-73daaaa3f8ee","turnId":"9ec8cdae-c779-45fb-a1e8-c1c1a55be4e5","rootTurnId":"9ec8cdae-c779-45fb-a1e8-c1c1a55be4e5"}
{"timestamp":"2026-08-11T20:39:57.969Z","level":"info","message":"[q-developer-converse] Sending GenerateAssistantResponse modelId=auto agentMode=custom origin=KIRO_CLI streaming=true conversationId=sess_4a69a782-d3dc-4044-a364-73daaaa3f8ee","conversationId":"sess_4a69a782-d3dc-4044-a364-73daaaa3f8ee","turnId":"9ec8cdae-c779-45fb-a1e8-c1c1a55be4e5","rootTurnId":"9ec8cdae-c779-45fb-a1e8-c1c1a55be4e5"}
{"timestamp":"2026-08-11T20:39:57.970Z","level":"info","message":"[q-developer-converse] Request payload: 150686 chars, 4 history messages, conversationId=sess_4a69a782-d3dc-4044-a364-73daaaa3f8ee","conversationId":"sess_4a69a782-d3dc-4044-a364-73daaaa3f8ee","turnId":"9ec8cdae-c779-45fb-a1e8-c1c1a55be4e5","rootTurnId":"9ec8cdae-c779-45fb-a1e8-c1c1a55be4e5"}
{"timestamp":"2026-08-11T20:39:58.002Z","level":"info","message":"fs.appendMessages.ok {\"system\":\"fs\",\"sessionId\":\"sess_4a69a782-d3dc-4044-a364-73daaaa3f8ee\",\"messageCount\":2,\"durationMs\":61}","conversationId":"sess_4a69a782-d3dc-4044-a364-73daaaa3f8ee","turnId":"9ec8cdae-c779-45fb-a1e8-c1c1a55be4e5","rootTurnId":"9ec8cdae-c779-45fb-a1e8-c1c1a55be4e5"}
{"timestamp":"2026-08-11T20:39:58.012Z","level":"info","message":"fs.appendMessages.ok {\"system\":\"fs\",\"sessionId\":\"sess_4a69a782-d3dc-4044-a364-73daaaa3f8ee\",\"messageCount\":1,\"durationMs\":9}","conversationId":"sess_4a69a782-d3dc-4044-a364-73daaaa3f8ee","turnId":"9ec8cdae-c779-45fb-a1e8-c1c1a55be4e5","rootTurnId":"9ec8cdae-c779-45fb-a1e8-c1c1a55be4e5"}
{"timestamp":"2026-08-11T20:40:01.031Z","level":"info","message":"fs.appendMessages.ok {\"system\":\"fs\",\"sessionId\":\"sess_4a69a782-d3dc-4044-a364-73daaaa3f8ee\",\"messageCount\":1,\"durationMs\":3}","conversationId":"sess_4a69a782-d3dc-4044-a364-73daaaa3f8ee","turnId":"9ec8cdae-c779-45fb-a1e8-c1c1a55be4e5","rootTurnId":"9ec8cdae-c779-45fb-a1e8-c1c1a55be4e5"}
{"timestamp":"2026-08-11T20:40:01.590Z","level":"warn","message":"[PersistenceClassification] Unknown action type \"tool_search\" — defaulting to \"tool\". Add it to KnownActionType in persistence-classification.ts.","conversationId":"sess_4a69a782-d3dc-4044-a364-73daaaa3f8ee","turnId":"9ec8cdae-c779-45fb-a1e8-c1c1a55be4e5","rootTurnId":"9ec8cdae-c779-45fb-a1e8-c1c1a55be4e5"}
{"timestamp":"2026-08-11T20:40:01.590Z","level":"warn","message":"[ACPEventAdapter] Action type has no dedicated handler and is being routed as a tool call. If this is a new non-tool action, add it to DispatchedActionType. {\"actionType\":\"tool_search\"}","conversationId":"sess_4a69a782-d3dc-4044-a364-73daaaa3f8ee","turnId":"9ec8cdae-c779-45fb-a1e8-c1c1a55be4e5","rootTurnId":"9ec8cdae-c779-45fb-a1e8-c1c1a55be4e5"}
{"timestamp":"2026-08-11T20:40:01.592Z","level":"info","message":"fs.appendMessages.ok {\"system\":\"fs\",\"sessionId\":\"sess_4a69a782-d3dc-4044-a364-73daaaa3f8ee\",\"messageCount\":2,\"durationMs\":2}","conversationId":"sess_4a69a782-d3dc-4044-a364-73daaaa3f8ee","turnId":"9ec8cdae-c779-45fb-a1e8-c1c1a55be4e5","rootTurnId":"9ec8cdae-c779-45fb-a1e8-c1c1a55be4e5"}
{"timestamp":"2026-08-11T20:40:01.603Z","level":"info","message":"model.invoke.start","conversationId":"sess_4a69a782-d3dc-4044-a364-73daaaa3f8ee","turnId":"9ec8cdae-c779-45fb-a1e8-c1c1a55be4e5","rootTurnId":"9ec8cdae-c779-45fb-a1e8-c1c1a55be4e5"}
{"timestamp":"2026-08-11T20:40:01.603Z","level":"info","message":"[Steering] Populating steering for execution 9ec8cdae-c779-45fb-a1e8-c1c1a55be4e5","conversationId":"sess_4a69a782-d3dc-4044-a364-73daaaa3f8ee","turnId":"9ec8cdae-c779-45fb-a1e8-c1c1a55be4e5","rootTurnId":"9ec8cdae-c779-45fb-a1e8-c1c1a55be4e5"}
{"timestamp":"2026-08-11T20:40:01.603Z","level":"info","message":"[Steering] ExistingFiles:  in 9ec8cdae-c779-45fb-a1e8-c1c1a55be4e5","conversationId":"sess_4a69a782-d3dc-4044-a364-73daaaa3f8ee","turnId":"9ec8cdae-c779-45fb-a1e8-c1c1a55be4e5","rootTurnId":"9ec8cdae-c779-45fb-a1e8-c1c1a55be4e5"}
{"timestamp":"2026-08-11T20:40:01.610Z","level":"info","message":"[q-developer-converse] Sending GenerateAssistantResponse modelId=auto agentMode=custom origin=KIRO_CLI streaming=true conversationId=sess_4a69a782-d3dc-4044-a364-73daaaa3f8ee","conversationId":"sess_4a69a782-d3dc-4044-a364-73daaaa3f8ee","turnId":"9ec8cdae-c779-45fb-a1e8-c1c1a55be4e5","rootTurnId":"9ec8cdae-c779-45fb-a1e8-c1c1a55be4e5"}
{"timestamp":"2026-08-11T20:40:01.611Z","level":"info","message":"[q-developer-converse] Request payload: 251061 chars, 6 history messages, conversationId=sess_4a69a782-d3dc-4044-a364-73daaaa3f8ee","conversationId":"sess_4a69a782-d3dc-4044-a364-73daaaa3f8ee","turnId":"9ec8cdae-c779-45fb-a1e8-c1c1a55be4e5","rootTurnId":"9ec8cdae-c779-45fb-a1e8-c1c1a55be4e5"}
{"timestamp":"2026-08-11T20:40:01.662Z","level":"info","message":"fs.appendMessages.ok {\"system\":\"fs\",\"sessionId\":\"sess_4a69a782-d3dc-4044-a364-73daaaa3f8ee\",\"messageCount\":1,\"durationMs\":64}","conversationId":"sess_4a69a782-d3dc-4044-a364-73daaaa3f8ee","turnId":"9ec8cdae-c779-45fb-a1e8-c1c1a55be4e5","rootTurnId":"9ec8cdae-c779-45fb-a1e8-c1c1a55be4e5"}
{"timestamp":"2026-08-11T20:40:14.485Z","level":"info","message":"[ACPEventAdapter] Execution succeeded {\"executionId\":\"9ec8cdae-c779-45fb-a1e8-c1c1a55be4e5\"}","conversationId":"sess_4a69a782-d3dc-4044-a364-73daaaa3f8ee","turnId":"9ec8cdae-c779-45fb-a1e8-c1c1a55be4e5","rootTurnId":"9ec8cdae-c779-45fb-a1e8-c1c1a55be4e5"}
{"timestamp":"2026-08-11T20:40:14.494Z","level":"info","message":"fs.appendMessages.ok {\"system\":\"fs\",\"sessionId\":\"sess_4a69a782-d3dc-4044-a364-73daaaa3f8ee\",\"messageCount\":1,\"durationMs\":17}","conversationId":"sess_4a69a782-d3dc-4044-a364-73daaaa3f8ee","turnId":"9ec8cdae-c779-45fb-a1e8-c1c1a55be4e5","rootTurnId":"9ec8cdae-c779-45fb-a1e8-c1c1a55be4e5"}
{"timestamp":"2026-08-11T20:40:14.498Z","level":"info","message":"fs.appendMessages.ok {\"system\":\"fs\",\"sessionId\":\"sess_4a69a782-d3dc-4044-a364-73daaaa3f8ee\",\"messageCount\":1,\"durationMs\":3}","conversationId":"sess_4a69a782-d3dc-4044-a364-73daaaa3f8ee","turnId":"9ec8cdae-c779-45fb-a1e8-c1c1a55be4e5","rootTurnId":"9ec8cdae-c779-45fb-a1e8-c1c1a55be4e5"}
{"timestamp":"2026-08-11T20:40:14.500Z","level":"info","message":"fs.appendMessages.ok {\"system\":\"fs\",\"sessionId\":\"sess_4a69a782-d3dc-4044-a364-73daaaa3f8ee\",\"messageCount\":3,\"durationMs\":2}","conversationId":"sess_4a69a782-d3dc-4044-a364-73daaaa3f8ee","turnId":"9ec8cdae-c779-45fb-a1e8-c1c1a55be4e5","rootTurnId":"9ec8cdae-c779-45fb-a1e8-c1c1a55be4e5"}
{"timestamp":"2026-08-11T20:40:14.501Z","level":"info","message":"[agent-controller] Progressing model queue {\"activeExecution\":true,\"queueSize\":0}","conversationId":"sess_4a69a782-d3dc-4044-a364-73daaaa3f8ee","turnId":"9ec8cdae-c779-45fb-a1e8-c1c1a55be4e5","rootTurnId":"9ec8cdae-c779-45fb-a1e8-c1c1a55be4e5"}
{"timestamp":"2026-08-11T20:40:14.501Z","level":"info","message":"[agent-controller] Progressing model queue {\"activeExecution\":false,\"queueSize\":0}","conversationId":"sess_4a69a782-d3dc-4044-a364-73daaaa3f8ee","turnId":"9ec8cdae-c779-45fb-a1e8-c1c1a55be4e5","rootTurnId":"9ec8cdae-c779-45fb-a1e8-c1c1a55be4e5"}
{"timestamp":"2026-08-11T20:40:14.503Z","level":"info","message":"fs.loadSession.ok {\"system\":\"fs\",\"sessionId\":\"sess_4a69a782-d3dc-4044-a364-73daaaa3f8ee\",\"durationMs\":2}","conversationId":"sess_4a69a782-d3dc-4044-a364-73daaaa3f8ee"}
{"timestamp":"2026-08-11T20:40:14.504Z","level":"info","message":"[SessionPersistence] Updated metadata for session sess_4a69a782-d3dc-4044-a364-73daaaa3f8ee","conversationId":"sess_4a69a782-d3dc-4044-a364-73daaaa3f8ee","turnId":"9ec8cdae-c779-45fb-a1e8-c1c1a55be4e5","rootTurnId":"9ec8cdae-c779-45fb-a1e8-c1c1a55be4e5"}
{"timestamp":"2026-08-11T20:40:14.507Z","level":"info","message":"fs.appendMessages.ok {\"system\":\"fs\",\"sessionId\":\"sess_4a69a782-d3dc-4044-a364-73daaaa3f8ee\",\"messageCount\":1,\"durationMs\":2}","conversationId":"sess_4a69a782-d3dc-4044-a364-73daaaa3f8ee"}
{"timestamp":"2026-08-11T20:40:38.110Z","level":"info","message":"network.listAvailableModels.ok {\"system\":\"network\",\"durationMs\":195}"}
{"timestamp":"2026-08-11T20:40:38.110Z","level":"info","message":"[ACPModelConfigProvider] Loaded 19 models"}
{"timestamp":"2026-08-11T20:41:25.005Z","level":"info","message":"[KiroAgent] ACP session/prompt sessionId=sess_4a69a782-d3dc-4044-a364-73daaaa3f8ee"}
{"timestamp":"2026-08-11T20:41:25.007Z","level":"info","message":"fs.appendMessages.ok {\"system\":\"fs\",\"sessionId\":\"sess_4a69a782-d3dc-4044-a364-73daaaa3f8ee\",\"messageCount\":1,\"durationMs\":2}"}
{"timestamp":"2026-08-11T20:41:25.008Z","level":"info","message":"agent_controller.triggered {\"agentType\":\"custom-agent\",\"autonomyMode\":\"Autopilot\",\"modelId\":\"auto\"}","conversationId":"sess_4a69a782-d3dc-4044-a364-73daaaa3f8ee"}
{"timestamp":"2026-08-11T20:41:25.009Z","level":"info","message":"[agent-controller] Progressing model queue {\"activeExecution\":false,\"queueSize\":1}","conversationId":"sess_4a69a782-d3dc-4044-a364-73daaaa3f8ee"}
{"timestamp":"2026-08-11T20:41:25.009Z","level":"info","message":"[ACPEventAdapter] Execution began {\"executionId\":\"4ccf1f8e-bb04-4fd2-97d9-5036d69222f1\"}","conversationId":"sess_4a69a782-d3dc-4044-a364-73daaaa3f8ee","turnId":"4ccf1f8e-bb04-4fd2-97d9-5036d69222f1","rootTurnId":"4ccf1f8e-bb04-4fd2-97d9-5036d69222f1"}
{"timestamp":"2026-08-11T20:41:25.017Z","level":"info","message":"fs.appendMessages.ok {\"system\":\"fs\",\"sessionId\":\"sess_4a69a782-d3dc-4044-a364-73daaaa3f8ee\",\"messageCount\":1,\"durationMs\":8}","conversationId":"sess_4a69a782-d3dc-4044-a364-73daaaa3f8ee","turnId":"4ccf1f8e-bb04-4fd2-97d9-5036d69222f1","rootTurnId":"4ccf1f8e-bb04-4fd2-97d9-5036d69222f1"}
{"timestamp":"2026-08-11T20:41:25.023Z","level":"info","message":"model.invoke.start","conversationId":"sess_4a69a782-d3dc-4044-a364-73daaaa3f8ee","turnId":"4ccf1f8e-bb04-4fd2-97d9-5036d69222f1","rootTurnId":"4ccf1f8e-bb04-4fd2-97d9-5036d69222f1"}
{"timestamp":"2026-08-11T20:41:25.023Z","level":"info","message":"[Steering] Populating steering for execution 4ccf1f8e-bb04-4fd2-97d9-5036d69222f1","conversationId":"sess_4a69a782-d3dc-4044-a364-73daaaa3f8ee","turnId":"4ccf1f8e-bb04-4fd2-97d9-5036d69222f1","rootTurnId":"4ccf1f8e-bb04-4fd2-97d9-5036d69222f1"}
{"timestamp":"2026-08-11T20:41:25.023Z","level":"info","message":"[Steering] ExistingFiles:  in 4ccf1f8e-bb04-4fd2-97d9-5036d69222f1","conversationId":"sess_4a69a782-d3dc-4044-a364-73daaaa3f8ee","turnId":"4ccf1f8e-bb04-4fd2-97d9-5036d69222f1","rootTurnId":"4ccf1f8e-bb04-4fd2-97d9-5036d69222f1"}
{"timestamp":"2026-08-11T20:41:25.034Z","level":"info","message":"[q-developer-converse] Sending GenerateAssistantResponse modelId=auto agentMode=custom origin=KIRO_CLI streaming=true conversationId=sess_4a69a782-d3dc-4044-a364-73daaaa3f8ee","conversationId":"sess_4a69a782-d3dc-4044-a364-73daaaa3f8ee","turnId":"4ccf1f8e-bb04-4fd2-97d9-5036d69222f1","rootTurnId":"4ccf1f8e-bb04-4fd2-97d9-5036d69222f1"}
{"timestamp":"2026-08-11T20:41:25.035Z","level":"info","message":"[q-developer-converse] Request payload: 254083 chars, 8 history messages, conversationId=sess_4a69a782-d3dc-4044-a364-73daaaa3f8ee","conversationId":"sess_4a69a782-d3dc-4044-a364-73daaaa3f8ee","turnId":"4ccf1f8e-bb04-4fd2-97d9-5036d69222f1","rootTurnId":"4ccf1f8e-bb04-4fd2-97d9-5036d69222f1"}
{"timestamp":"2026-08-11T20:41:25.047Z","level":"info","message":"[SessionPersistence] Updated metadata for session sess_4a69a782-d3dc-4044-a364-73daaaa3f8ee","conversationId":"sess_4a69a782-d3dc-4044-a364-73daaaa3f8ee","turnId":"4ccf1f8e-bb04-4fd2-97d9-5036d69222f1","rootTurnId":"4ccf1f8e-bb04-4fd2-97d9-5036d69222f1"}
{"timestamp":"2026-08-11T20:41:29.519Z","level":"warn","message":"[PersistenceClassification] Unknown action type \"update_session_information\" — defaulting to \"tool\". Add it to KnownActionType in persistence-classification.ts.","conversationId":"sess_4a69a782-d3dc-4044-a364-73daaaa3f8ee","turnId":"4ccf1f8e-bb04-4fd2-97d9-5036d69222f1","rootTurnId":"4ccf1f8e-bb04-4fd2-97d9-5036d69222f1"}
{"timestamp":"2026-08-11T20:41:29.519Z","level":"warn","message":"[ACPEventAdapter] Action type has no dedicated handler and is being routed as a tool call. If this is a new non-tool action, add it to DispatchedActionType. {\"actionType\":\"update_session_information\"}","conversationId":"sess_4a69a782-d3dc-4044-a364-73daaaa3f8ee","turnId":"4ccf1f8e-bb04-4fd2-97d9-5036d69222f1","rootTurnId":"4ccf1f8e-bb04-4fd2-97d9-5036d69222f1"}
{"timestamp":"2026-08-11T20:41:29.525Z","level":"info","message":"[SessionPersistence] Updated metadata for session sess_4a69a782-d3dc-4044-a364-73daaaa3f8ee","conversationId":"sess_4a69a782-d3dc-4044-a364-73daaaa3f8ee","turnId":"4ccf1f8e-bb04-4fd2-97d9-5036d69222f1","rootTurnId":"4ccf1f8e-bb04-4fd2-97d9-5036d69222f1"}
{"timestamp":"2026-08-11T20:41:29.526Z","level":"info","message":"fs.appendMessages.ok {\"system\":\"fs\",\"sessionId\":\"sess_4a69a782-d3dc-4044-a364-73daaaa3f8ee\",\"messageCount\":2,\"durationMs\":7}","conversationId":"sess_4a69a782-d3dc-4044-a364-73daaaa3f8ee","turnId":"4ccf1f8e-bb04-4fd2-97d9-5036d69222f1","rootTurnId":"4ccf1f8e-bb04-4fd2-97d9-5036d69222f1"}
{"timestamp":"2026-08-11T20:41:30.442Z","level":"info","message":"[ACPEventAdapter] Execution yielded {\"executionId\":\"4ccf1f8e-bb04-4fd2-97d9-5036d69222f1\"}","conversationId":"sess_4a69a782-d3dc-4044-a364-73daaaa3f8ee","turnId":"4ccf1f8e-bb04-4fd2-97d9-5036d69222f1","rootTurnId":"4ccf1f8e-bb04-4fd2-97d9-5036d69222f1"}
{"timestamp":"2026-08-11T20:41:30.442Z","level":"warn","message":"[PersistenceClassification] Unknown action type \"mcp_secondhand_mcp_search_marketplace\" — defaulting to \"tool\". Add it to KnownActionType in persistence-classification.ts.","conversationId":"sess_4a69a782-d3dc-4044-a364-73daaaa3f8ee","turnId":"4ccf1f8e-bb04-4fd2-97d9-5036d69222f1","rootTurnId":"4ccf1f8e-bb04-4fd2-97d9-5036d69222f1"}
{"timestamp":"2026-08-11T20:41:30.442Z","level":"warn","message":"[ACPEventAdapter] Action type has no dedicated handler and is being routed as a tool call. If this is a new non-tool action, add it to DispatchedActionType. {\"actionType\":\"mcp_secondhand_mcp_search_marketplace\"}","conversationId":"sess_4a69a782-d3dc-4044-a364-73daaaa3f8ee","turnId":"4ccf1f8e-bb04-4fd2-97d9-5036d69222f1","rootTurnId":"4ccf1f8e-bb04-4fd2-97d9-5036d69222f1"}
{"timestamp":"2026-08-11T20:41:30.470Z","level":"info","message":"acp.policy-eval.complete {\"toolId\":\"mcp_secondhand_mcp_search_marketplace\",\"effect\":\"ask\"}","conversationId":"sess_4a69a782-d3dc-4044-a364-73daaaa3f8ee","turnId":"4ccf1f8e-bb04-4fd2-97d9-5036d69222f1","rootTurnId":"4ccf1f8e-bb04-4fd2-97d9-5036d69222f1"}
{"timestamp":"2026-08-11T20:41:30.472Z","level":"info","message":"[ACP ToolApproval] Requesting permission for toolId=mcp_secondhand_mcp_search_marketplace, operationId=tooluse_cakSgh2je4mZQm3cItoUal, sessionId=sess_4a69a782-d3dc-4044-a364-73daaaa3f8ee","conversationId":"sess_4a69a782-d3dc-4044-a364-73daaaa3f8ee","turnId":"4ccf1f8e-bb04-4fd2-97d9-5036d69222f1","rootTurnId":"4ccf1f8e-bb04-4fd2-97d9-5036d69222f1"}
{"timestamp":"2026-08-11T20:41:30.476Z","level":"info","message":"fs.appendMessages.ok {\"system\":\"fs\",\"sessionId\":\"sess_4a69a782-d3dc-4044-a364-73daaaa3f8ee\",\"messageCount\":1,\"durationMs\":4}","conversationId":"sess_4a69a782-d3dc-4044-a364-73daaaa3f8ee","turnId":"4ccf1f8e-bb04-4fd2-97d9-5036d69222f1","rootTurnId":"4ccf1f8e-bb04-4fd2-97d9-5036d69222f1"}
{"timestamp":"2026-08-11T20:41:30.487Z","level":"info","message":"fs.appendMessages.ok {\"system\":\"fs\",\"sessionId\":\"sess_4a69a782-d3dc-4044-a364-73daaaa3f8ee\",\"messageCount\":1,\"durationMs\":2}","conversationId":"sess_4a69a782-d3dc-4044-a364-73daaaa3f8ee","turnId":"4ccf1f8e-bb04-4fd2-97d9-5036d69222f1","rootTurnId":"4ccf1f8e-bb04-4fd2-97d9-5036d69222f1"}
{"timestamp":"2026-08-11T20:41:30.488Z","level":"info","message":"[ACP ToolApproval] Got response: {\"outcome\":\"selected\",\"optionId\":\"always-accept\",\"_meta\":{\"kiro\":{\"consent\":{\"capability\":\"mcp\",\"scope\":\"session\",\"resource\":\"*\",\"workspaceRoot\":\"/home/nizar/HomeWspce/kiro-configs/knowledges/sandbox\"}}}}","conversationId":"sess_4a69a782-d3dc-4044-a364-73daaaa3f8ee","turnId":"4ccf1f8e-bb04-4fd2-97d9-5036d69222f1","rootTurnId":"4ccf1f8e-bb04-4fd2-97d9-5036d69222f1"}
{"timestamp":"2026-08-11T20:41:30.534Z","level":"info","message":"[PolicySession] rebuild() complete: 3 rules parsed, engineActive=true, fatal=false","conversationId":"sess_4a69a782-d3dc-4044-a364-73daaaa3f8ee","turnId":"4ccf1f8e-bb04-4fd2-97d9-5036d69222f1","rootTurnId":"4ccf1f8e-bb04-4fd2-97d9-5036d69222f1"}
{"timestamp":"2026-08-11T20:41:30.534Z","level":"info","message":"[PolicySession] Persisted allow rule for mcp matching \"*\" at scope=session","conversationId":"sess_4a69a782-d3dc-4044-a364-73daaaa3f8ee","turnId":"4ccf1f8e-bb04-4fd2-97d9-5036d69222f1","rootTurnId":"4ccf1f8e-bb04-4fd2-97d9-5036d69222f1"}
{"timestamp":"2026-08-11T20:41:30.538Z","level":"info","message":"[ACPEventAdapter] Execution resumed {\"executionId\":\"4ccf1f8e-bb04-4fd2-97d9-5036d69222f1\"}","conversationId":"sess_4a69a782-d3dc-4044-a364-73daaaa3f8ee","turnId":"4ccf1f8e-bb04-4fd2-97d9-5036d69222f1","rootTurnId":"4ccf1f8e-bb04-4fd2-97d9-5036d69222f1"}
{"timestamp":"2026-08-11T20:41:31.449Z","level":"info","message":"[Remote tool web_search] Calling tool","conversationId":"sess_4a69a782-d3dc-4044-a364-73daaaa3f8ee","turnId":"4ccf1f8e-bb04-4fd2-97d9-5036d69222f1","rootTurnId":"4ccf1f8e-bb04-4fd2-97d9-5036d69222f1"}
{"timestamp":"2026-08-11T20:41:31.450Z","level":"info","message":"[ACPEventAdapter] Execution yielded {\"executionId\":\"4ccf1f8e-bb04-4fd2-97d9-5036d69222f1\"}","conversationId":"sess_4a69a782-d3dc-4044-a364-73daaaa3f8ee","turnId":"4ccf1f8e-bb04-4fd2-97d9-5036d69222f1","rootTurnId":"4ccf1f8e-bb04-4fd2-97d9-5036d69222f1"}
{"timestamp":"2026-08-11T20:41:31.450Z","level":"warn","message":"[PersistenceClassification] Unknown action type \"remote_web_search\" — defaulting to \"tool\". Add it to KnownActionType in persistence-classification.ts.","conversationId":"sess_4a69a782-d3dc-4044-a364-73daaaa3f8ee","turnId":"4ccf1f8e-bb04-4fd2-97d9-5036d69222f1","rootTurnId":"4ccf1f8e-bb04-4fd2-97d9-5036d69222f1"}
{"timestamp":"2026-08-11T20:41:31.450Z","level":"warn","message":"[ACPEventAdapter] Action type has no dedicated handler and is being routed as a tool call. If this is a new non-tool action, add it to DispatchedActionType. {\"actionType\":\"remote_web_search\"}","conversationId":"sess_4a69a782-d3dc-4044-a364-73daaaa3f8ee","turnId":"4ccf1f8e-bb04-4fd2-97d9-5036d69222f1","rootTurnId":"4ccf1f8e-bb04-4fd2-97d9-5036d69222f1"}
{"timestamp":"2026-08-11T20:41:31.451Z","level":"info","message":"acp.policy-eval.complete {\"toolId\":\"remote_web_search\",\"effect\":\"ask\"}","conversationId":"sess_4a69a782-d3dc-4044-a364-73daaaa3f8ee","turnId":"4ccf1f8e-bb04-4fd2-97d9-5036d69222f1","rootTurnId":"4ccf1f8e-bb04-4fd2-97d9-5036d69222f1"}
{"timestamp":"2026-08-11T20:41:31.451Z","level":"info","message":"[ACP ToolApproval] Requesting permission for toolId=remote_web_search, operationId=web_search_tooluse_nBUXjAsJBrP1LaJSgEZkok, sessionId=sess_4a69a782-d3dc-4044-a364-73daaaa3f8ee","conversationId":"sess_4a69a782-d3dc-4044-a364-73daaaa3f8ee","turnId":"4ccf1f8e-bb04-4fd2-97d9-5036d69222f1","rootTurnId":"4ccf1f8e-bb04-4fd2-97d9-5036d69222f1"}
{"timestamp":"2026-08-11T20:41:31.465Z","level":"info","message":"fs.appendMessages.ok {\"system\":\"fs\",\"sessionId\":\"sess_4a69a782-d3dc-4044-a364-73daaaa3f8ee\",\"messageCount\":1,\"durationMs\":13}","conversationId":"sess_4a69a782-d3dc-4044-a364-73daaaa3f8ee","turnId":"4ccf1f8e-bb04-4fd2-97d9-5036d69222f1","rootTurnId":"4ccf1f8e-bb04-4fd2-97d9-5036d69222f1"}
{"timestamp":"2026-08-11T20:41:31.476Z","level":"info","message":"fs.appendMessages.ok {\"system\":\"fs\",\"sessionId\":\"sess_4a69a782-d3dc-4044-a364-73daaaa3f8ee\",\"messageCount\":1,\"durationMs\":10}","conversationId":"sess_4a69a782-d3dc-4044-a364-73daaaa3f8ee","turnId":"4ccf1f8e-bb04-4fd2-97d9-5036d69222f1","rootTurnId":"4ccf1f8e-bb04-4fd2-97d9-5036d69222f1"}
{"timestamp":"2026-08-11T20:41:31.478Z","level":"info","message":"fs.appendMessages.ok {\"system\":\"fs\",\"sessionId\":\"sess_4a69a782-d3dc-4044-a364-73daaaa3f8ee\",\"messageCount\":1,\"durationMs\":2}","conversationId":"sess_4a69a782-d3dc-4044-a364-73daaaa3f8ee","turnId":"4ccf1f8e-bb04-4fd2-97d9-5036d69222f1","rootTurnId":"4ccf1f8e-bb04-4fd2-97d9-5036d69222f1"}
{"timestamp":"2026-08-11T20:41:31.479Z","level":"info","message":"[ACP ToolApproval] Got response: {\"outcome\":\"selected\",\"optionId\":\"always-accept\",\"_meta\":{\"kiro\":{\"consent\":{\"capability\":\"web_search\",\"scope\":\"session\",\"resource\":\"*\",\"workspaceRoot\":\"/home/nizar/HomeWspce/kiro-configs/knowledges/sandbox\"}}}}","conversationId":"sess_4a69a782-d3dc-4044-a364-73daaaa3f8ee","turnId":"4ccf1f8e-bb04-4fd2-97d9-5036d69222f1","rootTurnId":"4ccf1f8e-bb04-4fd2-97d9-5036d69222f1"}
{"timestamp":"2026-08-11T20:41:31.504Z","level":"info","message":"[PolicySession] rebuild() complete: 4 rules parsed, engineActive=true, fatal=false","conversationId":"sess_4a69a782-d3dc-4044-a364-73daaaa3f8ee","turnId":"4ccf1f8e-bb04-4fd2-97d9-5036d69222f1","rootTurnId":"4ccf1f8e-bb04-4fd2-97d9-5036d69222f1"}
{"timestamp":"2026-08-11T20:41:31.504Z","level":"info","message":"[PolicySession] Persisted allow rule for web_search matching \"*\" at scope=session","conversationId":"sess_4a69a782-d3dc-4044-a364-73daaaa3f8ee","turnId":"4ccf1f8e-bb04-4fd2-97d9-5036d69222f1","rootTurnId":"4ccf1f8e-bb04-4fd2-97d9-5036d69222f1"}
{"timestamp":"2026-08-11T20:41:31.509Z","level":"info","message":"[ACPEventAdapter] Execution resumed {\"executionId\":\"4ccf1f8e-bb04-4fd2-97d9-5036d69222f1\"}","conversationId":"sess_4a69a782-d3dc-4044-a364-73daaaa3f8ee","turnId":"4ccf1f8e-bb04-4fd2-97d9-5036d69222f1","rootTurnId":"4ccf1f8e-bb04-4fd2-97d9-5036d69222f1"}
{"timestamp":"2026-08-11T20:41:32.667Z","level":"info","message":"[Remote tool web_search] Fetched URLs: [\"https://www.consumerreports.org/home-garden/lawn-mowers/best-and-worst-lawn-mower-brands-of-the-year-a2465625058/\",\"https://www.consumerreports.org/home-garden/lawn-mowers/most-and-least-reliable-riding-lawn-mower-brands-a1088522785/\",\"https://www.consumerreports.org/home-garden/lawn-mowers/most-and-least-reliable-walk-behind-lawn-mower-brands-a1969719231/\",\"https://www.lifestoryresearch.com/2025-best-lawn-mower-ranking-review\",\"https://www.msn.com/en-us/lifestyle/shopping/best-lawn-mowers-and-tractors-of-2025/ar-AA1CAJwE\",\"https://www.which.co.uk/reviews/lawn-mowers/article/which-lawn-mower-brand-to-buy-axz2g0d8ylmv\",\"https://www.consumerreports.org/home-garden/lawn-mowers/buying-guide/\",\"https://www.consumerreports.org/home-garden/lawn-mowers/best-lawn-mowers-and-tractors-of-the-year-a1178572377/?EXTKEY=AFLIP\",\"https://www.lifestoryresearch.com/2024-best-lawn-mower-ranking-review\",\"https://www.canstarblue.com.au/home-garden/lawn-mowers/\"]","conversationId":"sess_4a69a782-d3dc-4044-a364-73daaaa3f8ee","turnId":"4ccf1f8e-bb04-4fd2-97d9-5036d69222f1","rootTurnId":"4ccf1f8e-bb04-4fd2-97d9-5036d69222f1"}
{"timestamp":"2026-08-11T20:41:32.667Z","level":"info","message":"[Remote tool web_search] Fetched URLs: [\"https://www.consumerreports.org/home-garden/lawn-mowers/best-and-worst-lawn-mower-brands-of-the-year-a2465625058/\",\"https://www.consumerreports.org/home-garden/lawn-mowers/most-and-least-reliable-riding-lawn-mower-brands-a1088522785/\",\"https://www.consumerreports.org/home-garden/lawn-mowers/most-and-least-reliable-walk-behind-lawn-mower-brands-a1969719231/\",\"https://www.lifestoryresearch.com/2025-best-lawn-mower-ranking-review\",\"https://www.msn.com/en-us/lifestyle/shopping/best-lawn-mowers-and-tractors-of-2025/ar-AA1CAJwE\",\"https://www.which.co.uk/reviews/lawn-mowers/article/which-lawn-mower-brand-to-buy-axz2g0d8ylmv\",\"https://www.consumerreports.org/home-garden/lawn-mowers/buying-guide/\",\"https://www.consumerreports.org/home-garden/lawn-mowers/best-lawn-mowers-and-tractors-of-the-year-a1178572377/?EXTKEY=AFLIP\",\"https://www.lifestoryresearch.com/2024-best-lawn-mower-ranking-review\",\"https://www.canstarblue.com.au/home-garden/lawn-mowers/\"]","conversationId":"sess_4a69a782-d3dc-4044-a364-73daaaa3f8ee","turnId":"4ccf1f8e-bb04-4fd2-97d9-5036d69222f1","rootTurnId":"4ccf1f8e-bb04-4fd2-97d9-5036d69222f1"}
{"timestamp":"2026-08-11T20:41:32.670Z","level":"info","message":"fs.appendMessages.ok {\"system\":\"fs\",\"sessionId\":\"sess_4a69a782-d3dc-4044-a364-73daaaa3f8ee\",\"messageCount\":2,\"durationMs\":3}","conversationId":"sess_4a69a782-d3dc-4044-a364-73daaaa3f8ee","turnId":"4ccf1f8e-bb04-4fd2-97d9-5036d69222f1","rootTurnId":"4ccf1f8e-bb04-4fd2-97d9-5036d69222f1"}
{"timestamp":"2026-08-11T20:41:40.613Z","level":"info","message":"model.invoke.start","conversationId":"sess_4a69a782-d3dc-4044-a364-73daaaa3f8ee","turnId":"4ccf1f8e-bb04-4fd2-97d9-5036d69222f1","rootTurnId":"4ccf1f8e-bb04-4fd2-97d9-5036d69222f1"}
{"timestamp":"2026-08-11T20:41:40.613Z","level":"info","message":"[Steering] Populating steering for execution 4ccf1f8e-bb04-4fd2-97d9-5036d69222f1","conversationId":"sess_4a69a782-d3dc-4044-a364-73daaaa3f8ee","turnId":"4ccf1f8e-bb04-4fd2-97d9-5036d69222f1","rootTurnId":"4ccf1f8e-bb04-4fd2-97d9-5036d69222f1"}
{"timestamp":"2026-08-11T20:41:40.613Z","level":"info","message":"[Steering] ExistingFiles:  in 4ccf1f8e-bb04-4fd2-97d9-5036d69222f1","conversationId":"sess_4a69a782-d3dc-4044-a364-73daaaa3f8ee","turnId":"4ccf1f8e-bb04-4fd2-97d9-5036d69222f1","rootTurnId":"4ccf1f8e-bb04-4fd2-97d9-5036d69222f1"}
{"timestamp":"2026-08-11T20:41:40.627Z","level":"info","message":"[q-developer-converse] Sending GenerateAssistantResponse modelId=auto agentMode=custom origin=KIRO_CLI streaming=true conversationId=sess_4a69a782-d3dc-4044-a364-73daaaa3f8ee","conversationId":"sess_4a69a782-d3dc-4044-a364-73daaaa3f8ee","turnId":"4ccf1f8e-bb04-4fd2-97d9-5036d69222f1","rootTurnId":"4ccf1f8e-bb04-4fd2-97d9-5036d69222f1"}
{"timestamp":"2026-08-11T20:41:40.628Z","level":"info","message":"[q-developer-converse] Request payload: 262100 chars, 10 history messages, conversationId=sess_4a69a782-d3dc-4044-a364-73daaaa3f8ee","conversationId":"sess_4a69a782-d3dc-4044-a364-73daaaa3f8ee","turnId":"4ccf1f8e-bb04-4fd2-97d9-5036d69222f1","rootTurnId":"4ccf1f8e-bb04-4fd2-97d9-5036d69222f1"}
{"timestamp":"2026-08-11T20:41:40.640Z","level":"info","message":"fs.appendMessages.ok {\"system\":\"fs\",\"sessionId\":\"sess_4a69a782-d3dc-4044-a364-73daaaa3f8ee\",\"messageCount\":2,\"durationMs\":32}","conversationId":"sess_4a69a782-d3dc-4044-a364-73daaaa3f8ee","turnId":"4ccf1f8e-bb04-4fd2-97d9-5036d69222f1","rootTurnId":"4ccf1f8e-bb04-4fd2-97d9-5036d69222f1"}
{"timestamp":"2026-08-11T20:41:44.376Z","level":"info","message":"[ACPEventAdapter] Execution yielded {\"executionId\":\"4ccf1f8e-bb04-4fd2-97d9-5036d69222f1\"}","conversationId":"sess_4a69a782-d3dc-4044-a364-73daaaa3f8ee","turnId":"4ccf1f8e-bb04-4fd2-97d9-5036d69222f1","rootTurnId":"4ccf1f8e-bb04-4fd2-97d9-5036d69222f1"}
{"timestamp":"2026-08-11T20:41:44.376Z","level":"warn","message":"[PersistenceClassification] Unknown action type \"mcp_secondhand_mcp_get_listing_details\" — defaulting to \"tool\". Add it to KnownActionType in persistence-classification.ts.","conversationId":"sess_4a69a782-d3dc-4044-a364-73daaaa3f8ee","turnId":"4ccf1f8e-bb04-4fd2-97d9-5036d69222f1","rootTurnId":"4ccf1f8e-bb04-4fd2-97d9-5036d69222f1"}
{"timestamp":"2026-08-11T20:41:44.376Z","level":"warn","message":"[ACPEventAdapter] Action type has no dedicated handler and is being routed as a tool call. If this is a new non-tool action, add it to DispatchedActionType. {\"actionType\":\"mcp_secondhand_mcp_get_listing_details\"}","conversationId":"sess_4a69a782-d3dc-4044-a364-73daaaa3f8ee","turnId":"4ccf1f8e-bb04-4fd2-97d9-5036d69222f1","rootTurnId":"4ccf1f8e-bb04-4fd2-97d9-5036d69222f1"}
{"timestamp":"2026-08-11T20:41:44.377Z","level":"info","message":"acp.policy-eval.complete {\"toolId\":\"mcp_secondhand_mcp_get_listing_details\",\"effect\":\"allow\",\"capability\":\"mcp\"}","conversationId":"sess_4a69a782-d3dc-4044-a364-73daaaa3f8ee","turnId":"4ccf1f8e-bb04-4fd2-97d9-5036d69222f1","rootTurnId":"4ccf1f8e-bb04-4fd2-97d9-5036d69222f1"}
{"timestamp":"2026-08-11T20:41:44.377Z","level":"info","message":"[ACPEventAdapter] Execution resumed {\"executionId\":\"4ccf1f8e-bb04-4fd2-97d9-5036d69222f1\"}","conversationId":"sess_4a69a782-d3dc-4044-a364-73daaaa3f8ee","turnId":"4ccf1f8e-bb04-4fd2-97d9-5036d69222f1","rootTurnId":"4ccf1f8e-bb04-4fd2-97d9-5036d69222f1"}
{"timestamp":"2026-08-11T20:41:44.850Z","level":"info","message":"[ACPEventAdapter] Execution yielded {\"executionId\":\"4ccf1f8e-bb04-4fd2-97d9-5036d69222f1\"}","conversationId":"sess_4a69a782-d3dc-4044-a364-73daaaa3f8ee","turnId":"4ccf1f8e-bb04-4fd2-97d9-5036d69222f1","rootTurnId":"4ccf1f8e-bb04-4fd2-97d9-5036d69222f1"}
{"timestamp":"2026-08-11T20:41:44.851Z","level":"info","message":"acp.policy-eval.complete {\"toolId\":\"mcp_secondhand_mcp_get_listing_details\",\"effect\":\"allow\",\"capability\":\"mcp\"}","conversationId":"sess_4a69a782-d3dc-4044-a364-73daaaa3f8ee","turnId":"4ccf1f8e-bb04-4fd2-97d9-5036d69222f1","rootTurnId":"4ccf1f8e-bb04-4fd2-97d9-5036d69222f1"}
{"timestamp":"2026-08-11T20:41:44.851Z","level":"info","message":"[ACPEventAdapter] Execution resumed {\"executionId\":\"4ccf1f8e-bb04-4fd2-97d9-5036d69222f1\"}","conversationId":"sess_4a69a782-d3dc-4044-a364-73daaaa3f8ee","turnId":"4ccf1f8e-bb04-4fd2-97d9-5036d69222f1","rootTurnId":"4ccf1f8e-bb04-4fd2-97d9-5036d69222f1"}
{"timestamp":"2026-08-11T20:41:45.279Z","level":"info","message":"[ACPEventAdapter] Execution yielded {\"executionId\":\"4ccf1f8e-bb04-4fd2-97d9-5036d69222f1\"}","conversationId":"sess_4a69a782-d3dc-4044-a364-73daaaa3f8ee","turnId":"4ccf1f8e-bb04-4fd2-97d9-5036d69222f1","rootTurnId":"4ccf1f8e-bb04-4fd2-97d9-5036d69222f1"}
{"timestamp":"2026-08-11T20:41:45.280Z","level":"info","message":"acp.policy-eval.complete {\"toolId\":\"mcp_secondhand_mcp_get_listing_details\",\"effect\":\"allow\",\"capability\":\"mcp\"}","conversationId":"sess_4a69a782-d3dc-4044-a364-73daaaa3f8ee","turnId":"4ccf1f8e-bb04-4fd2-97d9-5036d69222f1","rootTurnId":"4ccf1f8e-bb04-4fd2-97d9-5036d69222f1"}
{"timestamp":"2026-08-11T20:41:45.280Z","level":"info","message":"[ACPEventAdapter] Execution resumed {\"executionId\":\"4ccf1f8e-bb04-4fd2-97d9-5036d69222f1\"}","conversationId":"sess_4a69a782-d3dc-4044-a364-73daaaa3f8ee","turnId":"4ccf1f8e-bb04-4fd2-97d9-5036d69222f1","rootTurnId":"4ccf1f8e-bb04-4fd2-97d9-5036d69222f1"}
{"timestamp":"2026-08-11T20:41:45.639Z","level":"info","message":"fs.appendMessages.ok {\"system\":\"fs\",\"sessionId\":\"sess_4a69a782-d3dc-4044-a364-73daaaa3f8ee\",\"messageCount\":2,\"durationMs\":2}","conversationId":"sess_4a69a782-d3dc-4044-a364-73daaaa3f8ee","turnId":"4ccf1f8e-bb04-4fd2-97d9-5036d69222f1","rootTurnId":"4ccf1f8e-bb04-4fd2-97d9-5036d69222f1"}
{"timestamp":"2026-08-11T20:41:45.710Z","level":"info","message":"[ACPEventAdapter] Execution yielded {\"executionId\":\"4ccf1f8e-bb04-4fd2-97d9-5036d69222f1\"}","conversationId":"sess_4a69a782-d3dc-4044-a364-73daaaa3f8ee","turnId":"4ccf1f8e-bb04-4fd2-97d9-5036d69222f1","rootTurnId":"4ccf1f8e-bb04-4fd2-97d9-5036d69222f1"}
{"timestamp":"2026-08-11T20:41:45.712Z","level":"info","message":"acp.policy-eval.complete {\"toolId\":\"mcp_secondhand_mcp_get_listing_details\",\"effect\":\"allow\",\"capability\":\"mcp\"}","conversationId":"sess_4a69a782-d3dc-4044-a364-73daaaa3f8ee","turnId":"4ccf1f8e-bb04-4fd2-97d9-5036d69222f1","rootTurnId":"4ccf1f8e-bb04-4fd2-97d9-5036d69222f1"}
{"timestamp":"2026-08-11T20:41:45.712Z","level":"info","message":"[ACPEventAdapter] Execution resumed {\"executionId\":\"4ccf1f8e-bb04-4fd2-97d9-5036d69222f1\"}","conversationId":"sess_4a69a782-d3dc-4044-a364-73daaaa3f8ee","turnId":"4ccf1f8e-bb04-4fd2-97d9-5036d69222f1","rootTurnId":"4ccf1f8e-bb04-4fd2-97d9-5036d69222f1"}
{"timestamp":"2026-08-11T20:41:46.139Z","level":"info","message":"[ACPEventAdapter] Execution yielded {\"executionId\":\"4ccf1f8e-bb04-4fd2-97d9-5036d69222f1\"}","conversationId":"sess_4a69a782-d3dc-4044-a364-73daaaa3f8ee","turnId":"4ccf1f8e-bb04-4fd2-97d9-5036d69222f1","rootTurnId":"4ccf1f8e-bb04-4fd2-97d9-5036d69222f1"}
{"timestamp":"2026-08-11T20:41:46.140Z","level":"info","message":"acp.policy-eval.complete {\"toolId\":\"mcp_secondhand_mcp_get_listing_details\",\"effect\":\"allow\",\"capability\":\"mcp\"}","conversationId":"sess_4a69a782-d3dc-4044-a364-73daaaa3f8ee","turnId":"4ccf1f8e-bb04-4fd2-97d9-5036d69222f1","rootTurnId":"4ccf1f8e-bb04-4fd2-97d9-5036d69222f1"}
{"timestamp":"2026-08-11T20:41:46.140Z","level":"info","message":"[ACPEventAdapter] Execution resumed {\"executionId\":\"4ccf1f8e-bb04-4fd2-97d9-5036d69222f1\"}","conversationId":"sess_4a69a782-d3dc-4044-a364-73daaaa3f8ee","turnId":"4ccf1f8e-bb04-4fd2-97d9-5036d69222f1","rootTurnId":"4ccf1f8e-bb04-4fd2-97d9-5036d69222f1"}
{"timestamp":"2026-08-11T20:41:46.338Z","level":"info","message":"fs.appendMessages.ok {\"system\":\"fs\",\"sessionId\":\"sess_4a69a782-d3dc-4044-a364-73daaaa3f8ee\",\"messageCount\":2,\"durationMs\":3}","conversationId":"sess_4a69a782-d3dc-4044-a364-73daaaa3f8ee","turnId":"4ccf1f8e-bb04-4fd2-97d9-5036d69222f1","rootTurnId":"4ccf1f8e-bb04-4fd2-97d9-5036d69222f1"}
{"timestamp":"2026-08-11T20:41:46.574Z","level":"info","message":"[ACPEventAdapter] Execution yielded {\"executionId\":\"4ccf1f8e-bb04-4fd2-97d9-5036d69222f1\"}","conversationId":"sess_4a69a782-d3dc-4044-a364-73daaaa3f8ee","turnId":"4ccf1f8e-bb04-4fd2-97d9-5036d69222f1","rootTurnId":"4ccf1f8e-bb04-4fd2-97d9-5036d69222f1"}
{"timestamp":"2026-08-11T20:41:46.575Z","level":"info","message":"acp.policy-eval.complete {\"toolId\":\"mcp_secondhand_mcp_get_listing_details\",\"effect\":\"allow\",\"capability\":\"mcp\"}","conversationId":"sess_4a69a782-d3dc-4044-a364-73daaaa3f8ee","turnId":"4ccf1f8e-bb04-4fd2-97d9-5036d69222f1","rootTurnId":"4ccf1f8e-bb04-4fd2-97d9-5036d69222f1"}
{"timestamp":"2026-08-11T20:41:46.575Z","level":"info","message":"[ACPEventAdapter] Execution resumed {\"executionId\":\"4ccf1f8e-bb04-4fd2-97d9-5036d69222f1\"}","conversationId":"sess_4a69a782-d3dc-4044-a364-73daaaa3f8ee","turnId":"4ccf1f8e-bb04-4fd2-97d9-5036d69222f1","rootTurnId":"4ccf1f8e-bb04-4fd2-97d9-5036d69222f1"}
{"timestamp":"2026-08-11T20:41:47.083Z","level":"info","message":"[ACPEventAdapter] Execution yielded {\"executionId\":\"4ccf1f8e-bb04-4fd2-97d9-5036d69222f1\"}","conversationId":"sess_4a69a782-d3dc-4044-a364-73daaaa3f8ee","turnId":"4ccf1f8e-bb04-4fd2-97d9-5036d69222f1","rootTurnId":"4ccf1f8e-bb04-4fd2-97d9-5036d69222f1"}
{"timestamp":"2026-08-11T20:41:47.084Z","level":"info","message":"acp.policy-eval.complete {\"toolId\":\"mcp_secondhand_mcp_get_listing_details\",\"effect\":\"allow\",\"capability\":\"mcp\"}","conversationId":"sess_4a69a782-d3dc-4044-a364-73daaaa3f8ee","turnId":"4ccf1f8e-bb04-4fd2-97d9-5036d69222f1","rootTurnId":"4ccf1f8e-bb04-4fd2-97d9-5036d69222f1"}
{"timestamp":"2026-08-11T20:41:47.084Z","level":"info","message":"[ACPEventAdapter] Execution resumed {\"executionId\":\"4ccf1f8e-bb04-4fd2-97d9-5036d69222f1\"}","conversationId":"sess_4a69a782-d3dc-4044-a364-73daaaa3f8ee","turnId":"4ccf1f8e-bb04-4fd2-97d9-5036d69222f1","rootTurnId":"4ccf1f8e-bb04-4fd2-97d9-5036d69222f1"}
{"timestamp":"2026-08-11T20:41:47.232Z","level":"info","message":"fs.appendMessages.ok {\"system\":\"fs\",\"sessionId\":\"sess_4a69a782-d3dc-4044-a364-73daaaa3f8ee\",\"messageCount\":2,\"durationMs\":2}","conversationId":"sess_4a69a782-d3dc-4044-a364-73daaaa3f8ee","turnId":"4ccf1f8e-bb04-4fd2-97d9-5036d69222f1","rootTurnId":"4ccf1f8e-bb04-4fd2-97d9-5036d69222f1"}
{"timestamp":"2026-08-11T20:41:47.300Z","level":"info","message":"fs.appendMessages.ok {\"system\":\"fs\",\"sessionId\":\"sess_4a69a782-d3dc-4044-a364-73daaaa3f8ee\",\"messageCount\":2,\"durationMs\":3}","conversationId":"sess_4a69a782-d3dc-4044-a364-73daaaa3f8ee","turnId":"4ccf1f8e-bb04-4fd2-97d9-5036d69222f1","rootTurnId":"4ccf1f8e-bb04-4fd2-97d9-5036d69222f1"}
{"timestamp":"2026-08-11T20:41:47.453Z","level":"info","message":"[ACPEventAdapter] Execution yielded {\"executionId\":\"4ccf1f8e-bb04-4fd2-97d9-5036d69222f1\"}","conversationId":"sess_4a69a782-d3dc-4044-a364-73daaaa3f8ee","turnId":"4ccf1f8e-bb04-4fd2-97d9-5036d69222f1","rootTurnId":"4ccf1f8e-bb04-4fd2-97d9-5036d69222f1"}
{"timestamp":"2026-08-11T20:41:47.454Z","level":"info","message":"acp.policy-eval.complete {\"toolId\":\"mcp_secondhand_mcp_get_listing_details\",\"effect\":\"allow\",\"capability\":\"mcp\"}","conversationId":"sess_4a69a782-d3dc-4044-a364-73daaaa3f8ee","turnId":"4ccf1f8e-bb04-4fd2-97d9-5036d69222f1","rootTurnId":"4ccf1f8e-bb04-4fd2-97d9-5036d69222f1"}
{"timestamp":"2026-08-11T20:41:47.454Z","level":"info","message":"[ACPEventAdapter] Execution resumed {\"executionId\":\"4ccf1f8e-bb04-4fd2-97d9-5036d69222f1\"}","conversationId":"sess_4a69a782-d3dc-4044-a364-73daaaa3f8ee","turnId":"4ccf1f8e-bb04-4fd2-97d9-5036d69222f1","rootTurnId":"4ccf1f8e-bb04-4fd2-97d9-5036d69222f1"}
{"timestamp":"2026-08-11T20:41:48.077Z","level":"info","message":"[Remote tool web_search] Calling tool","conversationId":"sess_4a69a782-d3dc-4044-a364-73daaaa3f8ee","turnId":"4ccf1f8e-bb04-4fd2-97d9-5036d69222f1","rootTurnId":"4ccf1f8e-bb04-4fd2-97d9-5036d69222f1"}
{"timestamp":"2026-08-11T20:41:48.078Z","level":"info","message":"[ACPEventAdapter] Execution yielded {\"executionId\":\"4ccf1f8e-bb04-4fd2-97d9-5036d69222f1\"}","conversationId":"sess_4a69a782-d3dc-4044-a364-73daaaa3f8ee","turnId":"4ccf1f8e-bb04-4fd2-97d9-5036d69222f1","rootTurnId":"4ccf1f8e-bb04-4fd2-97d9-5036d69222f1"}
{"timestamp":"2026-08-11T20:41:48.078Z","level":"info","message":"acp.policy-eval.complete {\"toolId\":\"remote_web_search\",\"effect\":\"allow\",\"capability\":\"web_search\"}","conversationId":"sess_4a69a782-d3dc-4044-a364-73daaaa3f8ee","turnId":"4ccf1f8e-bb04-4fd2-97d9-5036d69222f1","rootTurnId":"4ccf1f8e-bb04-4fd2-97d9-5036d69222f1"}
{"timestamp":"2026-08-11T20:41:48.079Z","level":"info","message":"[ACPEventAdapter] Execution resumed {\"executionId\":\"4ccf1f8e-bb04-4fd2-97d9-5036d69222f1\"}","conversationId":"sess_4a69a782-d3dc-4044-a364-73daaaa3f8ee","turnId":"4ccf1f8e-bb04-4fd2-97d9-5036d69222f1","rootTurnId":"4ccf1f8e-bb04-4fd2-97d9-5036d69222f1"}
{"timestamp":"2026-08-11T20:41:48.102Z","level":"info","message":"fs.appendMessages.ok {\"system\":\"fs\",\"sessionId\":\"sess_4a69a782-d3dc-4044-a364-73daaaa3f8ee\",\"messageCount\":1,\"durationMs\":15}","conversationId":"sess_4a69a782-d3dc-4044-a364-73daaaa3f8ee","turnId":"4ccf1f8e-bb04-4fd2-97d9-5036d69222f1","rootTurnId":"4ccf1f8e-bb04-4fd2-97d9-5036d69222f1"}
{"timestamp":"2026-08-11T20:41:48.104Z","level":"info","message":"fs.appendMessages.ok {\"system\":\"fs\",\"sessionId\":\"sess_4a69a782-d3dc-4044-a364-73daaaa3f8ee\",\"messageCount\":2,\"durationMs\":2}","conversationId":"sess_4a69a782-d3dc-4044-a364-73daaaa3f8ee","turnId":"4ccf1f8e-bb04-4fd2-97d9-5036d69222f1","rootTurnId":"4ccf1f8e-bb04-4fd2-97d9-5036d69222f1"}
{"timestamp":"2026-08-11T20:41:48.251Z","level":"info","message":"fs.appendMessages.ok {\"system\":\"fs\",\"sessionId\":\"sess_4a69a782-d3dc-4044-a364-73daaaa3f8ee\",\"messageCount\":2,\"durationMs\":3}","conversationId":"sess_4a69a782-d3dc-4044-a364-73daaaa3f8ee","turnId":"4ccf1f8e-bb04-4fd2-97d9-5036d69222f1","rootTurnId":"4ccf1f8e-bb04-4fd2-97d9-5036d69222f1"}
{"timestamp":"2026-08-11T20:41:48.845Z","level":"info","message":"[Remote tool web_search] Fetched URLs: [\"https://www.popularmechanics.com/home/lawn-garden/a71605142/cordless-lawn-mower-review-honda-vs-ego-power/\",\"https://www.bobvila.com/reviews/best-self-propelled-lawn-mowers/\",\"https://themowersguide.com/top-10-lawn-mowers-for-summer/\",\"https://www.forbes.com/sites/forbes-personal-shopper/article/best-lawn-mowers/\",\"https://www.popularmechanics.com/home/lawn-garden/g61947921/best-mulching-lawn-mower/\",\"https://www.popularmechanics.com/home/lawn-garden/a13265495/best-lawn-mower-reviews/\",\"https://www.techgearlab.com/topics/tools/best-lawn-mower\",\"https://mowerinsight.quora.com/9-Best-Self-Propelled-Lawn-Mowers-in-2026-Compared-If-your-yard-has-any-size-or-slope-to-it-pushing-a-mower-around-f\",\"https://www.consumerreports.org/home-garden/lawn-mowers/best-and-worst-battery-powered-lawn-mowers-a1229677803/\",\"https://outwardlab.com/toro-vs-honda-mowers/\"]","conversationId":"sess_4a69a782-d3dc-4044-a364-73daaaa3f8ee","turnId":"4ccf1f8e-bb04-4fd2-97d9-5036d69222f1","rootTurnId":"4ccf1f8e-bb04-4fd2-97d9-5036d69222f1"}
{"timestamp":"2026-08-11T20:41:48.845Z","level":"info","message":"[Remote tool web_search] Fetched URLs: [\"https://www.popularmechanics.com/home/lawn-garden/a71605142/cordless-lawn-mower-review-honda-vs-ego-power/\",\"https://www.bobvila.com/reviews/best-self-propelled-lawn-mowers/\",\"https://themowersguide.com/top-10-lawn-mowers-for-summer/\",\"https://www.forbes.com/sites/forbes-personal-shopper/article/best-lawn-mowers/\",\"https://www.popularmechanics.com/home/lawn-garden/g61947921/best-mulching-lawn-mower/\",\"https://www.popularmechanics.com/home/lawn-garden/a13265495/best-lawn-mower-reviews/\",\"https://www.techgearlab.com/topics/tools/best-lawn-mower\",\"https://mowerinsight.quora.com/9-Best-Self-Propelled-Lawn-Mowers-in-2026-Compared-If-your-yard-has-any-size-or-slope-to-it-pushing-a-mower-around-f\",\"https://www.consumerreports.org/home-garden/lawn-mowers/best-and-worst-battery-powered-lawn-mowers-a1229677803/\",\"https://outwardlab.com/toro-vs-honda-mowers/\"]","conversationId":"sess_4a69a782-d3dc-4044-a364-73daaaa3f8ee","turnId":"4ccf1f8e-bb04-4fd2-97d9-5036d69222f1","rootTurnId":"4ccf1f8e-bb04-4fd2-97d9-5036d69222f1"}
{"timestamp":"2026-08-11T20:41:48.848Z","level":"info","message":"fs.appendMessages.ok {\"system\":\"fs\",\"sessionId\":\"sess_4a69a782-d3dc-4044-a364-73daaaa3f8ee\",\"messageCount\":2,\"durationMs\":3}","conversationId":"sess_4a69a782-d3dc-4044-a364-73daaaa3f8ee","turnId":"4ccf1f8e-bb04-4fd2-97d9-5036d69222f1","rootTurnId":"4ccf1f8e-bb04-4fd2-97d9-5036d69222f1"}
{"timestamp":"2026-08-11T20:41:49.051Z","level":"info","message":"fs.appendMessages.ok {\"system\":\"fs\",\"sessionId\":\"sess_4a69a782-d3dc-4044-a364-73daaaa3f8ee\",\"messageCount\":2,\"durationMs\":3}","conversationId":"sess_4a69a782-d3dc-4044-a364-73daaaa3f8ee","turnId":"4ccf1f8e-bb04-4fd2-97d9-5036d69222f1","rootTurnId":"4ccf1f8e-bb04-4fd2-97d9-5036d69222f1"}
{"timestamp":"2026-08-11T20:41:50.738Z","level":"info","message":"model.invoke.start","conversationId":"sess_4a69a782-d3dc-4044-a364-73daaaa3f8ee","turnId":"4ccf1f8e-bb04-4fd2-97d9-5036d69222f1","rootTurnId":"4ccf1f8e-bb04-4fd2-97d9-5036d69222f1"}
{"timestamp":"2026-08-11T20:41:50.739Z","level":"info","message":"[Steering] Populating steering for execution 4ccf1f8e-bb04-4fd2-97d9-5036d69222f1","conversationId":"sess_4a69a782-d3dc-4044-a364-73daaaa3f8ee","turnId":"4ccf1f8e-bb04-4fd2-97d9-5036d69222f1","rootTurnId":"4ccf1f8e-bb04-4fd2-97d9-5036d69222f1"}
{"timestamp":"2026-08-11T20:41:50.739Z","level":"info","message":"[Steering] ExistingFiles:  in 4ccf1f8e-bb04-4fd2-97d9-5036d69222f1","conversationId":"sess_4a69a782-d3dc-4044-a364-73daaaa3f8ee","turnId":"4ccf1f8e-bb04-4fd2-97d9-5036d69222f1","rootTurnId":"4ccf1f8e-bb04-4fd2-97d9-5036d69222f1"}
{"timestamp":"2026-08-11T20:41:50.747Z","level":"info","message":"[q-developer-converse] Sending GenerateAssistantResponse modelId=auto agentMode=custom origin=KIRO_CLI streaming=true conversationId=sess_4a69a782-d3dc-4044-a364-73daaaa3f8ee","conversationId":"sess_4a69a782-d3dc-4044-a364-73daaaa3f8ee","turnId":"4ccf1f8e-bb04-4fd2-97d9-5036d69222f1","rootTurnId":"4ccf1f8e-bb04-4fd2-97d9-5036d69222f1"}
{"timestamp":"2026-08-11T20:41:50.748Z","level":"info","message":"[q-developer-converse] Request payload: 284054 chars, 12 history messages, conversationId=sess_4a69a782-d3dc-4044-a364-73daaaa3f8ee","conversationId":"sess_4a69a782-d3dc-4044-a364-73daaaa3f8ee","turnId":"4ccf1f8e-bb04-4fd2-97d9-5036d69222f1","rootTurnId":"4ccf1f8e-bb04-4fd2-97d9-5036d69222f1"}
{"timestamp":"2026-08-11T20:41:50.762Z","level":"info","message":"fs.appendMessages.ok {\"system\":\"fs\",\"sessionId\":\"sess_4a69a782-d3dc-4044-a364-73daaaa3f8ee\",\"messageCount\":2,\"durationMs\":29}","conversationId":"sess_4a69a782-d3dc-4044-a364-73daaaa3f8ee","turnId":"4ccf1f8e-bb04-4fd2-97d9-5036d69222f1","rootTurnId":"4ccf1f8e-bb04-4fd2-97d9-5036d69222f1"}
{"timestamp":"2026-08-11T20:41:54.805Z","level":"warn","message":"[ACPEventAdapter] Action type has no dedicated handler and is being routed as a tool call. If this is a new non-tool action, add it to DispatchedActionType. {\"actionType\":\"web_fetch\"}","conversationId":"sess_4a69a782-d3dc-4044-a364-73daaaa3f8ee","turnId":"4ccf1f8e-bb04-4fd2-97d9-5036d69222f1","rootTurnId":"4ccf1f8e-bb04-4fd2-97d9-5036d69222f1"}
{"timestamp":"2026-08-11T20:41:54.805Z","level":"info","message":"acp.policy-eval.complete {\"toolId\":\"web_fetch\",\"effect\":\"ask\"}","conversationId":"sess_4a69a782-d3dc-4044-a364-73daaaa3f8ee","turnId":"4ccf1f8e-bb04-4fd2-97d9-5036d69222f1","rootTurnId":"4ccf1f8e-bb04-4fd2-97d9-5036d69222f1"}
{"timestamp":"2026-08-11T20:41:54.806Z","level":"info","message":"[ACP ToolApproval] Requesting permission for toolId=web_fetch, operationId=tooluse_2Ryho4zm6WMX0xwDx5xsEc, sessionId=sess_4a69a782-d3dc-4044-a364-73daaaa3f8ee","conversationId":"sess_4a69a782-d3dc-4044-a364-73daaaa3f8ee","turnId":"4ccf1f8e-bb04-4fd2-97d9-5036d69222f1","rootTurnId":"4ccf1f8e-bb04-4fd2-97d9-5036d69222f1"}
{"timestamp":"2026-08-11T20:41:54.808Z","level":"info","message":"fs.appendMessages.ok {\"system\":\"fs\",\"sessionId\":\"sess_4a69a782-d3dc-4044-a364-73daaaa3f8ee\",\"messageCount\":1,\"durationMs\":2}","conversationId":"sess_4a69a782-d3dc-4044-a364-73daaaa3f8ee","turnId":"4ccf1f8e-bb04-4fd2-97d9-5036d69222f1","rootTurnId":"4ccf1f8e-bb04-4fd2-97d9-5036d69222f1"}
{"timestamp":"2026-08-11T20:41:54.826Z","level":"info","message":"fs.appendMessages.ok {\"system\":\"fs\",\"sessionId\":\"sess_4a69a782-d3dc-4044-a364-73daaaa3f8ee\",\"messageCount\":1,\"durationMs\":12}","conversationId":"sess_4a69a782-d3dc-4044-a364-73daaaa3f8ee","turnId":"4ccf1f8e-bb04-4fd2-97d9-5036d69222f1","rootTurnId":"4ccf1f8e-bb04-4fd2-97d9-5036d69222f1"}
{"timestamp":"2026-08-11T20:41:54.826Z","level":"info","message":"[ACP ToolApproval] Got response: {\"outcome\":\"selected\",\"optionId\":\"always-accept\",\"_meta\":{\"kiro\":{\"consent\":{\"capability\":\"web_fetch\",\"scope\":\"session\",\"resource\":\"*\",\"workspaceRoot\":\"/home/nizar/HomeWspce/kiro-configs/knowledges/sandbox\"}}}}","conversationId":"sess_4a69a782-d3dc-4044-a364-73daaaa3f8ee","turnId":"4ccf1f8e-bb04-4fd2-97d9-5036d69222f1","rootTurnId":"4ccf1f8e-bb04-4fd2-97d9-5036d69222f1"}
{"timestamp":"2026-08-11T20:41:54.852Z","level":"info","message":"[PolicySession] rebuild() complete: 5 rules parsed, engineActive=true, fatal=false","conversationId":"sess_4a69a782-d3dc-4044-a364-73daaaa3f8ee","turnId":"4ccf1f8e-bb04-4fd2-97d9-5036d69222f1","rootTurnId":"4ccf1f8e-bb04-4fd2-97d9-5036d69222f1"}
{"timestamp":"2026-08-11T20:41:54.852Z","level":"info","message":"[PolicySession] Persisted allow rule for web_fetch matching \"*\" at scope=session","conversationId":"sess_4a69a782-d3dc-4044-a364-73daaaa3f8ee","turnId":"4ccf1f8e-bb04-4fd2-97d9-5036d69222f1","rootTurnId":"4ccf1f8e-bb04-4fd2-97d9-5036d69222f1"}
{"timestamp":"2026-08-11T20:41:54.862Z","level":"info","message":"fs.appendMessages.ok {\"system\":\"fs\",\"sessionId\":\"sess_4a69a782-d3dc-4044-a364-73daaaa3f8ee\",\"messageCount\":1,\"durationMs\":36}","conversationId":"sess_4a69a782-d3dc-4044-a364-73daaaa3f8ee","turnId":"4ccf1f8e-bb04-4fd2-97d9-5036d69222f1","rootTurnId":"4ccf1f8e-bb04-4fd2-97d9-5036d69222f1"}
{"timestamp":"2026-08-11T20:41:55.883Z","level":"warn","message":"[WebFetch] No matches found for phrase: \"ranking brand trust\"","conversationId":"sess_4a69a782-d3dc-4044-a364-73daaaa3f8ee","turnId":"4ccf1f8e-bb04-4fd2-97d9-5036d69222f1","rootTurnId":"4ccf1f8e-bb04-4fd2-97d9-5036d69222f1"}
{"timestamp":"2026-08-11T20:41:55.891Z","level":"info","message":"model.invoke.start","conversationId":"sess_4a69a782-d3dc-4044-a364-73daaaa3f8ee","turnId":"4ccf1f8e-bb04-4fd2-97d9-5036d69222f1","rootTurnId":"4ccf1f8e-bb04-4fd2-97d9-5036d69222f1"}
{"timestamp":"2026-08-11T20:41:55.891Z","level":"info","message":"[Steering] Populating steering for execution 4ccf1f8e-bb04-4fd2-97d9-5036d69222f1","conversationId":"sess_4a69a782-d3dc-4044-a364-73daaaa3f8ee","turnId":"4ccf1f8e-bb04-4fd2-97d9-5036d69222f1","rootTurnId":"4ccf1f8e-bb04-4fd2-97d9-5036d69222f1"}
{"timestamp":"2026-08-11T20:41:55.891Z","level":"info","message":"[Steering] ExistingFiles:  in 4ccf1f8e-bb04-4fd2-97d9-5036d69222f1","conversationId":"sess_4a69a782-d3dc-4044-a364-73daaaa3f8ee","turnId":"4ccf1f8e-bb04-4fd2-97d9-5036d69222f1","rootTurnId":"4ccf1f8e-bb04-4fd2-97d9-5036d69222f1"}
{"timestamp":"2026-08-11T20:41:55.900Z","level":"info","message":"[q-developer-converse] Sending GenerateAssistantResponse modelId=auto agentMode=custom origin=KIRO_CLI streaming=true conversationId=sess_4a69a782-d3dc-4044-a364-73daaaa3f8ee","conversationId":"sess_4a69a782-d3dc-4044-a364-73daaaa3f8ee","turnId":"4ccf1f8e-bb04-4fd2-97d9-5036d69222f1","rootTurnId":"4ccf1f8e-bb04-4fd2-97d9-5036d69222f1"}
{"timestamp":"2026-08-11T20:41:55.901Z","level":"info","message":"[q-developer-converse] Request payload: 284784 chars, 14 history messages, conversationId=sess_4a69a782-d3dc-4044-a364-73daaaa3f8ee","conversationId":"sess_4a69a782-d3dc-4044-a364-73daaaa3f8ee","turnId":"4ccf1f8e-bb04-4fd2-97d9-5036d69222f1","rootTurnId":"4ccf1f8e-bb04-4fd2-97d9-5036d69222f1"}
{"timestamp":"2026-08-11T20:41:55.913Z","level":"info","message":"fs.appendMessages.ok {\"system\":\"fs\",\"sessionId\":\"sess_4a69a782-d3dc-4044-a364-73daaaa3f8ee\",\"messageCount\":2,\"durationMs\":28}","conversationId":"sess_4a69a782-d3dc-4044-a364-73daaaa3f8ee","turnId":"4ccf1f8e-bb04-4fd2-97d9-5036d69222f1","rootTurnId":"4ccf1f8e-bb04-4fd2-97d9-5036d69222f1"}
{"timestamp":"2026-08-11T20:41:59.076Z","level":"info","message":"acp.policy-eval.complete {\"toolId\":\"web_fetch\",\"effect\":\"allow\",\"capability\":\"web_fetch\"}","conversationId":"sess_4a69a782-d3dc-4044-a364-73daaaa3f8ee","turnId":"4ccf1f8e-bb04-4fd2-97d9-5036d69222f1","rootTurnId":"4ccf1f8e-bb04-4fd2-97d9-5036d69222f1"}
{"timestamp":"2026-08-11T20:41:59.090Z","level":"info","message":"fs.appendMessages.ok {\"system\":\"fs\",\"sessionId\":\"sess_4a69a782-d3dc-4044-a364-73daaaa3f8ee\",\"messageCount\":1,\"durationMs\":9}","conversationId":"sess_4a69a782-d3dc-4044-a364-73daaaa3f8ee","turnId":"4ccf1f8e-bb04-4fd2-97d9-5036d69222f1","rootTurnId":"4ccf1f8e-bb04-4fd2-97d9-5036d69222f1"}
{"timestamp":"2026-08-11T20:41:59.394Z","level":"info","message":"model.invoke.start","conversationId":"sess_4a69a782-d3dc-4044-a364-73daaaa3f8ee","turnId":"4ccf1f8e-bb04-4fd2-97d9-5036d69222f1","rootTurnId":"4ccf1f8e-bb04-4fd2-97d9-5036d69222f1"}
{"timestamp":"2026-08-11T20:41:59.394Z","level":"info","message":"[Steering] Populating steering for execution 4ccf1f8e-bb04-4fd2-97d9-5036d69222f1","conversationId":"sess_4a69a782-d3dc-4044-a364-73daaaa3f8ee","turnId":"4ccf1f8e-bb04-4fd2-97d9-5036d69222f1","rootTurnId":"4ccf1f8e-bb04-4fd2-97d9-5036d69222f1"}
{"timestamp":"2026-08-11T20:41:59.394Z","level":"info","message":"[Steering] ExistingFiles:  in 4ccf1f8e-bb04-4fd2-97d9-5036d69222f1","conversationId":"sess_4a69a782-d3dc-4044-a364-73daaaa3f8ee","turnId":"4ccf1f8e-bb04-4fd2-97d9-5036d69222f1","rootTurnId":"4ccf1f8e-bb04-4fd2-97d9-5036d69222f1"}
{"timestamp":"2026-08-11T20:41:59.403Z","level":"info","message":"[q-developer-converse] Sending GenerateAssistantResponse modelId=auto agentMode=custom origin=KIRO_CLI streaming=true conversationId=sess_4a69a782-d3dc-4044-a364-73daaaa3f8ee","conversationId":"sess_4a69a782-d3dc-4044-a364-73daaaa3f8ee","turnId":"4ccf1f8e-bb04-4fd2-97d9-5036d69222f1","rootTurnId":"4ccf1f8e-bb04-4fd2-97d9-5036d69222f1"}
{"timestamp":"2026-08-11T20:41:59.404Z","level":"info","message":"[q-developer-converse] Request payload: 289496 chars, 16 history messages, conversationId=sess_4a69a782-d3dc-4044-a364-73daaaa3f8ee","conversationId":"sess_4a69a782-d3dc-4044-a364-73daaaa3f8ee","turnId":"4ccf1f8e-bb04-4fd2-97d9-5036d69222f1","rootTurnId":"4ccf1f8e-bb04-4fd2-97d9-5036d69222f1"}
{"timestamp":"2026-08-11T20:41:59.418Z","level":"info","message":"fs.appendMessages.ok {\"system\":\"fs\",\"sessionId\":\"sess_4a69a782-d3dc-4044-a364-73daaaa3f8ee\",\"messageCount\":2,\"durationMs\":29}","conversationId":"sess_4a69a782-d3dc-4044-a364-73daaaa3f8ee","turnId":"4ccf1f8e-bb04-4fd2-97d9-5036d69222f1","rootTurnId":"4ccf1f8e-bb04-4fd2-97d9-5036d69222f1"}
{"timestamp":"2026-08-11T20:42:02.517Z","level":"info","message":"acp.policy-eval.complete {\"toolId\":\"web_fetch\",\"effect\":\"allow\",\"capability\":\"web_fetch\"}","conversationId":"sess_4a69a782-d3dc-4044-a364-73daaaa3f8ee","turnId":"4ccf1f8e-bb04-4fd2-97d9-5036d69222f1","rootTurnId":"4ccf1f8e-bb04-4fd2-97d9-5036d69222f1"}
{"timestamp":"2026-08-11T20:42:02.531Z","level":"info","message":"fs.appendMessages.ok {\"system\":\"fs\",\"sessionId\":\"sess_4a69a782-d3dc-4044-a364-73daaaa3f8ee\",\"messageCount\":1,\"durationMs\":10}","conversationId":"sess_4a69a782-d3dc-4044-a364-73daaaa3f8ee","turnId":"4ccf1f8e-bb04-4fd2-97d9-5036d69222f1","rootTurnId":"4ccf1f8e-bb04-4fd2-97d9-5036d69222f1"}
{"timestamp":"2026-08-11T20:42:02.709Z","level":"warn","message":"[WebFetch] No matches found for phrase: \"Honda Toro EGO Husqvarna score\"","conversationId":"sess_4a69a782-d3dc-4044-a364-73daaaa3f8ee","turnId":"4ccf1f8e-bb04-4fd2-97d9-5036d69222f1","rootTurnId":"4ccf1f8e-bb04-4fd2-97d9-5036d69222f1"}
{"timestamp":"2026-08-11T20:42:02.716Z","level":"info","message":"model.invoke.start","conversationId":"sess_4a69a782-d3dc-4044-a364-73daaaa3f8ee","turnId":"4ccf1f8e-bb04-4fd2-97d9-5036d69222f1","rootTurnId":"4ccf1f8e-bb04-4fd2-97d9-5036d69222f1"}
{"timestamp":"2026-08-11T20:42:02.716Z","level":"info","message":"[Steering] Populating steering for execution 4ccf1f8e-bb04-4fd2-97d9-5036d69222f1","conversationId":"sess_4a69a782-d3dc-4044-a364-73daaaa3f8ee","turnId":"4ccf1f8e-bb04-4fd2-97d9-5036d69222f1","rootTurnId":"4ccf1f8e-bb04-4fd2-97d9-5036d69222f1"}
{"timestamp":"2026-08-11T20:42:02.716Z","level":"info","message":"[Steering] ExistingFiles:  in 4ccf1f8e-bb04-4fd2-97d9-5036d69222f1","conversationId":"sess_4a69a782-d3dc-4044-a364-73daaaa3f8ee","turnId":"4ccf1f8e-bb04-4fd2-97d9-5036d69222f1","rootTurnId":"4ccf1f8e-bb04-4fd2-97d9-5036d69222f1"}
{"timestamp":"2026-08-11T20:42:02.725Z","level":"info","message":"[q-developer-converse] Sending GenerateAssistantResponse modelId=auto agentMode=custom origin=KIRO_CLI streaming=true conversationId=sess_4a69a782-d3dc-4044-a364-73daaaa3f8ee","conversationId":"sess_4a69a782-d3dc-4044-a364-73daaaa3f8ee","turnId":"4ccf1f8e-bb04-4fd2-97d9-5036d69222f1","rootTurnId":"4ccf1f8e-bb04-4fd2-97d9-5036d69222f1"}
{"timestamp":"2026-08-11T20:42:02.727Z","level":"info","message":"[q-developer-converse] Request payload: 290248 chars, 18 history messages, conversationId=sess_4a69a782-d3dc-4044-a364-73daaaa3f8ee","conversationId":"sess_4a69a782-d3dc-4044-a364-73daaaa3f8ee","turnId":"4ccf1f8e-bb04-4fd2-97d9-5036d69222f1","rootTurnId":"4ccf1f8e-bb04-4fd2-97d9-5036d69222f1"}
{"timestamp":"2026-08-11T20:42:02.738Z","level":"info","message":"fs.appendMessages.ok {\"system\":\"fs\",\"sessionId\":\"sess_4a69a782-d3dc-4044-a364-73daaaa3f8ee\",\"messageCount\":2,\"durationMs\":29}","conversationId":"sess_4a69a782-d3dc-4044-a364-73daaaa3f8ee","turnId":"4ccf1f8e-bb04-4fd2-97d9-5036d69222f1","rootTurnId":"4ccf1f8e-bb04-4fd2-97d9-5036d69222f1"}
{"timestamp":"2026-08-11T20:42:05.556Z","level":"info","message":"acp.policy-eval.complete {\"toolId\":\"web_fetch\",\"effect\":\"allow\",\"capability\":\"web_fetch\"}","conversationId":"sess_4a69a782-d3dc-4044-a364-73daaaa3f8ee","turnId":"4ccf1f8e-bb04-4fd2-97d9-5036d69222f1","rootTurnId":"4ccf1f8e-bb04-4fd2-97d9-5036d69222f1"}
{"timestamp":"2026-08-11T20:42:05.569Z","level":"info","message":"fs.appendMessages.ok {\"system\":\"fs\",\"sessionId\":\"sess_4a69a782-d3dc-4044-a364-73daaaa3f8ee\",\"messageCount\":1,\"durationMs\":9}","conversationId":"sess_4a69a782-d3dc-4044-a364-73daaaa3f8ee","turnId":"4ccf1f8e-bb04-4fd2-97d9-5036d69222f1","rootTurnId":"4ccf1f8e-bb04-4fd2-97d9-5036d69222f1"}
{"timestamp":"2026-08-11T20:42:05.754Z","level":"info","message":"model.invoke.start","conversationId":"sess_4a69a782-d3dc-4044-a364-73daaaa3f8ee","turnId":"4ccf1f8e-bb04-4fd2-97d9-5036d69222f1","rootTurnId":"4ccf1f8e-bb04-4fd2-97d9-5036d69222f1"}
{"timestamp":"2026-08-11T20:42:05.754Z","level":"info","message":"[Steering] Populating steering for execution 4ccf1f8e-bb04-4fd2-97d9-5036d69222f1","conversationId":"sess_4a69a782-d3dc-4044-a364-73daaaa3f8ee","turnId":"4ccf1f8e-bb04-4fd2-97d9-5036d69222f1","rootTurnId":"4ccf1f8e-bb04-4fd2-97d9-5036d69222f1"}
{"timestamp":"2026-08-11T20:42:05.754Z","level":"info","message":"[Steering] ExistingFiles:  in 4ccf1f8e-bb04-4fd2-97d9-5036d69222f1","conversationId":"sess_4a69a782-d3dc-4044-a364-73daaaa3f8ee","turnId":"4ccf1f8e-bb04-4fd2-97d9-5036d69222f1","rootTurnId":"4ccf1f8e-bb04-4fd2-97d9-5036d69222f1"}
{"timestamp":"2026-08-11T20:42:05.763Z","level":"info","message":"[q-developer-converse] Sending GenerateAssistantResponse modelId=auto agentMode=custom origin=KIRO_CLI streaming=true conversationId=sess_4a69a782-d3dc-4044-a364-73daaaa3f8ee","conversationId":"sess_4a69a782-d3dc-4044-a364-73daaaa3f8ee","turnId":"4ccf1f8e-bb04-4fd2-97d9-5036d69222f1","rootTurnId":"4ccf1f8e-bb04-4fd2-97d9-5036d69222f1"}
{"timestamp":"2026-08-11T20:42:05.765Z","level":"info","message":"[q-developer-converse] Request payload: 312835 chars, 20 history messages, conversationId=sess_4a69a782-d3dc-4044-a364-73daaaa3f8ee","conversationId":"sess_4a69a782-d3dc-4044-a364-73daaaa3f8ee","turnId":"4ccf1f8e-bb04-4fd2-97d9-5036d69222f1","rootTurnId":"4ccf1f8e-bb04-4fd2-97d9-5036d69222f1"}
{"timestamp":"2026-08-11T20:42:05.778Z","level":"info","message":"fs.appendMessages.ok {\"system\":\"fs\",\"sessionId\":\"sess_4a69a782-d3dc-4044-a364-73daaaa3f8ee\",\"messageCount\":2,\"durationMs\":31}","conversationId":"sess_4a69a782-d3dc-4044-a364-73daaaa3f8ee","turnId":"4ccf1f8e-bb04-4fd2-97d9-5036d69222f1","rootTurnId":"4ccf1f8e-bb04-4fd2-97d9-5036d69222f1"}
{"timestamp":"2026-08-11T20:42:12.923Z","level":"info","message":"model.invoke.start","conversationId":"sess_4a69a782-d3dc-4044-a364-73daaaa3f8ee","turnId":"4ccf1f8e-bb04-4fd2-97d9-5036d69222f1","rootTurnId":"4ccf1f8e-bb04-4fd2-97d9-5036d69222f1"}
{"timestamp":"2026-08-11T20:42:12.924Z","level":"info","message":"[Steering] Populating steering for execution 4ccf1f8e-bb04-4fd2-97d9-5036d69222f1","conversationId":"sess_4a69a782-d3dc-4044-a364-73daaaa3f8ee","turnId":"4ccf1f8e-bb04-4fd2-97d9-5036d69222f1","rootTurnId":"4ccf1f8e-bb04-4fd2-97d9-5036d69222f1"}
{"timestamp":"2026-08-11T20:42:12.924Z","level":"info","message":"[Steering] ExistingFiles:  in 4ccf1f8e-bb04-4fd2-97d9-5036d69222f1","conversationId":"sess_4a69a782-d3dc-4044-a364-73daaaa3f8ee","turnId":"4ccf1f8e-bb04-4fd2-97d9-5036d69222f1","rootTurnId":"4ccf1f8e-bb04-4fd2-97d9-5036d69222f1"}
{"timestamp":"2026-08-11T20:42:12.929Z","level":"info","message":"[q-developer-converse] Sending GenerateAssistantResponse modelId=auto agentMode=custom origin=KIRO_CLI streaming=true conversationId=sess_4a69a782-d3dc-4044-a364-73daaaa3f8ee","conversationId":"sess_4a69a782-d3dc-4044-a364-73daaaa3f8ee","turnId":"4ccf1f8e-bb04-4fd2-97d9-5036d69222f1","rootTurnId":"4ccf1f8e-bb04-4fd2-97d9-5036d69222f1"}
{"timestamp":"2026-08-11T20:42:12.931Z","level":"info","message":"[q-developer-converse] Request payload: 313383 chars, 22 history messages, conversationId=sess_4a69a782-d3dc-4044-a364-73daaaa3f8ee","conversationId":"sess_4a69a782-d3dc-4044-a364-73daaaa3f8ee","turnId":"4ccf1f8e-bb04-4fd2-97d9-5036d69222f1","rootTurnId":"4ccf1f8e-bb04-4fd2-97d9-5036d69222f1"}
{"timestamp":"2026-08-11T20:42:12.941Z","level":"info","message":"[SessionPersistence] Updated metadata for session sess_4a69a782-d3dc-4044-a364-73daaaa3f8ee","conversationId":"sess_4a69a782-d3dc-4044-a364-73daaaa3f8ee","turnId":"4ccf1f8e-bb04-4fd2-97d9-5036d69222f1","rootTurnId":"4ccf1f8e-bb04-4fd2-97d9-5036d69222f1"}
{"timestamp":"2026-08-11T20:42:12.950Z","level":"info","message":"fs.appendMessages.ok {\"system\":\"fs\",\"sessionId\":\"sess_4a69a782-d3dc-4044-a364-73daaaa3f8ee\",\"messageCount\":2,\"durationMs\":33}","conversationId":"sess_4a69a782-d3dc-4044-a364-73daaaa3f8ee","turnId":"4ccf1f8e-bb04-4fd2-97d9-5036d69222f1","rootTurnId":"4ccf1f8e-bb04-4fd2-97d9-5036d69222f1"}
{"timestamp":"2026-08-11T20:42:12.952Z","level":"info","message":"fs.appendMessages.ok {\"system\":\"fs\",\"sessionId\":\"sess_4a69a782-d3dc-4044-a364-73daaaa3f8ee\",\"messageCount\":1,\"durationMs\":2}","conversationId":"sess_4a69a782-d3dc-4044-a364-73daaaa3f8ee","turnId":"4ccf1f8e-bb04-4fd2-97d9-5036d69222f1","rootTurnId":"4ccf1f8e-bb04-4fd2-97d9-5036d69222f1"}
{"timestamp":"2026-08-11T20:42:46.718Z","level":"info","message":"[ACPEventAdapter] Execution succeeded {\"executionId\":\"4ccf1f8e-bb04-4fd2-97d9-5036d69222f1\"}","conversationId":"sess_4a69a782-d3dc-4044-a364-73daaaa3f8ee","turnId":"4ccf1f8e-bb04-4fd2-97d9-5036d69222f1","rootTurnId":"4ccf1f8e-bb04-4fd2-97d9-5036d69222f1"}
{"timestamp":"2026-08-11T20:42:46.729Z","level":"info","message":"fs.appendMessages.ok {\"system\":\"fs\",\"sessionId\":\"sess_4a69a782-d3dc-4044-a364-73daaaa3f8ee\",\"messageCount\":1,\"durationMs\":20}","conversationId":"sess_4a69a782-d3dc-4044-a364-73daaaa3f8ee","turnId":"4ccf1f8e-bb04-4fd2-97d9-5036d69222f1","rootTurnId":"4ccf1f8e-bb04-4fd2-97d9-5036d69222f1"}
{"timestamp":"2026-08-11T20:42:46.733Z","level":"info","message":"fs.appendMessages.ok {\"system\":\"fs\",\"sessionId\":\"sess_4a69a782-d3dc-4044-a364-73daaaa3f8ee\",\"messageCount\":1,\"durationMs\":4}","conversationId":"sess_4a69a782-d3dc-4044-a364-73daaaa3f8ee","turnId":"4ccf1f8e-bb04-4fd2-97d9-5036d69222f1","rootTurnId":"4ccf1f8e-bb04-4fd2-97d9-5036d69222f1"}
{"timestamp":"2026-08-11T20:42:46.736Z","level":"info","message":"fs.appendMessages.ok {\"system\":\"fs\",\"sessionId\":\"sess_4a69a782-d3dc-4044-a364-73daaaa3f8ee\",\"messageCount\":3,\"durationMs\":2}","conversationId":"sess_4a69a782-d3dc-4044-a364-73daaaa3f8ee","turnId":"4ccf1f8e-bb04-4fd2-97d9-5036d69222f1","rootTurnId":"4ccf1f8e-bb04-4fd2-97d9-5036d69222f1"}
{"timestamp":"2026-08-11T20:42:46.737Z","level":"info","message":"[agent-controller] Progressing model queue {\"activeExecution\":true,\"queueSize\":0}","conversationId":"sess_4a69a782-d3dc-4044-a364-73daaaa3f8ee","turnId":"4ccf1f8e-bb04-4fd2-97d9-5036d69222f1","rootTurnId":"4ccf1f8e-bb04-4fd2-97d9-5036d69222f1"}
{"timestamp":"2026-08-11T20:42:46.737Z","level":"info","message":"[agent-controller] Progressing model queue {\"activeExecution\":false,\"queueSize\":0}","conversationId":"sess_4a69a782-d3dc-4044-a364-73daaaa3f8ee","turnId":"4ccf1f8e-bb04-4fd2-97d9-5036d69222f1","rootTurnId":"4ccf1f8e-bb04-4fd2-97d9-5036d69222f1"}
{"timestamp":"2026-08-11T20:42:46.739Z","level":"info","message":"[SessionPersistence] Updated metadata for session sess_4a69a782-d3dc-4044-a364-73daaaa3f8ee","conversationId":"sess_4a69a782-d3dc-4044-a364-73daaaa3f8ee","turnId":"4ccf1f8e-bb04-4fd2-97d9-5036d69222f1","rootTurnId":"4ccf1f8e-bb04-4fd2-97d9-5036d69222f1"}
{"timestamp":"2026-08-11T20:46:02.027Z","level":"info","message":"network.listAvailableModels.ok {\"system\":\"network\",\"durationMs\":700}"}
{"timestamp":"2026-08-11T20:46:02.027Z","level":"info","message":"[ACPModelConfigProvider] Loaded 19 models"}
{"timestamp":"2026-08-11T20:47:55.015Z","level":"info","message":"[KiroAgent] ACP session/prompt sessionId=sess_4a69a782-d3dc-4044-a364-73daaaa3f8ee"}
{"timestamp":"2026-08-11T20:47:55.019Z","level":"info","message":"fs.appendMessages.ok {\"system\":\"fs\",\"sessionId\":\"sess_4a69a782-d3dc-4044-a364-73daaaa3f8ee\",\"messageCount\":1,\"durationMs\":3}"}
{"timestamp":"2026-08-11T20:47:55.022Z","level":"info","message":"agent_controller.triggered {\"agentType\":\"custom-agent\",\"autonomyMode\":\"Autopilot\",\"modelId\":\"auto\"}","conversationId":"sess_4a69a782-d3dc-4044-a364-73daaaa3f8ee"}
{"timestamp":"2026-08-11T20:47:55.022Z","level":"info","message":"[agent-controller] Progressing model queue {\"activeExecution\":false,\"queueSize\":1}","conversationId":"sess_4a69a782-d3dc-4044-a364-73daaaa3f8ee"}
{"timestamp":"2026-08-11T20:47:55.023Z","level":"info","message":"[ACPEventAdapter] Execution began {\"executionId\":\"9bed470a-ee68-4704-bc80-eda1f629751d\"}","conversationId":"sess_4a69a782-d3dc-4044-a364-73daaaa3f8ee","turnId":"9bed470a-ee68-4704-bc80-eda1f629751d","rootTurnId":"9bed470a-ee68-4704-bc80-eda1f629751d"}
{"timestamp":"2026-08-11T20:47:55.029Z","level":"info","message":"fs.appendMessages.ok {\"system\":\"fs\",\"sessionId\":\"sess_4a69a782-d3dc-4044-a364-73daaaa3f8ee\",\"messageCount\":1,\"durationMs\":6}","conversationId":"sess_4a69a782-d3dc-4044-a364-73daaaa3f8ee","turnId":"9bed470a-ee68-4704-bc80-eda1f629751d","rootTurnId":"9bed470a-ee68-4704-bc80-eda1f629751d"}
{"timestamp":"2026-08-11T20:47:55.035Z","level":"info","message":"model.invoke.start","conversationId":"sess_4a69a782-d3dc-4044-a364-73daaaa3f8ee","turnId":"9bed470a-ee68-4704-bc80-eda1f629751d","rootTurnId":"9bed470a-ee68-4704-bc80-eda1f629751d"}
{"timestamp":"2026-08-11T20:47:55.035Z","level":"info","message":"[Steering] Populating steering for execution 9bed470a-ee68-4704-bc80-eda1f629751d","conversationId":"sess_4a69a782-d3dc-4044-a364-73daaaa3f8ee","turnId":"9bed470a-ee68-4704-bc80-eda1f629751d","rootTurnId":"9bed470a-ee68-4704-bc80-eda1f629751d"}
{"timestamp":"2026-08-11T20:47:55.036Z","level":"info","message":"[Steering] ExistingFiles:  in 9bed470a-ee68-4704-bc80-eda1f629751d","conversationId":"sess_4a69a782-d3dc-4044-a364-73daaaa3f8ee","turnId":"9bed470a-ee68-4704-bc80-eda1f629751d","rootTurnId":"9bed470a-ee68-4704-bc80-eda1f629751d"}
{"timestamp":"2026-08-11T20:47:55.047Z","level":"info","message":"[q-developer-converse] Sending GenerateAssistantResponse modelId=auto agentMode=custom origin=KIRO_CLI streaming=true conversationId=sess_4a69a782-d3dc-4044-a364-73daaaa3f8ee","conversationId":"sess_4a69a782-d3dc-4044-a364-73daaaa3f8ee","turnId":"9bed470a-ee68-4704-bc80-eda1f629751d","rootTurnId":"9bed470a-ee68-4704-bc80-eda1f629751d"}
{"timestamp":"2026-08-11T20:47:55.050Z","level":"info","message":"[q-developer-converse] Request payload: 318661 chars, 24 history messages, conversationId=sess_4a69a782-d3dc-4044-a364-73daaaa3f8ee","conversationId":"sess_4a69a782-d3dc-4044-a364-73daaaa3f8ee","turnId":"9bed470a-ee68-4704-bc80-eda1f629751d","rootTurnId":"9bed470a-ee68-4704-bc80-eda1f629751d"}
{"timestamp":"2026-08-11T20:47:55.060Z","level":"info","message":"[SessionPersistence] Updated metadata for session sess_4a69a782-d3dc-4044-a364-73daaaa3f8ee","conversationId":"sess_4a69a782-d3dc-4044-a364-73daaaa3f8ee","turnId":"9bed470a-ee68-4704-bc80-eda1f629751d","rootTurnId":"9bed470a-ee68-4704-bc80-eda1f629751d"}
{"timestamp":"2026-08-11T20:47:55.245Z","level":"info","message":"network.getFeatureConfiguration.ok {\"system\":\"network\",\"durationMs\":222}"}
{"timestamp":"2026-08-11T20:47:55.245Z","level":"info","message":"[ExperimentConfigService] Resolved {\"origin\":\"KIRO_CLI\",\"version\":\"2.16.2\",\"keyCount\":3}"}
{"timestamp":"2026-08-11T20:48:01.556Z","level":"info","message":"[ACPEventAdapter] Execution succeeded {\"executionId\":\"9bed470a-ee68-4704-bc80-eda1f629751d\"}","conversationId":"sess_4a69a782-d3dc-4044-a364-73daaaa3f8ee","turnId":"9bed470a-ee68-4704-bc80-eda1f629751d","rootTurnId":"9bed470a-ee68-4704-bc80-eda1f629751d"}
{"timestamp":"2026-08-11T20:48:01.564Z","level":"info","message":"fs.appendMessages.ok {\"system\":\"fs\",\"sessionId\":\"sess_4a69a782-d3dc-4044-a364-73daaaa3f8ee\",\"messageCount\":1,\"durationMs\":16}","conversationId":"sess_4a69a782-d3dc-4044-a364-73daaaa3f8ee","turnId":"9bed470a-ee68-4704-bc80-eda1f629751d","rootTurnId":"9bed470a-ee68-4704-bc80-eda1f629751d"}
{"timestamp":"2026-08-11T20:48:01.574Z","level":"info","message":"fs.appendMessages.ok {\"system\":\"fs\",\"sessionId\":\"sess_4a69a782-d3dc-4044-a364-73daaaa3f8ee\",\"messageCount\":1,\"durationMs\":10}","conversationId":"sess_4a69a782-d3dc-4044-a364-73daaaa3f8ee","turnId":"9bed470a-ee68-4704-bc80-eda1f629751d","rootTurnId":"9bed470a-ee68-4704-bc80-eda1f629751d"}
{"timestamp":"2026-08-11T20:48:01.577Z","level":"info","message":"fs.appendMessages.ok {\"system\":\"fs\",\"sessionId\":\"sess_4a69a782-d3dc-4044-a364-73daaaa3f8ee\",\"messageCount\":3,\"durationMs\":2}","conversationId":"sess_4a69a782-d3dc-4044-a364-73daaaa3f8ee","turnId":"9bed470a-ee68-4704-bc80-eda1f629751d","rootTurnId":"9bed470a-ee68-4704-bc80-eda1f629751d"}
{"timestamp":"2026-08-11T20:48:01.577Z","level":"info","message":"[agent-controller] Progressing model queue {\"activeExecution\":true,\"queueSize\":0}","conversationId":"sess_4a69a782-d3dc-4044-a364-73daaaa3f8ee","turnId":"9bed470a-ee68-4704-bc80-eda1f629751d","rootTurnId":"9bed470a-ee68-4704-bc80-eda1f629751d"}
{"timestamp":"2026-08-11T20:48:01.578Z","level":"info","message":"[agent-controller] Progressing model queue {\"activeExecution\":false,\"queueSize\":0}","conversationId":"sess_4a69a782-d3dc-4044-a364-73daaaa3f8ee","turnId":"9bed470a-ee68-4704-bc80-eda1f629751d","rootTurnId":"9bed470a-ee68-4704-bc80-eda1f629751d"}
{"timestamp":"2026-08-11T20:48:01.580Z","level":"info","message":"[SessionPersistence] Updated metadata for session sess_4a69a782-d3dc-4044-a364-73daaaa3f8ee","conversationId":"sess_4a69a782-d3dc-4044-a364-73daaaa3f8ee","turnId":"9bed470a-ee68-4704-bc80-eda1f629751d","rootTurnId":"9bed470a-ee68-4704-bc80-eda1f629751d"}
{"timestamp":"2026-08-11T20:50:55.731Z","level":"info","message":"[KiroAgent] ACP session/prompt sessionId=sess_4a69a782-d3dc-4044-a364-73daaaa3f8ee"}
{"timestamp":"2026-08-11T20:50:55.734Z","level":"info","message":"fs.appendMessages.ok {\"system\":\"fs\",\"sessionId\":\"sess_4a69a782-d3dc-4044-a364-73daaaa3f8ee\",\"messageCount\":1,\"durationMs\":2}"}
{"timestamp":"2026-08-11T20:50:55.735Z","level":"info","message":"agent_controller.triggered {\"agentType\":\"custom-agent\",\"autonomyMode\":\"Autopilot\",\"modelId\":\"auto\"}","conversationId":"sess_4a69a782-d3dc-4044-a364-73daaaa3f8ee"}
{"timestamp":"2026-08-11T20:50:55.735Z","level":"info","message":"[agent-controller] Progressing model queue {\"activeExecution\":false,\"queueSize\":1}","conversationId":"sess_4a69a782-d3dc-4044-a364-73daaaa3f8ee"}
{"timestamp":"2026-08-11T20:50:55.736Z","level":"info","message":"[ACPEventAdapter] Execution began {\"executionId\":\"de834fcb-8b1b-4b45-8492-255f24860c64\"}","conversationId":"sess_4a69a782-d3dc-4044-a364-73daaaa3f8ee","turnId":"de834fcb-8b1b-4b45-8492-255f24860c64","rootTurnId":"de834fcb-8b1b-4b45-8492-255f24860c64"}
{"timestamp":"2026-08-11T20:50:55.743Z","level":"info","message":"fs.appendMessages.ok {\"system\":\"fs\",\"sessionId\":\"sess_4a69a782-d3dc-4044-a364-73daaaa3f8ee\",\"messageCount\":1,\"durationMs\":8}","conversationId":"sess_4a69a782-d3dc-4044-a364-73daaaa3f8ee","turnId":"de834fcb-8b1b-4b45-8492-255f24860c64","rootTurnId":"de834fcb-8b1b-4b45-8492-255f24860c64"}
{"timestamp":"2026-08-11T20:50:55.749Z","level":"info","message":"model.invoke.start","conversationId":"sess_4a69a782-d3dc-4044-a364-73daaaa3f8ee","turnId":"de834fcb-8b1b-4b45-8492-255f24860c64","rootTurnId":"de834fcb-8b1b-4b45-8492-255f24860c64"}
{"timestamp":"2026-08-11T20:50:55.749Z","level":"info","message":"[Steering] Populating steering for execution de834fcb-8b1b-4b45-8492-255f24860c64","conversationId":"sess_4a69a782-d3dc-4044-a364-73daaaa3f8ee","turnId":"de834fcb-8b1b-4b45-8492-255f24860c64","rootTurnId":"de834fcb-8b1b-4b45-8492-255f24860c64"}
{"timestamp":"2026-08-11T20:50:55.749Z","level":"info","message":"[Steering] ExistingFiles:  in de834fcb-8b1b-4b45-8492-255f24860c64","conversationId":"sess_4a69a782-d3dc-4044-a364-73daaaa3f8ee","turnId":"de834fcb-8b1b-4b45-8492-255f24860c64","rootTurnId":"de834fcb-8b1b-4b45-8492-255f24860c64"}
{"timestamp":"2026-08-11T20:50:55.760Z","level":"info","message":"[q-developer-converse] Sending GenerateAssistantResponse modelId=auto agentMode=custom origin=KIRO_CLI streaming=true conversationId=sess_4a69a782-d3dc-4044-a364-73daaaa3f8ee","conversationId":"sess_4a69a782-d3dc-4044-a364-73daaaa3f8ee","turnId":"de834fcb-8b1b-4b45-8492-255f24860c64","rootTurnId":"de834fcb-8b1b-4b45-8492-255f24860c64"}
{"timestamp":"2026-08-11T20:50:55.762Z","level":"info","message":"[q-developer-converse] Request payload: 319339 chars, 26 history messages, conversationId=sess_4a69a782-d3dc-4044-a364-73daaaa3f8ee","conversationId":"sess_4a69a782-d3dc-4044-a364-73daaaa3f8ee","turnId":"de834fcb-8b1b-4b45-8492-255f24860c64","rootTurnId":"de834fcb-8b1b-4b45-8492-255f24860c64"}
{"timestamp":"2026-08-11T20:50:55.772Z","level":"info","message":"[SessionPersistence] Updated metadata for session sess_4a69a782-d3dc-4044-a364-73daaaa3f8ee","conversationId":"sess_4a69a782-d3dc-4044-a364-73daaaa3f8ee","turnId":"de834fcb-8b1b-4b45-8492-255f24860c64","rootTurnId":"de834fcb-8b1b-4b45-8492-255f24860c64"}
{"timestamp":"2026-08-11T20:50:59.633Z","level":"info","message":"[ACPEventAdapter] Execution yielded {\"executionId\":\"de834fcb-8b1b-4b45-8492-255f24860c64\"}","conversationId":"sess_4a69a782-d3dc-4044-a364-73daaaa3f8ee","turnId":"de834fcb-8b1b-4b45-8492-255f24860c64","rootTurnId":"de834fcb-8b1b-4b45-8492-255f24860c64"}
{"timestamp":"2026-08-11T20:50:59.633Z","level":"warn","message":"[ACPEventAdapter] Action type has no dedicated handler and is being routed as a tool call. If this is a new non-tool action, add it to DispatchedActionType. {\"actionType\":\"run_command\"}","conversationId":"sess_4a69a782-d3dc-4044-a364-73daaaa3f8ee","turnId":"de834fcb-8b1b-4b45-8492-255f24860c64","rootTurnId":"de834fcb-8b1b-4b45-8492-255f24860c64"}
{"timestamp":"2026-08-11T20:50:59.674Z","level":"info","message":"fs.appendMessages.ok {\"system\":\"fs\",\"sessionId\":\"sess_4a69a782-d3dc-4044-a364-73daaaa3f8ee\",\"messageCount\":1,\"durationMs\":21}","conversationId":"sess_4a69a782-d3dc-4044-a364-73daaaa3f8ee","turnId":"de834fcb-8b1b-4b45-8492-255f24860c64","rootTurnId":"de834fcb-8b1b-4b45-8492-255f24860c64"}
{"timestamp":"2026-08-11T20:50:59.697Z","level":"info","message":"acp.policy-eval.complete {\"toolId\":\"run_command\",\"effect\":\"ask\"}","conversationId":"sess_4a69a782-d3dc-4044-a364-73daaaa3f8ee","turnId":"de834fcb-8b1b-4b45-8492-255f24860c64","rootTurnId":"de834fcb-8b1b-4b45-8492-255f24860c64"}
{"timestamp":"2026-08-11T20:50:59.698Z","level":"info","message":"[ACP ToolApproval] Requesting permission for toolId=run_command, operationId=run_command_tooluse_k0ndit4I8kO13PwprVwUPp, sessionId=sess_4a69a782-d3dc-4044-a364-73daaaa3f8ee","conversationId":"sess_4a69a782-d3dc-4044-a364-73daaaa3f8ee","turnId":"de834fcb-8b1b-4b45-8492-255f24860c64","rootTurnId":"de834fcb-8b1b-4b45-8492-255f24860c64"}
{"timestamp":"2026-08-11T20:50:59.700Z","level":"info","message":"fs.appendMessages.ok {\"system\":\"fs\",\"sessionId\":\"sess_4a69a782-d3dc-4044-a364-73daaaa3f8ee\",\"messageCount\":1,\"durationMs\":2}","conversationId":"sess_4a69a782-d3dc-4044-a364-73daaaa3f8ee","turnId":"de834fcb-8b1b-4b45-8492-255f24860c64","rootTurnId":"de834fcb-8b1b-4b45-8492-255f24860c64"}
{"timestamp":"2026-08-11T20:50:59.705Z","level":"info","message":"fs.appendMessages.ok {\"system\":\"fs\",\"sessionId\":\"sess_4a69a782-d3dc-4044-a364-73daaaa3f8ee\",\"messageCount\":1,\"durationMs\":2}","conversationId":"sess_4a69a782-d3dc-4044-a364-73daaaa3f8ee","turnId":"de834fcb-8b1b-4b45-8492-255f24860c64","rootTurnId":"de834fcb-8b1b-4b45-8492-255f24860c64"}
{"timestamp":"2026-08-11T20:50:59.705Z","level":"info","message":"[ACP ToolApproval] Got response: {\"outcome\":\"selected\",\"optionId\":\"always-accept\",\"_meta\":{\"kiro\":{\"consent\":{\"capability\":\"shell\",\"scope\":\"session\",\"resource\":\"*\",\"workspaceRoot\":\"/home/nizar/HomeWspce/kiro-configs/knowledges/sandbox\"}}}}","conversationId":"sess_4a69a782-d3dc-4044-a364-73daaaa3f8ee","turnId":"de834fcb-8b1b-4b45-8492-255f24860c64","rootTurnId":"de834fcb-8b1b-4b45-8492-255f24860c64"}
{"timestamp":"2026-08-11T20:50:59.741Z","level":"info","message":"[PolicySession] rebuild() complete: 6 rules parsed, engineActive=true, fatal=false","conversationId":"sess_4a69a782-d3dc-4044-a364-73daaaa3f8ee","turnId":"de834fcb-8b1b-4b45-8492-255f24860c64","rootTurnId":"de834fcb-8b1b-4b45-8492-255f24860c64"}
{"timestamp":"2026-08-11T20:50:59.741Z","level":"info","message":"[PolicySession] Persisted allow rule for shell matching \"*\" at scope=session","conversationId":"sess_4a69a782-d3dc-4044-a364-73daaaa3f8ee","turnId":"de834fcb-8b1b-4b45-8492-255f24860c64","rootTurnId":"de834fcb-8b1b-4b45-8492-255f24860c64"}
{"timestamp":"2026-08-11T20:50:59.744Z","level":"info","message":"[ACPEventAdapter] Execution resumed {\"executionId\":\"de834fcb-8b1b-4b45-8492-255f24860c64\"}","conversationId":"sess_4a69a782-d3dc-4044-a364-73daaaa3f8ee","turnId":"de834fcb-8b1b-4b45-8492-255f24860c64","rootTurnId":"de834fcb-8b1b-4b45-8492-255f24860c64"}
{"timestamp":"2026-08-11T20:50:59.763Z","level":"info","message":"model.invoke.start","conversationId":"sess_4a69a782-d3dc-4044-a364-73daaaa3f8ee","turnId":"de834fcb-8b1b-4b45-8492-255f24860c64","rootTurnId":"de834fcb-8b1b-4b45-8492-255f24860c64"}
{"timestamp":"2026-08-11T20:50:59.763Z","level":"info","message":"[Steering] Populating steering for execution de834fcb-8b1b-4b45-8492-255f24860c64","conversationId":"sess_4a69a782-d3dc-4044-a364-73daaaa3f8ee","turnId":"de834fcb-8b1b-4b45-8492-255f24860c64","rootTurnId":"de834fcb-8b1b-4b45-8492-255f24860c64"}
{"timestamp":"2026-08-11T20:50:59.763Z","level":"info","message":"[Steering] ExistingFiles:  in de834fcb-8b1b-4b45-8492-255f24860c64","conversationId":"sess_4a69a782-d3dc-4044-a364-73daaaa3f8ee","turnId":"de834fcb-8b1b-4b45-8492-255f24860c64","rootTurnId":"de834fcb-8b1b-4b45-8492-255f24860c64"}
{"timestamp":"2026-08-11T20:50:59.773Z","level":"info","message":"[q-developer-converse] Sending GenerateAssistantResponse modelId=auto agentMode=custom origin=KIRO_CLI streaming=true conversationId=sess_4a69a782-d3dc-4044-a364-73daaaa3f8ee","conversationId":"sess_4a69a782-d3dc-4044-a364-73daaaa3f8ee","turnId":"de834fcb-8b1b-4b45-8492-255f24860c64","rootTurnId":"de834fcb-8b1b-4b45-8492-255f24860c64"}
{"timestamp":"2026-08-11T20:50:59.775Z","level":"info","message":"[q-developer-converse] Request payload: 319782 chars, 28 history messages, conversationId=sess_4a69a782-d3dc-4044-a364-73daaaa3f8ee","conversationId":"sess_4a69a782-d3dc-4044-a364-73daaaa3f8ee","turnId":"de834fcb-8b1b-4b45-8492-255f24860c64","rootTurnId":"de834fcb-8b1b-4b45-8492-255f24860c64"}
{"timestamp":"2026-08-11T20:50:59.788Z","level":"info","message":"fs.appendMessages.ok {\"system\":\"fs\",\"sessionId\":\"sess_4a69a782-d3dc-4044-a364-73daaaa3f8ee\",\"messageCount\":2,\"durationMs\":30}","conversationId":"sess_4a69a782-d3dc-4044-a364-73daaaa3f8ee","turnId":"de834fcb-8b1b-4b45-8492-255f24860c64","rootTurnId":"de834fcb-8b1b-4b45-8492-255f24860c64"}
{"timestamp":"2026-08-11T20:51:26.752Z","level":"info","message":"network.listAvailableModels.ok {\"system\":\"network\",\"durationMs\":211}"}
{"timestamp":"2026-08-11T20:51:26.752Z","level":"info","message":"[ACPModelConfigProvider] Loaded 19 models"}
{"timestamp":"2026-08-11T20:51:32.673Z","level":"warn","message":"[ACPEventAdapter] Action type has no dedicated handler and is being routed as a tool call. If this is a new non-tool action, add it to DispatchedActionType. {\"actionType\":\"create\"}","conversationId":"sess_4a69a782-d3dc-4044-a364-73daaaa3f8ee","turnId":"de834fcb-8b1b-4b45-8492-255f24860c64","rootTurnId":"de834fcb-8b1b-4b45-8492-255f24860c64"}
{"timestamp":"2026-08-11T20:51:32.735Z","level":"info","message":"acp.policy-eval.complete {\"toolId\":\"fs_write\",\"effect\":\"ask\"}","conversationId":"sess_4a69a782-d3dc-4044-a364-73daaaa3f8ee","turnId":"de834fcb-8b1b-4b45-8492-255f24860c64","rootTurnId":"de834fcb-8b1b-4b45-8492-255f24860c64"}
{"timestamp":"2026-08-11T20:51:32.772Z","level":"info","message":"[ACP ToolApproval] Requesting permission for toolId=fs_write, operationId=tooluse_kAaO2YC1UM7LyyGlY7wHUv, sessionId=sess_4a69a782-d3dc-4044-a364-73daaaa3f8ee","conversationId":"sess_4a69a782-d3dc-4044-a364-73daaaa3f8ee","turnId":"de834fcb-8b1b-4b45-8492-255f24860c64","rootTurnId":"de834fcb-8b1b-4b45-8492-255f24860c64"}
{"timestamp":"2026-08-11T20:51:32.773Z","level":"info","message":"fs.appendMessages.ok {\"system\":\"fs\",\"sessionId\":\"sess_4a69a782-d3dc-4044-a364-73daaaa3f8ee\",\"messageCount\":1,\"durationMs\":101}","conversationId":"sess_4a69a782-d3dc-4044-a364-73daaaa3f8ee","turnId":"de834fcb-8b1b-4b45-8492-255f24860c64","rootTurnId":"de834fcb-8b1b-4b45-8492-255f24860c64"}
{"timestamp":"2026-08-11T20:51:32.782Z","level":"info","message":"fs.appendMessages.ok {\"system\":\"fs\",\"sessionId\":\"sess_4a69a782-d3dc-4044-a364-73daaaa3f8ee\",\"messageCount\":1,\"durationMs\":10}","conversationId":"sess_4a69a782-d3dc-4044-a364-73daaaa3f8ee","turnId":"de834fcb-8b1b-4b45-8492-255f24860c64","rootTurnId":"de834fcb-8b1b-4b45-8492-255f24860c64"}
{"timestamp":"2026-08-11T20:51:32.795Z","level":"info","message":"fs.appendMessages.ok {\"system\":\"fs\",\"sessionId\":\"sess_4a69a782-d3dc-4044-a364-73daaaa3f8ee\",\"messageCount\":1,\"durationMs\":1}","conversationId":"sess_4a69a782-d3dc-4044-a364-73daaaa3f8ee","turnId":"de834fcb-8b1b-4b45-8492-255f24860c64","rootTurnId":"de834fcb-8b1b-4b45-8492-255f24860c64"}
{"timestamp":"2026-08-11T20:51:32.795Z","level":"info","message":"[ACP ToolApproval] Got response: {\"outcome\":\"selected\",\"optionId\":\"always-accept\",\"_meta\":{\"kiro\":{\"consent\":{\"capability\":\"fs_write\",\"scope\":\"session\",\"resource\":\"*\"}}}}","conversationId":"sess_4a69a782-d3dc-4044-a364-73daaaa3f8ee","turnId":"de834fcb-8b1b-4b45-8492-255f24860c64","rootTurnId":"de834fcb-8b1b-4b45-8492-255f24860c64"}
{"timestamp":"2026-08-11T20:51:32.824Z","level":"info","message":"[PolicySession] rebuild() complete: 7 rules parsed, engineActive=true, fatal=false","conversationId":"sess_4a69a782-d3dc-4044-a364-73daaaa3f8ee","turnId":"de834fcb-8b1b-4b45-8492-255f24860c64","rootTurnId":"de834fcb-8b1b-4b45-8492-255f24860c64"}
{"timestamp":"2026-08-11T20:51:32.824Z","level":"info","message":"[PolicySession] Persisted allow rule for fs_write matching \"*\" at scope=session","conversationId":"sess_4a69a782-d3dc-4044-a364-73daaaa3f8ee","turnId":"de834fcb-8b1b-4b45-8492-255f24860c64","rootTurnId":"de834fcb-8b1b-4b45-8492-255f24860c64"}
{"timestamp":"2026-08-11T20:51:32.882Z","level":"info","message":"[SessionPersistence] Created snapshot e8c4c1c0 for /mnt/c/Users/nizar/Documents/AI-GENERATED/juillet-2026/personal/tondeuse/html/tondeuses-marketplace-comparatif.html in session sess_4a69a782-d3dc-4044-a364-73daaaa3f8ee (6664 bytes)","conversationId":"sess_4a69a782-d3dc-4044-a364-73daaaa3f8ee","turnId":"de834fcb-8b1b-4b45-8492-255f24860c64","rootTurnId":"de834fcb-8b1b-4b45-8492-255f24860c64"}
{"timestamp":"2026-08-11T20:51:32.891Z","level":"info","message":"model.invoke.start","conversationId":"sess_4a69a782-d3dc-4044-a364-73daaaa3f8ee","turnId":"de834fcb-8b1b-4b45-8492-255f24860c64","rootTurnId":"de834fcb-8b1b-4b45-8492-255f24860c64"}
{"timestamp":"2026-08-11T20:51:32.891Z","level":"info","message":"[Steering] Populating steering for execution de834fcb-8b1b-4b45-8492-255f24860c64","conversationId":"sess_4a69a782-d3dc-4044-a364-73daaaa3f8ee","turnId":"de834fcb-8b1b-4b45-8492-255f24860c64","rootTurnId":"de834fcb-8b1b-4b45-8492-255f24860c64"}
{"timestamp":"2026-08-11T20:51:32.892Z","level":"info","message":"[Steering] ExistingFiles:  in de834fcb-8b1b-4b45-8492-255f24860c64","conversationId":"sess_4a69a782-d3dc-4044-a364-73daaaa3f8ee","turnId":"de834fcb-8b1b-4b45-8492-255f24860c64","rootTurnId":"de834fcb-8b1b-4b45-8492-255f24860c64"}
{"timestamp":"2026-08-11T20:51:32.901Z","level":"info","message":"[q-developer-converse] Sending GenerateAssistantResponse modelId=auto agentMode=custom origin=KIRO_CLI streaming=true conversationId=sess_4a69a782-d3dc-4044-a364-73daaaa3f8ee","conversationId":"sess_4a69a782-d3dc-4044-a364-73daaaa3f8ee","turnId":"de834fcb-8b1b-4b45-8492-255f24860c64","rootTurnId":"de834fcb-8b1b-4b45-8492-255f24860c64"}
{"timestamp":"2026-08-11T20:51:32.902Z","level":"info","message":"[q-developer-converse] Request payload: 327210 chars, 30 history messages, conversationId=sess_4a69a782-d3dc-4044-a364-73daaaa3f8ee","conversationId":"sess_4a69a782-d3dc-4044-a364-73daaaa3f8ee","turnId":"de834fcb-8b1b-4b45-8492-255f24860c64","rootTurnId":"de834fcb-8b1b-4b45-8492-255f24860c64"}
{"timestamp":"2026-08-11T20:51:32.912Z","level":"info","message":"fs.appendMessages.ok {\"system\":\"fs\",\"sessionId\":\"sess_4a69a782-d3dc-4044-a364-73daaaa3f8ee\",\"messageCount\":2,\"durationMs\":29}","conversationId":"sess_4a69a782-d3dc-4044-a364-73daaaa3f8ee","turnId":"de834fcb-8b1b-4b45-8492-255f24860c64","rootTurnId":"de834fcb-8b1b-4b45-8492-255f24860c64"}
{"timestamp":"2026-08-11T20:51:38.314Z","level":"info","message":"[ACPEventAdapter] Execution succeeded {\"executionId\":\"de834fcb-8b1b-4b45-8492-255f24860c64\"}","conversationId":"sess_4a69a782-d3dc-4044-a364-73daaaa3f8ee","turnId":"de834fcb-8b1b-4b45-8492-255f24860c64","rootTurnId":"de834fcb-8b1b-4b45-8492-255f24860c64"}
{"timestamp":"2026-08-11T20:51:38.320Z","level":"info","message":"fs.appendMessages.ok {\"system\":\"fs\",\"sessionId\":\"sess_4a69a782-d3dc-4044-a364-73daaaa3f8ee\",\"messageCount\":1,\"durationMs\":11}","conversationId":"sess_4a69a782-d3dc-4044-a364-73daaaa3f8ee","turnId":"de834fcb-8b1b-4b45-8492-255f24860c64","rootTurnId":"de834fcb-8b1b-4b45-8492-255f24860c64"}
{"timestamp":"2026-08-11T20:51:38.330Z","level":"info","message":"fs.appendMessages.ok {\"system\":\"fs\",\"sessionId\":\"sess_4a69a782-d3dc-4044-a364-73daaaa3f8ee\",\"messageCount\":1,\"durationMs\":10}","conversationId":"sess_4a69a782-d3dc-4044-a364-73daaaa3f8ee","turnId":"de834fcb-8b1b-4b45-8492-255f24860c64","rootTurnId":"de834fcb-8b1b-4b45-8492-255f24860c64"}
{"timestamp":"2026-08-11T20:51:38.332Z","level":"info","message":"fs.appendMessages.ok {\"system\":\"fs\",\"sessionId\":\"sess_4a69a782-d3dc-4044-a364-73daaaa3f8ee\",\"messageCount\":3,\"durationMs\":2}","conversationId":"sess_4a69a782-d3dc-4044-a364-73daaaa3f8ee","turnId":"de834fcb-8b1b-4b45-8492-255f24860c64","rootTurnId":"de834fcb-8b1b-4b45-8492-255f24860c64"}
{"timestamp":"2026-08-11T20:51:38.333Z","level":"info","message":"[agent-controller] Progressing model queue {\"activeExecution\":true,\"queueSize\":0}","conversationId":"sess_4a69a782-d3dc-4044-a364-73daaaa3f8ee","turnId":"de834fcb-8b1b-4b45-8492-255f24860c64","rootTurnId":"de834fcb-8b1b-4b45-8492-255f24860c64"}
{"timestamp":"2026-08-11T20:51:38.333Z","level":"info","message":"[agent-controller] Progressing model queue {\"activeExecution\":false,\"queueSize\":0}","conversationId":"sess_4a69a782-d3dc-4044-a364-73daaaa3f8ee","turnId":"de834fcb-8b1b-4b45-8492-255f24860c64","rootTurnId":"de834fcb-8b1b-4b45-8492-255f24860c64"}
{"timestamp":"2026-08-11T20:51:38.335Z","level":"info","message":"[SessionPersistence] Updated metadata for session sess_4a69a782-d3dc-4044-a364-73daaaa3f8ee","conversationId":"sess_4a69a782-d3dc-4044-a364-73daaaa3f8ee","turnId":"de834fcb-8b1b-4b45-8492-255f24860c64","rootTurnId":"de834fcb-8b1b-4b45-8492-255f24860c64"}
{"timestamp":"2026-08-11T20:53:17.072Z","level":"info","message":"[KiroAgent] ACP session/prompt sessionId=sess_4a69a782-d3dc-4044-a364-73daaaa3f8ee"}
{"timestamp":"2026-08-11T20:53:17.075Z","level":"info","message":"fs.appendMessages.ok {\"system\":\"fs\",\"sessionId\":\"sess_4a69a782-d3dc-4044-a364-73daaaa3f8ee\",\"messageCount\":1,\"durationMs\":2}"}
{"timestamp":"2026-08-11T20:53:17.076Z","level":"info","message":"agent_controller.triggered {\"agentType\":\"custom-agent\",\"autonomyMode\":\"Autopilot\",\"modelId\":\"auto\"}","conversationId":"sess_4a69a782-d3dc-4044-a364-73daaaa3f8ee"}
{"timestamp":"2026-08-11T20:53:17.076Z","level":"info","message":"[agent-controller] Progressing model queue {\"activeExecution\":false,\"queueSize\":1}","conversationId":"sess_4a69a782-d3dc-4044-a364-73daaaa3f8ee"}
{"timestamp":"2026-08-11T20:53:17.076Z","level":"info","message":"[ACPEventAdapter] Execution began {\"executionId\":\"64ed812c-5d38-455e-9b38-a9b73756d050\"}","conversationId":"sess_4a69a782-d3dc-4044-a364-73daaaa3f8ee","turnId":"64ed812c-5d38-455e-9b38-a9b73756d050","rootTurnId":"64ed812c-5d38-455e-9b38-a9b73756d050"}
{"timestamp":"2026-08-11T20:53:17.085Z","level":"info","message":"fs.appendMessages.ok {\"system\":\"fs\",\"sessionId\":\"sess_4a69a782-d3dc-4044-a364-73daaaa3f8ee\",\"messageCount\":1,\"durationMs\":9}","conversationId":"sess_4a69a782-d3dc-4044-a364-73daaaa3f8ee","turnId":"64ed812c-5d38-455e-9b38-a9b73756d050","rootTurnId":"64ed812c-5d38-455e-9b38-a9b73756d050"}
{"timestamp":"2026-08-11T20:53:17.090Z","level":"info","message":"model.invoke.start","conversationId":"sess_4a69a782-d3dc-4044-a364-73daaaa3f8ee","turnId":"64ed812c-5d38-455e-9b38-a9b73756d050","rootTurnId":"64ed812c-5d38-455e-9b38-a9b73756d050"}
{"timestamp":"2026-08-11T20:53:17.090Z","level":"info","message":"[Steering] Populating steering for execution 64ed812c-5d38-455e-9b38-a9b73756d050","conversationId":"sess_4a69a782-d3dc-4044-a364-73daaaa3f8ee","turnId":"64ed812c-5d38-455e-9b38-a9b73756d050","rootTurnId":"64ed812c-5d38-455e-9b38-a9b73756d050"}
{"timestamp":"2026-08-11T20:53:17.090Z","level":"info","message":"[Steering] ExistingFiles:  in 64ed812c-5d38-455e-9b38-a9b73756d050","conversationId":"sess_4a69a782-d3dc-4044-a364-73daaaa3f8ee","turnId":"64ed812c-5d38-455e-9b38-a9b73756d050","rootTurnId":"64ed812c-5d38-455e-9b38-a9b73756d050"}
{"timestamp":"2026-08-11T20:53:17.105Z","level":"info","message":"[q-developer-converse] Sending GenerateAssistantResponse modelId=auto agentMode=custom origin=KIRO_CLI streaming=true conversationId=sess_4a69a782-d3dc-4044-a364-73daaaa3f8ee","conversationId":"sess_4a69a782-d3dc-4044-a364-73daaaa3f8ee","turnId":"64ed812c-5d38-455e-9b38-a9b73756d050","rootTurnId":"64ed812c-5d38-455e-9b38-a9b73756d050"}
{"timestamp":"2026-08-11T20:53:17.106Z","level":"info","message":"[q-developer-converse] Request payload: 328122 chars, 32 history messages, conversationId=sess_4a69a782-d3dc-4044-a364-73daaaa3f8ee","conversationId":"sess_4a69a782-d3dc-4044-a364-73daaaa3f8ee","turnId":"64ed812c-5d38-455e-9b38-a9b73756d050","rootTurnId":"64ed812c-5d38-455e-9b38-a9b73756d050"}
{"timestamp":"2026-08-11T20:53:17.126Z","level":"info","message":"[SessionPersistence] Updated metadata for session sess_4a69a782-d3dc-4044-a364-73daaaa3f8ee","conversationId":"sess_4a69a782-d3dc-4044-a364-73daaaa3f8ee","turnId":"64ed812c-5d38-455e-9b38-a9b73756d050","rootTurnId":"64ed812c-5d38-455e-9b38-a9b73756d050"}
{"timestamp":"2026-08-11T20:53:20.267Z","level":"info","message":"[ACPEventAdapter] Execution yielded {\"executionId\":\"64ed812c-5d38-455e-9b38-a9b73756d050\"}","conversationId":"sess_4a69a782-d3dc-4044-a364-73daaaa3f8ee","turnId":"64ed812c-5d38-455e-9b38-a9b73756d050","rootTurnId":"64ed812c-5d38-455e-9b38-a9b73756d050"}
{"timestamp":"2026-08-11T20:53:20.268Z","level":"info","message":"acp.policy-eval.complete {\"toolId\":\"run_command\",\"effect\":\"allow\",\"capability\":\"shell\"}","conversationId":"sess_4a69a782-d3dc-4044-a364-73daaaa3f8ee","turnId":"64ed812c-5d38-455e-9b38-a9b73756d050","rootTurnId":"64ed812c-5d38-455e-9b38-a9b73756d050"}
{"timestamp":"2026-08-11T20:53:20.268Z","level":"info","message":"[ACPEventAdapter] Execution resumed {\"executionId\":\"64ed812c-5d38-455e-9b38-a9b73756d050\"}","conversationId":"sess_4a69a782-d3dc-4044-a364-73daaaa3f8ee","turnId":"64ed812c-5d38-455e-9b38-a9b73756d050","rootTurnId":"64ed812c-5d38-455e-9b38-a9b73756d050"}
{"timestamp":"2026-08-11T20:53:20.282Z","level":"info","message":"model.invoke.start","conversationId":"sess_4a69a782-d3dc-4044-a364-73daaaa3f8ee","turnId":"64ed812c-5d38-455e-9b38-a9b73756d050","rootTurnId":"64ed812c-5d38-455e-9b38-a9b73756d050"}
{"timestamp":"2026-08-11T20:53:20.282Z","level":"info","message":"[Steering] Populating steering for execution 64ed812c-5d38-455e-9b38-a9b73756d050","conversationId":"sess_4a69a782-d3dc-4044-a364-73daaaa3f8ee","turnId":"64ed812c-5d38-455e-9b38-a9b73756d050","rootTurnId":"64ed812c-5d38-455e-9b38-a9b73756d050"}
{"timestamp":"2026-08-11T20:53:20.282Z","level":"info","message":"[Steering] ExistingFiles:  in 64ed812c-5d38-455e-9b38-a9b73756d050","conversationId":"sess_4a69a782-d3dc-4044-a364-73daaaa3f8ee","turnId":"64ed812c-5d38-455e-9b38-a9b73756d050","rootTurnId":"64ed812c-5d38-455e-9b38-a9b73756d050"}
{"timestamp":"2026-08-11T20:53:20.295Z","level":"info","message":"[q-developer-converse] Sending GenerateAssistantResponse modelId=auto agentMode=custom origin=KIRO_CLI streaming=true conversationId=sess_4a69a782-d3dc-4044-a364-73daaaa3f8ee","conversationId":"sess_4a69a782-d3dc-4044-a364-73daaaa3f8ee","turnId":"64ed812c-5d38-455e-9b38-a9b73756d050","rootTurnId":"64ed812c-5d38-455e-9b38-a9b73756d050"}
{"timestamp":"2026-08-11T20:53:20.297Z","level":"info","message":"[q-developer-converse] Request payload: 328503 chars, 34 history messages, conversationId=sess_4a69a782-d3dc-4044-a364-73daaaa3f8ee","conversationId":"sess_4a69a782-d3dc-4044-a364-73daaaa3f8ee","turnId":"64ed812c-5d38-455e-9b38-a9b73756d050","rootTurnId":"64ed812c-5d38-455e-9b38-a9b73756d050"}
{"timestamp":"2026-08-11T20:53:20.316Z","level":"info","message":"fs.appendMessages.ok {\"system\":\"fs\",\"sessionId\":\"sess_4a69a782-d3dc-4044-a364-73daaaa3f8ee\",\"messageCount\":1,\"durationMs\":42}","conversationId":"sess_4a69a782-d3dc-4044-a364-73daaaa3f8ee","turnId":"64ed812c-5d38-455e-9b38-a9b73756d050","rootTurnId":"64ed812c-5d38-455e-9b38-a9b73756d050"}
{"timestamp":"2026-08-11T20:53:20.325Z","level":"info","message":"fs.appendMessages.ok {\"system\":\"fs\",\"sessionId\":\"sess_4a69a782-d3dc-4044-a364-73daaaa3f8ee\",\"messageCount\":2,\"durationMs\":9}","conversationId":"sess_4a69a782-d3dc-4044-a364-73daaaa3f8ee","turnId":"64ed812c-5d38-455e-9b38-a9b73756d050","rootTurnId":"64ed812c-5d38-455e-9b38-a9b73756d050"}
{"timestamp":"2026-08-11T20:53:23.834Z","level":"info","message":"fs.appendMessages.ok {\"system\":\"fs\",\"sessionId\":\"sess_4a69a782-d3dc-4044-a364-73daaaa3f8ee\",\"messageCount\":1,\"durationMs\":3}","conversationId":"sess_4a69a782-d3dc-4044-a364-73daaaa3f8ee","turnId":"64ed812c-5d38-455e-9b38-a9b73756d050","rootTurnId":"64ed812c-5d38-455e-9b38-a9b73756d050"}
{"timestamp":"2026-08-11T20:53:24.353Z","level":"info","message":"[ACPEventAdapter] Execution yielded {\"executionId\":\"64ed812c-5d38-455e-9b38-a9b73756d050\"}","conversationId":"sess_4a69a782-d3dc-4044-a364-73daaaa3f8ee","turnId":"64ed812c-5d38-455e-9b38-a9b73756d050","rootTurnId":"64ed812c-5d38-455e-9b38-a9b73756d050"}
{"timestamp":"2026-08-11T20:53:24.354Z","level":"info","message":"acp.policy-eval.complete {\"toolId\":\"run_command\",\"effect\":\"allow\",\"capability\":\"shell\"}","conversationId":"sess_4a69a782-d3dc-4044-a364-73daaaa3f8ee","turnId":"64ed812c-5d38-455e-9b38-a9b73756d050","rootTurnId":"64ed812c-5d38-455e-9b38-a9b73756d050"}
{"timestamp":"2026-08-11T20:53:24.354Z","level":"info","message":"[ACPEventAdapter] Execution resumed {\"executionId\":\"64ed812c-5d38-455e-9b38-a9b73756d050\"}","conversationId":"sess_4a69a782-d3dc-4044-a364-73daaaa3f8ee","turnId":"64ed812c-5d38-455e-9b38-a9b73756d050","rootTurnId":"64ed812c-5d38-455e-9b38-a9b73756d050"}
{"timestamp":"2026-08-11T20:53:24.368Z","level":"info","message":"fs.appendMessages.ok {\"system\":\"fs\",\"sessionId\":\"sess_4a69a782-d3dc-4044-a364-73daaaa3f8ee\",\"messageCount\":2,\"durationMs\":2}","conversationId":"sess_4a69a782-d3dc-4044-a364-73daaaa3f8ee","turnId":"64ed812c-5d38-455e-9b38-a9b73756d050","rootTurnId":"64ed812c-5d38-455e-9b38-a9b73756d050"}
{"timestamp":"2026-08-11T20:53:25.188Z","level":"info","message":"[ACPEventAdapter] Execution yielded {\"executionId\":\"64ed812c-5d38-455e-9b38-a9b73756d050\"}","conversationId":"sess_4a69a782-d3dc-4044-a364-73daaaa3f8ee","turnId":"64ed812c-5d38-455e-9b38-a9b73756d050","rootTurnId":"64ed812c-5d38-455e-9b38-a9b73756d050"}
{"timestamp":"2026-08-11T20:53:25.189Z","level":"info","message":"acp.policy-eval.complete {\"toolId\":\"run_command\",\"effect\":\"allow\",\"capability\":\"shell\"}","conversationId":"sess_4a69a782-d3dc-4044-a364-73daaaa3f8ee","turnId":"64ed812c-5d38-455e-9b38-a9b73756d050","rootTurnId":"64ed812c-5d38-455e-9b38-a9b73756d050"}
{"timestamp":"2026-08-11T20:53:25.189Z","level":"info","message":"[ACPEventAdapter] Execution resumed {\"executionId\":\"64ed812c-5d38-455e-9b38-a9b73756d050\"}","conversationId":"sess_4a69a782-d3dc-4044-a364-73daaaa3f8ee","turnId":"64ed812c-5d38-455e-9b38-a9b73756d050","rootTurnId":"64ed812c-5d38-455e-9b38-a9b73756d050"}
{"timestamp":"2026-08-11T20:53:25.208Z","level":"info","message":"fs.appendMessages.ok {\"system\":\"fs\",\"sessionId\":\"sess_4a69a782-d3dc-4044-a364-73daaaa3f8ee\",\"messageCount\":1,\"durationMs\":13}","conversationId":"sess_4a69a782-d3dc-4044-a364-73daaaa3f8ee","turnId":"64ed812c-5d38-455e-9b38-a9b73756d050","rootTurnId":"64ed812c-5d38-455e-9b38-a9b73756d050"}
{"timestamp":"2026-08-11T20:53:25.226Z","level":"info","message":"model.invoke.start","conversationId":"sess_4a69a782-d3dc-4044-a364-73daaaa3f8ee","turnId":"64ed812c-5d38-455e-9b38-a9b73756d050","rootTurnId":"64ed812c-5d38-455e-9b38-a9b73756d050"}
{"timestamp":"2026-08-11T20:53:25.226Z","level":"info","message":"[Steering] Populating steering for execution 64ed812c-5d38-455e-9b38-a9b73756d050","conversationId":"sess_4a69a782-d3dc-4044-a364-73daaaa3f8ee","turnId":"64ed812c-5d38-455e-9b38-a9b73756d050","rootTurnId":"64ed812c-5d38-455e-9b38-a9b73756d050"}
{"timestamp":"2026-08-11T20:53:25.226Z","level":"info","message":"[Steering] ExistingFiles:  in 64ed812c-5d38-455e-9b38-a9b73756d050","conversationId":"sess_4a69a782-d3dc-4044-a364-73daaaa3f8ee","turnId":"64ed812c-5d38-455e-9b38-a9b73756d050","rootTurnId":"64ed812c-5d38-455e-9b38-a9b73756d050"}
{"timestamp":"2026-08-11T20:53:25.235Z","level":"info","message":"[q-developer-converse] Sending GenerateAssistantResponse modelId=auto agentMode=custom origin=KIRO_CLI streaming=true conversationId=sess_4a69a782-d3dc-4044-a364-73daaaa3f8ee","conversationId":"sess_4a69a782-d3dc-4044-a364-73daaaa3f8ee","turnId":"64ed812c-5d38-455e-9b38-a9b73756d050","rootTurnId":"64ed812c-5d38-455e-9b38-a9b73756d050"}
{"timestamp":"2026-08-11T20:53:25.237Z","level":"info","message":"[q-developer-converse] Request payload: 329535 chars, 36 history messages, conversationId=sess_4a69a782-d3dc-4044-a364-73daaaa3f8ee","conversationId":"sess_4a69a782-d3dc-4044-a364-73daaaa3f8ee","turnId":"64ed812c-5d38-455e-9b38-a9b73756d050","rootTurnId":"64ed812c-5d38-455e-9b38-a9b73756d050"}
{"timestamp":"2026-08-11T20:53:25.248Z","level":"info","message":"fs.appendMessages.ok {\"system\":\"fs\",\"sessionId\":\"sess_4a69a782-d3dc-4044-a364-73daaaa3f8ee\",\"messageCount\":2,\"durationMs\":27}","conversationId":"sess_4a69a782-d3dc-4044-a364-73daaaa3f8ee","turnId":"64ed812c-5d38-455e-9b38-a9b73756d050","rootTurnId":"64ed812c-5d38-455e-9b38-a9b73756d050"}
{"timestamp":"2026-08-11T20:53:28.170Z","level":"info","message":"fs.appendMessages.ok {\"system\":\"fs\",\"sessionId\":\"sess_4a69a782-d3dc-4044-a364-73daaaa3f8ee\",\"messageCount\":1,\"durationMs\":3}","conversationId":"sess_4a69a782-d3dc-4044-a364-73daaaa3f8ee","turnId":"64ed812c-5d38-455e-9b38-a9b73756d050","rootTurnId":"64ed812c-5d38-455e-9b38-a9b73756d050"}
{"timestamp":"2026-08-11T20:53:28.622Z","level":"info","message":"[ACPEventAdapter] Execution yielded {\"executionId\":\"64ed812c-5d38-455e-9b38-a9b73756d050\"}","conversationId":"sess_4a69a782-d3dc-4044-a364-73daaaa3f8ee","turnId":"64ed812c-5d38-455e-9b38-a9b73756d050","rootTurnId":"64ed812c-5d38-455e-9b38-a9b73756d050"}
{"timestamp":"2026-08-11T20:53:28.623Z","level":"info","message":"acp.policy-eval.complete {\"toolId\":\"run_command\",\"effect\":\"allow\",\"capability\":\"shell\"}","conversationId":"sess_4a69a782-d3dc-4044-a364-73daaaa3f8ee","turnId":"64ed812c-5d38-455e-9b38-a9b73756d050","rootTurnId":"64ed812c-5d38-455e-9b38-a9b73756d050"}
{"timestamp":"2026-08-11T20:53:28.623Z","level":"info","message":"[ACPEventAdapter] Execution resumed {\"executionId\":\"64ed812c-5d38-455e-9b38-a9b73756d050\"}","conversationId":"sess_4a69a782-d3dc-4044-a364-73daaaa3f8ee","turnId":"64ed812c-5d38-455e-9b38-a9b73756d050","rootTurnId":"64ed812c-5d38-455e-9b38-a9b73756d050"}
{"timestamp":"2026-08-11T20:53:28.642Z","level":"info","message":"fs.appendMessages.ok {\"system\":\"fs\",\"sessionId\":\"sess_4a69a782-d3dc-4044-a364-73daaaa3f8ee\",\"messageCount\":1,\"durationMs\":13}","conversationId":"sess_4a69a782-d3dc-4044-a364-73daaaa3f8ee","turnId":"64ed812c-5d38-455e-9b38-a9b73756d050","rootTurnId":"64ed812c-5d38-455e-9b38-a9b73756d050"}
{"timestamp":"2026-08-11T20:53:28.651Z","level":"info","message":"model.invoke.start","conversationId":"sess_4a69a782-d3dc-4044-a364-73daaaa3f8ee","turnId":"64ed812c-5d38-455e-9b38-a9b73756d050","rootTurnId":"64ed812c-5d38-455e-9b38-a9b73756d050"}
{"timestamp":"2026-08-11T20:53:28.652Z","level":"info","message":"[Steering] Populating steering for execution 64ed812c-5d38-455e-9b38-a9b73756d050","conversationId":"sess_4a69a782-d3dc-4044-a364-73daaaa3f8ee","turnId":"64ed812c-5d38-455e-9b38-a9b73756d050","rootTurnId":"64ed812c-5d38-455e-9b38-a9b73756d050"}
{"timestamp":"2026-08-11T20:53:28.652Z","level":"info","message":"[Steering] ExistingFiles:  in 64ed812c-5d38-455e-9b38-a9b73756d050","conversationId":"sess_4a69a782-d3dc-4044-a364-73daaaa3f8ee","turnId":"64ed812c-5d38-455e-9b38-a9b73756d050","rootTurnId":"64ed812c-5d38-455e-9b38-a9b73756d050"}
{"timestamp":"2026-08-11T20:53:28.658Z","level":"info","message":"[q-developer-converse] Sending GenerateAssistantResponse modelId=auto agentMode=custom origin=KIRO_CLI streaming=true conversationId=sess_4a69a782-d3dc-4044-a364-73daaaa3f8ee","conversationId":"sess_4a69a782-d3dc-4044-a364-73daaaa3f8ee","turnId":"64ed812c-5d38-455e-9b38-a9b73756d050","rootTurnId":"64ed812c-5d38-455e-9b38-a9b73756d050"}
{"timestamp":"2026-08-11T20:53:28.660Z","level":"info","message":"[q-developer-converse] Request payload: 330285 chars, 38 history messages, conversationId=sess_4a69a782-d3dc-4044-a364-73daaaa3f8ee","conversationId":"sess_4a69a782-d3dc-4044-a364-73daaaa3f8ee","turnId":"64ed812c-5d38-455e-9b38-a9b73756d050","rootTurnId":"64ed812c-5d38-455e-9b38-a9b73756d050"}
{"timestamp":"2026-08-11T20:53:28.676Z","level":"info","message":"fs.appendMessages.ok {\"system\":\"fs\",\"sessionId\":\"sess_4a69a782-d3dc-4044-a364-73daaaa3f8ee\",\"messageCount\":2,\"durationMs\":29}","conversationId":"sess_4a69a782-d3dc-4044-a364-73daaaa3f8ee","turnId":"64ed812c-5d38-455e-9b38-a9b73756d050","rootTurnId":"64ed812c-5d38-455e-9b38-a9b73756d050"}
{"timestamp":"2026-08-11T20:53:31.448Z","level":"info","message":"[ACPEventAdapter] Execution yielded {\"executionId\":\"64ed812c-5d38-455e-9b38-a9b73756d050\"}","conversationId":"sess_4a69a782-d3dc-4044-a364-73daaaa3f8ee","turnId":"64ed812c-5d38-455e-9b38-a9b73756d050","rootTurnId":"64ed812c-5d38-455e-9b38-a9b73756d050"}
{"timestamp":"2026-08-11T20:53:31.449Z","level":"info","message":"acp.policy-eval.complete {\"toolId\":\"run_command\",\"effect\":\"allow\",\"capability\":\"shell\"}","conversationId":"sess_4a69a782-d3dc-4044-a364-73daaaa3f8ee","turnId":"64ed812c-5d38-455e-9b38-a9b73756d050","rootTurnId":"64ed812c-5d38-455e-9b38-a9b73756d050"}
{"timestamp":"2026-08-11T20:53:31.449Z","level":"info","message":"[ACPEventAdapter] Execution resumed {\"executionId\":\"64ed812c-5d38-455e-9b38-a9b73756d050\"}","conversationId":"sess_4a69a782-d3dc-4044-a364-73daaaa3f8ee","turnId":"64ed812c-5d38-455e-9b38-a9b73756d050","rootTurnId":"64ed812c-5d38-455e-9b38-a9b73756d050"}
{"timestamp":"2026-08-11T20:53:31.465Z","level":"info","message":"fs.appendMessages.ok {\"system\":\"fs\",\"sessionId\":\"sess_4a69a782-d3dc-4044-a364-73daaaa3f8ee\",\"messageCount\":1,\"durationMs\":9}","conversationId":"sess_4a69a782-d3dc-4044-a364-73daaaa3f8ee","turnId":"64ed812c-5d38-455e-9b38-a9b73756d050","rootTurnId":"64ed812c-5d38-455e-9b38-a9b73756d050"}
{"timestamp":"2026-08-11T20:53:31.479Z","level":"info","message":"model.invoke.start","conversationId":"sess_4a69a782-d3dc-4044-a364-73daaaa3f8ee","turnId":"64ed812c-5d38-455e-9b38-a9b73756d050","rootTurnId":"64ed812c-5d38-455e-9b38-a9b73756d050"}
{"timestamp":"2026-08-11T20:53:31.479Z","level":"info","message":"[Steering] Populating steering for execution 64ed812c-5d38-455e-9b38-a9b73756d050","conversationId":"sess_4a69a782-d3dc-4044-a364-73daaaa3f8ee","turnId":"64ed812c-5d38-455e-9b38-a9b73756d050","rootTurnId":"64ed812c-5d38-455e-9b38-a9b73756d050"}
{"timestamp":"2026-08-11T20:53:31.479Z","level":"info","message":"[Steering] ExistingFiles:  in 64ed812c-5d38-455e-9b38-a9b73756d050","conversationId":"sess_4a69a782-d3dc-4044-a364-73daaaa3f8ee","turnId":"64ed812c-5d38-455e-9b38-a9b73756d050","rootTurnId":"64ed812c-5d38-455e-9b38-a9b73756d050"}
{"timestamp":"2026-08-11T20:53:31.487Z","level":"info","message":"[q-developer-converse] Sending GenerateAssistantResponse modelId=auto agentMode=custom origin=KIRO_CLI streaming=true conversationId=sess_4a69a782-d3dc-4044-a364-73daaaa3f8ee","conversationId":"sess_4a69a782-d3dc-4044-a364-73daaaa3f8ee","turnId":"64ed812c-5d38-455e-9b38-a9b73756d050","rootTurnId":"64ed812c-5d38-455e-9b38-a9b73756d050"}
{"timestamp":"2026-08-11T20:53:31.489Z","level":"info","message":"[q-developer-converse] Request payload: 330749 chars, 40 history messages, conversationId=sess_4a69a782-d3dc-4044-a364-73daaaa3f8ee","conversationId":"sess_4a69a782-d3dc-4044-a364-73daaaa3f8ee","turnId":"64ed812c-5d38-455e-9b38-a9b73756d050","rootTurnId":"64ed812c-5d38-455e-9b38-a9b73756d050"}
{"timestamp":"2026-08-11T20:53:31.500Z","level":"info","message":"fs.appendMessages.ok {\"system\":\"fs\",\"sessionId\":\"sess_4a69a782-d3dc-4044-a364-73daaaa3f8ee\",\"messageCount\":2,\"durationMs\":26}","conversationId":"sess_4a69a782-d3dc-4044-a364-73daaaa3f8ee","turnId":"64ed812c-5d38-455e-9b38-a9b73756d050","rootTurnId":"64ed812c-5d38-455e-9b38-a9b73756d050"}
{"timestamp":"2026-08-11T20:53:35.477Z","level":"info","message":"[ACPEventAdapter] Execution succeeded {\"executionId\":\"64ed812c-5d38-455e-9b38-a9b73756d050\"}","conversationId":"sess_4a69a782-d3dc-4044-a364-73daaaa3f8ee","turnId":"64ed812c-5d38-455e-9b38-a9b73756d050","rootTurnId":"64ed812c-5d38-455e-9b38-a9b73756d050"}
{"timestamp":"2026-08-11T20:53:35.486Z","level":"info","message":"fs.appendMessages.ok {\"system\":\"fs\",\"sessionId\":\"sess_4a69a782-d3dc-4044-a364-73daaaa3f8ee\",\"messageCount\":1,\"durationMs\":16}","conversationId":"sess_4a69a782-d3dc-4044-a364-73daaaa3f8ee","turnId":"64ed812c-5d38-455e-9b38-a9b73756d050","rootTurnId":"64ed812c-5d38-455e-9b38-a9b73756d050"}
{"timestamp":"2026-08-11T20:53:35.496Z","level":"info","message":"fs.appendMessages.ok {\"system\":\"fs\",\"sessionId\":\"sess_4a69a782-d3dc-4044-a364-73daaaa3f8ee\",\"messageCount\":1,\"durationMs\":10}","conversationId":"sess_4a69a782-d3dc-4044-a364-73daaaa3f8ee","turnId":"64ed812c-5d38-455e-9b38-a9b73756d050","rootTurnId":"64ed812c-5d38-455e-9b38-a9b73756d050"}
{"timestamp":"2026-08-11T20:53:35.499Z","level":"info","message":"fs.appendMessages.ok {\"system\":\"fs\",\"sessionId\":\"sess_4a69a782-d3dc-4044-a364-73daaaa3f8ee\",\"messageCount\":3,\"durationMs\":2}","conversationId":"sess_4a69a782-d3dc-4044-a364-73daaaa3f8ee","turnId":"64ed812c-5d38-455e-9b38-a9b73756d050","rootTurnId":"64ed812c-5d38-455e-9b38-a9b73756d050"}
{"timestamp":"2026-08-11T20:53:35.499Z","level":"info","message":"[agent-controller] Progressing model queue {\"activeExecution\":true,\"queueSize\":0}","conversationId":"sess_4a69a782-d3dc-4044-a364-73daaaa3f8ee","turnId":"64ed812c-5d38-455e-9b38-a9b73756d050","rootTurnId":"64ed812c-5d38-455e-9b38-a9b73756d050"}
{"timestamp":"2026-08-11T20:53:35.499Z","level":"info","message":"[agent-controller] Progressing model queue {\"activeExecution\":false,\"queueSize\":0}","conversationId":"sess_4a69a782-d3dc-4044-a364-73daaaa3f8ee","turnId":"64ed812c-5d38-455e-9b38-a9b73756d050","rootTurnId":"64ed812c-5d38-455e-9b38-a9b73756d050"}
{"timestamp":"2026-08-11T20:53:35.501Z","level":"info","message":"[SessionPersistence] Updated metadata for session sess_4a69a782-d3dc-4044-a364-73daaaa3f8ee","conversationId":"sess_4a69a782-d3dc-4044-a364-73daaaa3f8ee","turnId":"64ed812c-5d38-455e-9b38-a9b73756d050","rootTurnId":"64ed812c-5d38-455e-9b38-a9b73756d050"}
{"timestamp":"2026-08-11T20:56:54.620Z","level":"info","message":"network.listAvailableModels.ok {\"system\":\"network\",\"durationMs\":1139}"}
{"timestamp":"2026-08-11T20:56:54.621Z","level":"info","message":"[ACPModelConfigProvider] Loaded 19 models"}
{"timestamp":"2026-08-11T20:58:31.856Z","level":"info","message":"[ProfileLoader] profile.loaded {\"agentId\":\"light\"}"}
{"timestamp":"2026-08-11T20:58:31.857Z","level":"info","message":"[ProfileLoader] profile.loaded {\"agentId\":\"sandbox\"}"}
{"timestamp":"2026-08-11T20:58:31.857Z","level":"info","message":"fs.loadAgentProfiles.ok {\"system\":\"fs\",\"scope\":\"user\",\"durationMs\":10}"}
{"timestamp":"2026-08-11T20:58:31.858Z","level":"info","message":"fs.loadAgentProfiles.ok {\"system\":\"fs\",\"scope\":\"workspace\",\"durationMs\":0}"}
{"timestamp":"2026-08-11T20:58:31.858Z","level":"info","message":"[KiroAgent] Registered user profile: light"}
{"timestamp":"2026-08-11T20:58:31.858Z","level":"info","message":"[KiroAgent] Registered user profile: sandbox"}
{"timestamp":"2026-08-11T21:00:28.148Z","level":"info","message":"[KiroAgent] ACP session/prompt sessionId=sess_4a69a782-d3dc-4044-a364-73daaaa3f8ee"}
{"timestamp":"2026-08-11T21:00:28.161Z","level":"info","message":"fs.appendMessages.ok {\"system\":\"fs\",\"sessionId\":\"sess_4a69a782-d3dc-4044-a364-73daaaa3f8ee\",\"messageCount\":1,\"durationMs\":13}"}
{"timestamp":"2026-08-11T21:00:28.162Z","level":"info","message":"agent_controller.triggered {\"agentType\":\"custom-agent\",\"autonomyMode\":\"Autopilot\",\"modelId\":\"auto\"}","conversationId":"sess_4a69a782-d3dc-4044-a364-73daaaa3f8ee"}
{"timestamp":"2026-08-11T21:00:28.163Z","level":"info","message":"[agent-controller] Progressing model queue {\"activeExecution\":false,\"queueSize\":1}","conversationId":"sess_4a69a782-d3dc-4044-a364-73daaaa3f8ee"}
{"timestamp":"2026-08-11T21:00:28.163Z","level":"info","message":"[ACPEventAdapter] Execution began {\"executionId\":\"46c50202-7775-4e89-bb3d-ec6b6c0879fd\"}","conversationId":"sess_4a69a782-d3dc-4044-a364-73daaaa3f8ee","turnId":"46c50202-7775-4e89-bb3d-ec6b6c0879fd","rootTurnId":"46c50202-7775-4e89-bb3d-ec6b6c0879fd"}
{"timestamp":"2026-08-11T21:00:28.165Z","level":"info","message":"fs.appendMessages.ok {\"system\":\"fs\",\"sessionId\":\"sess_4a69a782-d3dc-4044-a364-73daaaa3f8ee\",\"messageCount\":1,\"durationMs\":2}","conversationId":"sess_4a69a782-d3dc-4044-a364-73daaaa3f8ee","turnId":"46c50202-7775-4e89-bb3d-ec6b6c0879fd","rootTurnId":"46c50202-7775-4e89-bb3d-ec6b6c0879fd"}
{"timestamp":"2026-08-11T21:00:28.172Z","level":"info","message":"model.invoke.start","conversationId":"sess_4a69a782-d3dc-4044-a364-73daaaa3f8ee","turnId":"46c50202-7775-4e89-bb3d-ec6b6c0879fd","rootTurnId":"46c50202-7775-4e89-bb3d-ec6b6c0879fd"}
{"timestamp":"2026-08-11T21:00:28.172Z","level":"info","message":"[Steering] Populating steering for execution 46c50202-7775-4e89-bb3d-ec6b6c0879fd","conversationId":"sess_4a69a782-d3dc-4044-a364-73daaaa3f8ee","turnId":"46c50202-7775-4e89-bb3d-ec6b6c0879fd","rootTurnId":"46c50202-7775-4e89-bb3d-ec6b6c0879fd"}
{"timestamp":"2026-08-11T21:00:28.172Z","level":"info","message":"[Steering] ExistingFiles:  in 46c50202-7775-4e89-bb3d-ec6b6c0879fd","conversationId":"sess_4a69a782-d3dc-4044-a364-73daaaa3f8ee","turnId":"46c50202-7775-4e89-bb3d-ec6b6c0879fd","rootTurnId":"46c50202-7775-4e89-bb3d-ec6b6c0879fd"}
{"timestamp":"2026-08-11T21:00:28.180Z","level":"info","message":"[q-developer-converse] Sending GenerateAssistantResponse modelId=auto agentMode=custom origin=KIRO_CLI streaming=true conversationId=sess_4a69a782-d3dc-4044-a364-73daaaa3f8ee","conversationId":"sess_4a69a782-d3dc-4044-a364-73daaaa3f8ee","turnId":"46c50202-7775-4e89-bb3d-ec6b6c0879fd","rootTurnId":"46c50202-7775-4e89-bb3d-ec6b6c0879fd"}
{"timestamp":"2026-08-11T21:00:28.182Z","level":"info","message":"[q-developer-converse] Request payload: 320017 chars, 42 history messages, conversationId=sess_4a69a782-d3dc-4044-a364-73daaaa3f8ee","conversationId":"sess_4a69a782-d3dc-4044-a364-73daaaa3f8ee","turnId":"46c50202-7775-4e89-bb3d-ec6b6c0879fd","rootTurnId":"46c50202-7775-4e89-bb3d-ec6b6c0879fd"}
{"timestamp":"2026-08-11T21:00:28.193Z","level":"info","message":"[SessionPersistence] Updated metadata for session sess_4a69a782-d3dc-4044-a364-73daaaa3f8ee","conversationId":"sess_4a69a782-d3dc-4044-a364-73daaaa3f8ee","turnId":"46c50202-7775-4e89-bb3d-ec6b6c0879fd","rootTurnId":"46c50202-7775-4e89-bb3d-ec6b6c0879fd"}
{"timestamp":"2026-08-11T21:00:32.440Z","level":"info","message":"[ACPEventAdapter] Execution yielded {\"executionId\":\"46c50202-7775-4e89-bb3d-ec6b6c0879fd\"}","conversationId":"sess_4a69a782-d3dc-4044-a364-73daaaa3f8ee","turnId":"46c50202-7775-4e89-bb3d-ec6b6c0879fd","rootTurnId":"46c50202-7775-4e89-bb3d-ec6b6c0879fd"}
{"timestamp":"2026-08-11T21:00:32.442Z","level":"info","message":"acp.policy-eval.complete {\"toolId\":\"run_command\",\"effect\":\"allow\",\"capability\":\"shell\"}","conversationId":"sess_4a69a782-d3dc-4044-a364-73daaaa3f8ee","turnId":"46c50202-7775-4e89-bb3d-ec6b6c0879fd","rootTurnId":"46c50202-7775-4e89-bb3d-ec6b6c0879fd"}
{"timestamp":"2026-08-11T21:00:32.442Z","level":"info","message":"[ACPEventAdapter] Execution resumed {\"executionId\":\"46c50202-7775-4e89-bb3d-ec6b6c0879fd\"}","conversationId":"sess_4a69a782-d3dc-4044-a364-73daaaa3f8ee","turnId":"46c50202-7775-4e89-bb3d-ec6b6c0879fd","rootTurnId":"46c50202-7775-4e89-bb3d-ec6b6c0879fd"}
{"timestamp":"2026-08-11T21:00:32.460Z","level":"info","message":"fs.appendMessages.ok {\"system\":\"fs\",\"sessionId\":\"sess_4a69a782-d3dc-4044-a364-73daaaa3f8ee\",\"messageCount\":1,\"durationMs\":11}","conversationId":"sess_4a69a782-d3dc-4044-a364-73daaaa3f8ee","turnId":"46c50202-7775-4e89-bb3d-ec6b6c0879fd","rootTurnId":"46c50202-7775-4e89-bb3d-ec6b6c0879fd"}
{"timestamp":"2026-08-11T21:00:32.469Z","level":"info","message":"model.invoke.start","conversationId":"sess_4a69a782-d3dc-4044-a364-73daaaa3f8ee","turnId":"46c50202-7775-4e89-bb3d-ec6b6c0879fd","rootTurnId":"46c50202-7775-4e89-bb3d-ec6b6c0879fd"}
{"timestamp":"2026-08-11T21:00:32.469Z","level":"info","message":"[Steering] Populating steering for execution 46c50202-7775-4e89-bb3d-ec6b6c0879fd","conversationId":"sess_4a69a782-d3dc-4044-a364-73daaaa3f8ee","turnId":"46c50202-7775-4e89-bb3d-ec6b6c0879fd","rootTurnId":"46c50202-7775-4e89-bb3d-ec6b6c0879fd"}
{"timestamp":"2026-08-11T21:00:32.469Z","level":"info","message":"[Steering] ExistingFiles:  in 46c50202-7775-4e89-bb3d-ec6b6c0879fd","conversationId":"sess_4a69a782-d3dc-4044-a364-73daaaa3f8ee","turnId":"46c50202-7775-4e89-bb3d-ec6b6c0879fd","rootTurnId":"46c50202-7775-4e89-bb3d-ec6b6c0879fd"}
{"timestamp":"2026-08-11T21:00:32.478Z","level":"info","message":"[q-developer-converse] Sending GenerateAssistantResponse modelId=auto agentMode=custom origin=KIRO_CLI streaming=true conversationId=sess_4a69a782-d3dc-4044-a364-73daaaa3f8ee","conversationId":"sess_4a69a782-d3dc-4044-a364-73daaaa3f8ee","turnId":"46c50202-7775-4e89-bb3d-ec6b6c0879fd","rootTurnId":"46c50202-7775-4e89-bb3d-ec6b6c0879fd"}
{"timestamp":"2026-08-11T21:00:32.480Z","level":"info","message":"[q-developer-converse] Request payload: 320410 chars, 44 history messages, conversationId=sess_4a69a782-d3dc-4044-a364-73daaaa3f8ee","conversationId":"sess_4a69a782-d3dc-4044-a364-73daaaa3f8ee","turnId":"46c50202-7775-4e89-bb3d-ec6b6c0879fd","rootTurnId":"46c50202-7775-4e89-bb3d-ec6b6c0879fd"}
{"timestamp":"2026-08-11T21:00:32.496Z","level":"info","message":"fs.appendMessages.ok {\"system\":\"fs\",\"sessionId\":\"sess_4a69a782-d3dc-4044-a364-73daaaa3f8ee\",\"messageCount\":2,\"durationMs\":34}","conversationId":"sess_4a69a782-d3dc-4044-a364-73daaaa3f8ee","turnId":"46c50202-7775-4e89-bb3d-ec6b6c0879fd","rootTurnId":"46c50202-7775-4e89-bb3d-ec6b6c0879fd"}
{"timestamp":"2026-08-11T21:00:35.077Z","level":"info","message":"[ACPEventAdapter] Execution yielded {\"executionId\":\"46c50202-7775-4e89-bb3d-ec6b6c0879fd\"}","conversationId":"sess_4a69a782-d3dc-4044-a364-73daaaa3f8ee","turnId":"46c50202-7775-4e89-bb3d-ec6b6c0879fd","rootTurnId":"46c50202-7775-4e89-bb3d-ec6b6c0879fd"}
{"timestamp":"2026-08-11T21:00:35.078Z","level":"info","message":"acp.policy-eval.complete {\"toolId\":\"run_command\",\"effect\":\"allow\",\"capability\":\"shell\"}","conversationId":"sess_4a69a782-d3dc-4044-a364-73daaaa3f8ee","turnId":"46c50202-7775-4e89-bb3d-ec6b6c0879fd","rootTurnId":"46c50202-7775-4e89-bb3d-ec6b6c0879fd"}
{"timestamp":"2026-08-11T21:00:35.078Z","level":"info","message":"[ACPEventAdapter] Execution resumed {\"executionId\":\"46c50202-7775-4e89-bb3d-ec6b6c0879fd\"}","conversationId":"sess_4a69a782-d3dc-4044-a364-73daaaa3f8ee","turnId":"46c50202-7775-4e89-bb3d-ec6b6c0879fd","rootTurnId":"46c50202-7775-4e89-bb3d-ec6b6c0879fd"}
{"timestamp":"2026-08-11T21:00:35.092Z","level":"info","message":"fs.appendMessages.ok {\"system\":\"fs\",\"sessionId\":\"sess_4a69a782-d3dc-4044-a364-73daaaa3f8ee\",\"messageCount\":1,\"durationMs\":9}","conversationId":"sess_4a69a782-d3dc-4044-a364-73daaaa3f8ee","turnId":"46c50202-7775-4e89-bb3d-ec6b6c0879fd","rootTurnId":"46c50202-7775-4e89-bb3d-ec6b6c0879fd"}
{"timestamp":"2026-08-11T21:00:38.601Z","level":"info","message":"model.invoke.start","conversationId":"sess_4a69a782-d3dc-4044-a364-73daaaa3f8ee","turnId":"46c50202-7775-4e89-bb3d-ec6b6c0879fd","rootTurnId":"46c50202-7775-4e89-bb3d-ec6b6c0879fd"}
{"timestamp":"2026-08-11T21:00:38.601Z","level":"info","message":"[Steering] Populating steering for execution 46c50202-7775-4e89-bb3d-ec6b6c0879fd","conversationId":"sess_4a69a782-d3dc-4044-a364-73daaaa3f8ee","turnId":"46c50202-7775-4e89-bb3d-ec6b6c0879fd","rootTurnId":"46c50202-7775-4e89-bb3d-ec6b6c0879fd"}
{"timestamp":"2026-08-11T21:00:38.601Z","level":"info","message":"[Steering] ExistingFiles:  in 46c50202-7775-4e89-bb3d-ec6b6c0879fd","conversationId":"sess_4a69a782-d3dc-4044-a364-73daaaa3f8ee","turnId":"46c50202-7775-4e89-bb3d-ec6b6c0879fd","rootTurnId":"46c50202-7775-4e89-bb3d-ec6b6c0879fd"}
{"timestamp":"2026-08-11T21:00:38.609Z","level":"info","message":"[q-developer-converse] Sending GenerateAssistantResponse modelId=auto agentMode=custom origin=KIRO_CLI streaming=true conversationId=sess_4a69a782-d3dc-4044-a364-73daaaa3f8ee","conversationId":"sess_4a69a782-d3dc-4044-a364-73daaaa3f8ee","turnId":"46c50202-7775-4e89-bb3d-ec6b6c0879fd","rootTurnId":"46c50202-7775-4e89-bb3d-ec6b6c0879fd"}
{"timestamp":"2026-08-11T21:00:38.611Z","level":"info","message":"[q-developer-converse] Request payload: 322306 chars, 46 history messages, conversationId=sess_4a69a782-d3dc-4044-a364-73daaaa3f8ee","conversationId":"sess_4a69a782-d3dc-4044-a364-73daaaa3f8ee","turnId":"46c50202-7775-4e89-bb3d-ec6b6c0879fd","rootTurnId":"46c50202-7775-4e89-bb3d-ec6b6c0879fd"}
{"timestamp":"2026-08-11T21:00:38.624Z","level":"info","message":"fs.appendMessages.ok {\"system\":\"fs\",\"sessionId\":\"sess_4a69a782-d3dc-4044-a364-73daaaa3f8ee\",\"messageCount\":2,\"durationMs\":28}","conversationId":"sess_4a69a782-d3dc-4044-a364-73daaaa3f8ee","turnId":"46c50202-7775-4e89-bb3d-ec6b6c0879fd","rootTurnId":"46c50202-7775-4e89-bb3d-ec6b6c0879fd"}
{"timestamp":"2026-08-11T21:00:41.605Z","level":"info","message":"[ACPEventAdapter] Execution yielded {\"executionId\":\"46c50202-7775-4e89-bb3d-ec6b6c0879fd\"}","conversationId":"sess_4a69a782-d3dc-4044-a364-73daaaa3f8ee","turnId":"46c50202-7775-4e89-bb3d-ec6b6c0879fd","rootTurnId":"46c50202-7775-4e89-bb3d-ec6b6c0879fd"}
{"timestamp":"2026-08-11T21:00:41.606Z","level":"info","message":"acp.policy-eval.complete {\"toolId\":\"run_command\",\"effect\":\"allow\",\"capability\":\"shell\"}","conversationId":"sess_4a69a782-d3dc-4044-a364-73daaaa3f8ee","turnId":"46c50202-7775-4e89-bb3d-ec6b6c0879fd","rootTurnId":"46c50202-7775-4e89-bb3d-ec6b6c0879fd"}
{"timestamp":"2026-08-11T21:00:41.606Z","level":"info","message":"[ACPEventAdapter] Execution resumed {\"executionId\":\"46c50202-7775-4e89-bb3d-ec6b6c0879fd\"}","conversationId":"sess_4a69a782-d3dc-4044-a364-73daaaa3f8ee","turnId":"46c50202-7775-4e89-bb3d-ec6b6c0879fd","rootTurnId":"46c50202-7775-4e89-bb3d-ec6b6c0879fd"}
{"timestamp":"2026-08-11T21:00:41.630Z","level":"info","message":"fs.appendMessages.ok {\"system\":\"fs\",\"sessionId\":\"sess_4a69a782-d3dc-4044-a364-73daaaa3f8ee\",\"messageCount\":1,\"durationMs\":15}","conversationId":"sess_4a69a782-d3dc-4044-a364-73daaaa3f8ee","turnId":"46c50202-7775-4e89-bb3d-ec6b6c0879fd","rootTurnId":"46c50202-7775-4e89-bb3d-ec6b6c0879fd"}
{"timestamp":"2026-08-11T21:00:41.693Z","level":"info","message":"model.invoke.start","conversationId":"sess_4a69a782-d3dc-4044-a364-73daaaa3f8ee","turnId":"46c50202-7775-4e89-bb3d-ec6b6c0879fd","rootTurnId":"46c50202-7775-4e89-bb3d-ec6b6c0879fd"}
{"timestamp":"2026-08-11T21:00:41.693Z","level":"info","message":"[Steering] Populating steering for execution 46c50202-7775-4e89-bb3d-ec6b6c0879fd","conversationId":"sess_4a69a782-d3dc-4044-a364-73daaaa3f8ee","turnId":"46c50202-7775-4e89-bb3d-ec6b6c0879fd","rootTurnId":"46c50202-7775-4e89-bb3d-ec6b6c0879fd"}
{"timestamp":"2026-08-11T21:00:41.693Z","level":"info","message":"[Steering] ExistingFiles:  in 46c50202-7775-4e89-bb3d-ec6b6c0879fd","conversationId":"sess_4a69a782-d3dc-4044-a364-73daaaa3f8ee","turnId":"46c50202-7775-4e89-bb3d-ec6b6c0879fd","rootTurnId":"46c50202-7775-4e89-bb3d-ec6b6c0879fd"}
{"timestamp":"2026-08-11T21:00:41.702Z","level":"info","message":"[q-developer-converse] Sending GenerateAssistantResponse modelId=auto agentMode=custom origin=KIRO_CLI streaming=true conversationId=sess_4a69a782-d3dc-4044-a364-73daaaa3f8ee","conversationId":"sess_4a69a782-d3dc-4044-a364-73daaaa3f8ee","turnId":"46c50202-7775-4e89-bb3d-ec6b6c0879fd","rootTurnId":"46c50202-7775-4e89-bb3d-ec6b6c0879fd"}
{"timestamp":"2026-08-11T21:00:41.704Z","level":"info","message":"[q-developer-converse] Request payload: 325493 chars, 48 history messages, conversationId=sess_4a69a782-d3dc-4044-a364-73daaaa3f8ee","conversationId":"sess_4a69a782-d3dc-4044-a364-73daaaa3f8ee","turnId":"46c50202-7775-4e89-bb3d-ec6b6c0879fd","rootTurnId":"46c50202-7775-4e89-bb3d-ec6b6c0879fd"}
{"timestamp":"2026-08-11T21:00:41.721Z","level":"info","message":"fs.appendMessages.ok {\"system\":\"fs\",\"sessionId\":\"sess_4a69a782-d3dc-4044-a364-73daaaa3f8ee\",\"messageCount\":2,\"durationMs\":33}","conversationId":"sess_4a69a782-d3dc-4044-a364-73daaaa3f8ee","turnId":"46c50202-7775-4e89-bb3d-ec6b6c0879fd","rootTurnId":"46c50202-7775-4e89-bb3d-ec6b6c0879fd"}
{"timestamp":"2026-08-11T21:00:45.269Z","level":"info","message":"[ACPEventAdapter] Execution yielded {\"executionId\":\"46c50202-7775-4e89-bb3d-ec6b6c0879fd\"}","conversationId":"sess_4a69a782-d3dc-4044-a364-73daaaa3f8ee","turnId":"46c50202-7775-4e89-bb3d-ec6b6c0879fd","rootTurnId":"46c50202-7775-4e89-bb3d-ec6b6c0879fd"}
{"timestamp":"2026-08-11T21:00:45.270Z","level":"info","message":"acp.policy-eval.complete {\"toolId\":\"run_command\",\"effect\":\"allow\",\"capability\":\"shell\"}","conversationId":"sess_4a69a782-d3dc-4044-a364-73daaaa3f8ee","turnId":"46c50202-7775-4e89-bb3d-ec6b6c0879fd","rootTurnId":"46c50202-7775-4e89-bb3d-ec6b6c0879fd"}
{"timestamp":"2026-08-11T21:00:45.271Z","level":"info","message":"[ACPEventAdapter] Execution resumed {\"executionId\":\"46c50202-7775-4e89-bb3d-ec6b6c0879fd\"}","conversationId":"sess_4a69a782-d3dc-4044-a364-73daaaa3f8ee","turnId":"46c50202-7775-4e89-bb3d-ec6b6c0879fd","rootTurnId":"46c50202-7775-4e89-bb3d-ec6b6c0879fd"}
{"timestamp":"2026-08-11T21:00:45.286Z","level":"info","message":"fs.appendMessages.ok {\"system\":\"fs\",\"sessionId\":\"sess_4a69a782-d3dc-4044-a364-73daaaa3f8ee\",\"messageCount\":1,\"durationMs\":10}","conversationId":"sess_4a69a782-d3dc-4044-a364-73daaaa3f8ee","turnId":"46c50202-7775-4e89-bb3d-ec6b6c0879fd","rootTurnId":"46c50202-7775-4e89-bb3d-ec6b6c0879fd"}
{"timestamp":"2026-08-11T21:01:53.165Z","level":"info","message":"model.invoke.start","conversationId":"sess_4a69a782-d3dc-4044-a364-73daaaa3f8ee","turnId":"46c50202-7775-4e89-bb3d-ec6b6c0879fd","rootTurnId":"46c50202-7775-4e89-bb3d-ec6b6c0879fd"}
{"timestamp":"2026-08-11T21:01:53.165Z","level":"info","message":"[Steering] Populating steering for execution 46c50202-7775-4e89-bb3d-ec6b6c0879fd","conversationId":"sess_4a69a782-d3dc-4044-a364-73daaaa3f8ee","turnId":"46c50202-7775-4e89-bb3d-ec6b6c0879fd","rootTurnId":"46c50202-7775-4e89-bb3d-ec6b6c0879fd"}
{"timestamp":"2026-08-11T21:01:53.165Z","level":"info","message":"[Steering] ExistingFiles:  in 46c50202-7775-4e89-bb3d-ec6b6c0879fd","conversationId":"sess_4a69a782-d3dc-4044-a364-73daaaa3f8ee","turnId":"46c50202-7775-4e89-bb3d-ec6b6c0879fd","rootTurnId":"46c50202-7775-4e89-bb3d-ec6b6c0879fd"}
{"timestamp":"2026-08-11T21:01:53.178Z","level":"info","message":"[q-developer-converse] Sending GenerateAssistantResponse modelId=auto agentMode=custom origin=KIRO_CLI streaming=true conversationId=sess_4a69a782-d3dc-4044-a364-73daaaa3f8ee","conversationId":"sess_4a69a782-d3dc-4044-a364-73daaaa3f8ee","turnId":"46c50202-7775-4e89-bb3d-ec6b6c0879fd","rootTurnId":"46c50202-7775-4e89-bb3d-ec6b6c0879fd"}
{"timestamp":"2026-08-11T21:01:53.181Z","level":"info","message":"[q-developer-converse] Request payload: 326031 chars, 50 history messages, conversationId=sess_4a69a782-d3dc-4044-a364-73daaaa3f8ee","conversationId":"sess_4a69a782-d3dc-4044-a364-73daaaa3f8ee","turnId":"46c50202-7775-4e89-bb3d-ec6b6c0879fd","rootTurnId":"46c50202-7775-4e89-bb3d-ec6b6c0879fd"}
{"timestamp":"2026-08-11T21:01:53.200Z","level":"info","message":"fs.appendMessages.ok {\"system\":\"fs\",\"sessionId\":\"sess_4a69a782-d3dc-4044-a364-73daaaa3f8ee\",\"messageCount\":2,\"durationMs\":44}","conversationId":"sess_4a69a782-d3dc-4044-a364-73daaaa3f8ee","turnId":"46c50202-7775-4e89-bb3d-ec6b6c0879fd","rootTurnId":"46c50202-7775-4e89-bb3d-ec6b6c0879fd"}
{"timestamp":"2026-08-11T21:01:58.508Z","level":"info","message":"[ACPEventAdapter] Execution yielded {\"executionId\":\"46c50202-7775-4e89-bb3d-ec6b6c0879fd\"}","conversationId":"sess_4a69a782-d3dc-4044-a364-73daaaa3f8ee","turnId":"46c50202-7775-4e89-bb3d-ec6b6c0879fd","rootTurnId":"46c50202-7775-4e89-bb3d-ec6b6c0879fd"}
{"timestamp":"2026-08-11T21:01:58.510Z","level":"info","message":"acp.policy-eval.complete {\"toolId\":\"run_command\",\"effect\":\"allow\",\"capability\":\"shell\"}","conversationId":"sess_4a69a782-d3dc-4044-a364-73daaaa3f8ee","turnId":"46c50202-7775-4e89-bb3d-ec6b6c0879fd","rootTurnId":"46c50202-7775-4e89-bb3d-ec6b6c0879fd"}
{"timestamp":"2026-08-11T21:01:58.510Z","level":"info","message":"[ACPEventAdapter] Execution resumed {\"executionId\":\"46c50202-7775-4e89-bb3d-ec6b6c0879fd\"}","conversationId":"sess_4a69a782-d3dc-4044-a364-73daaaa3f8ee","turnId":"46c50202-7775-4e89-bb3d-ec6b6c0879fd","rootTurnId":"46c50202-7775-4e89-bb3d-ec6b6c0879fd"}
{"timestamp":"2026-08-11T21:01:58.534Z","level":"info","message":"fs.appendMessages.ok {\"system\":\"fs\",\"sessionId\":\"sess_4a69a782-d3dc-4044-a364-73daaaa3f8ee\",\"messageCount\":1,\"durationMs\":16}","conversationId":"sess_4a69a782-d3dc-4044-a364-73daaaa3f8ee","turnId":"46c50202-7775-4e89-bb3d-ec6b6c0879fd","rootTurnId":"46c50202-7775-4e89-bb3d-ec6b6c0879fd"}
{"timestamp":"2026-08-11T21:02:06.330Z","level":"info","message":"model.invoke.start","conversationId":"sess_4a69a782-d3dc-4044-a364-73daaaa3f8ee","turnId":"46c50202-7775-4e89-bb3d-ec6b6c0879fd","rootTurnId":"46c50202-7775-4e89-bb3d-ec6b6c0879fd"}
{"timestamp":"2026-08-11T21:02:06.330Z","level":"info","message":"[Steering] Populating steering for execution 46c50202-7775-4e89-bb3d-ec6b6c0879fd","conversationId":"sess_4a69a782-d3dc-4044-a364-73daaaa3f8ee","turnId":"46c50202-7775-4e89-bb3d-ec6b6c0879fd","rootTurnId":"46c50202-7775-4e89-bb3d-ec6b6c0879fd"}
{"timestamp":"2026-08-11T21:02:06.330Z","level":"info","message":"[Steering] ExistingFiles:  in 46c50202-7775-4e89-bb3d-ec6b6c0879fd","conversationId":"sess_4a69a782-d3dc-4044-a364-73daaaa3f8ee","turnId":"46c50202-7775-4e89-bb3d-ec6b6c0879fd","rootTurnId":"46c50202-7775-4e89-bb3d-ec6b6c0879fd"}
{"timestamp":"2026-08-11T21:02:06.339Z","level":"info","message":"[q-developer-converse] Sending GenerateAssistantResponse modelId=auto agentMode=custom origin=KIRO_CLI streaming=true conversationId=sess_4a69a782-d3dc-4044-a364-73daaaa3f8ee","conversationId":"sess_4a69a782-d3dc-4044-a364-73daaaa3f8ee","turnId":"46c50202-7775-4e89-bb3d-ec6b6c0879fd","rootTurnId":"46c50202-7775-4e89-bb3d-ec6b6c0879fd"}
{"timestamp":"2026-08-11T21:02:06.341Z","level":"info","message":"[q-developer-converse] Request payload: 329185 chars, 52 history messages, conversationId=sess_4a69a782-d3dc-4044-a364-73daaaa3f8ee","conversationId":"sess_4a69a782-d3dc-4044-a364-73daaaa3f8ee","turnId":"46c50202-7775-4e89-bb3d-ec6b6c0879fd","rootTurnId":"46c50202-7775-4e89-bb3d-ec6b6c0879fd"}
{"timestamp":"2026-08-11T21:02:06.354Z","level":"info","message":"fs.appendMessages.ok {\"system\":\"fs\",\"sessionId\":\"sess_4a69a782-d3dc-4044-a364-73daaaa3f8ee\",\"messageCount\":2,\"durationMs\":29}","conversationId":"sess_4a69a782-d3dc-4044-a364-73daaaa3f8ee","turnId":"46c50202-7775-4e89-bb3d-ec6b6c0879fd","rootTurnId":"46c50202-7775-4e89-bb3d-ec6b6c0879fd"}
{"timestamp":"2026-08-11T21:02:09.422Z","level":"warn","message":"[ACPEventAdapter] Action type has no dedicated handler and is being routed as a tool call. If this is a new non-tool action, add it to DispatchedActionType. {\"actionType\":\"read_files\"}","conversationId":"sess_4a69a782-d3dc-4044-a364-73daaaa3f8ee","turnId":"46c50202-7775-4e89-bb3d-ec6b6c0879fd","rootTurnId":"46c50202-7775-4e89-bb3d-ec6b6c0879fd"}
{"timestamp":"2026-08-11T21:02:09.424Z","level":"info","message":"acp.policy-eval.complete {\"toolId\":\"read_file\",\"effect\":\"ask\"}","conversationId":"sess_4a69a782-d3dc-4044-a364-73daaaa3f8ee","turnId":"46c50202-7775-4e89-bb3d-ec6b6c0879fd","rootTurnId":"46c50202-7775-4e89-bb3d-ec6b6c0879fd"}
{"timestamp":"2026-08-11T21:02:09.424Z","level":"info","message":"[ACP ToolApproval] Requesting permission for toolId=read_file, operationId=tooluse_UrC5AchuqaGtzdtOAJ1VsW, sessionId=sess_4a69a782-d3dc-4044-a364-73daaaa3f8ee","conversationId":"sess_4a69a782-d3dc-4044-a364-73daaaa3f8ee","turnId":"46c50202-7775-4e89-bb3d-ec6b6c0879fd","rootTurnId":"46c50202-7775-4e89-bb3d-ec6b6c0879fd"}
{"timestamp":"2026-08-11T21:02:09.435Z","level":"info","message":"fs.appendMessages.ok {\"system\":\"fs\",\"sessionId\":\"sess_4a69a782-d3dc-4044-a364-73daaaa3f8ee\",\"messageCount\":1,\"durationMs\":10}","conversationId":"sess_4a69a782-d3dc-4044-a364-73daaaa3f8ee","turnId":"46c50202-7775-4e89-bb3d-ec6b6c0879fd","rootTurnId":"46c50202-7775-4e89-bb3d-ec6b6c0879fd"}
{"timestamp":"2026-08-11T21:02:09.444Z","level":"info","message":"fs.appendMessages.ok {\"system\":\"fs\",\"sessionId\":\"sess_4a69a782-d3dc-4044-a364-73daaaa3f8ee\",\"messageCount\":1,\"durationMs\":10}","conversationId":"sess_4a69a782-d3dc-4044-a364-73daaaa3f8ee","turnId":"46c50202-7775-4e89-bb3d-ec6b6c0879fd","rootTurnId":"46c50202-7775-4e89-bb3d-ec6b6c0879fd"}
{"timestamp":"2026-08-11T21:02:09.447Z","level":"info","message":"fs.appendMessages.ok {\"system\":\"fs\",\"sessionId\":\"sess_4a69a782-d3dc-4044-a364-73daaaa3f8ee\",\"messageCount\":1,\"durationMs\":2}","conversationId":"sess_4a69a782-d3dc-4044-a364-73daaaa3f8ee","turnId":"46c50202-7775-4e89-bb3d-ec6b6c0879fd","rootTurnId":"46c50202-7775-4e89-bb3d-ec6b6c0879fd"}
{"timestamp":"2026-08-11T21:02:09.447Z","level":"info","message":"[ACP ToolApproval] Got response: {\"outcome\":\"selected\",\"optionId\":\"always-accept\",\"_meta\":{\"kiro\":{\"consent\":{\"capability\":\"fs_read\",\"scope\":\"session\",\"resource\":\"*\"}}}}","conversationId":"sess_4a69a782-d3dc-4044-a364-73daaaa3f8ee","turnId":"46c50202-7775-4e89-bb3d-ec6b6c0879fd","rootTurnId":"46c50202-7775-4e89-bb3d-ec6b6c0879fd"}
{"timestamp":"2026-08-11T21:02:09.475Z","level":"info","message":"[PolicySession] rebuild() complete: 8 rules parsed, engineActive=true, fatal=false","conversationId":"sess_4a69a782-d3dc-4044-a364-73daaaa3f8ee","turnId":"46c50202-7775-4e89-bb3d-ec6b6c0879fd","rootTurnId":"46c50202-7775-4e89-bb3d-ec6b6c0879fd"}
{"timestamp":"2026-08-11T21:02:09.475Z","level":"info","message":"[PolicySession] Persisted allow rule for fs_read matching \"*\" at scope=session","conversationId":"sess_4a69a782-d3dc-4044-a364-73daaaa3f8ee","turnId":"46c50202-7775-4e89-bb3d-ec6b6c0879fd","rootTurnId":"46c50202-7775-4e89-bb3d-ec6b6c0879fd"}
{"timestamp":"2026-08-11T21:02:09.490Z","level":"info","message":"model.invoke.start","conversationId":"sess_4a69a782-d3dc-4044-a364-73daaaa3f8ee","turnId":"46c50202-7775-4e89-bb3d-ec6b6c0879fd","rootTurnId":"46c50202-7775-4e89-bb3d-ec6b6c0879fd"}
{"timestamp":"2026-08-11T21:02:09.491Z","level":"info","message":"[Steering] Populating steering for execution 46c50202-7775-4e89-bb3d-ec6b6c0879fd","conversationId":"sess_4a69a782-d3dc-4044-a364-73daaaa3f8ee","turnId":"46c50202-7775-4e89-bb3d-ec6b6c0879fd","rootTurnId":"46c50202-7775-4e89-bb3d-ec6b6c0879fd"}
{"timestamp":"2026-08-11T21:02:09.491Z","level":"info","message":"[Steering] ExistingFiles: /home/nizar/HomeWspce/kiro-configs/settings/servers.yaml in 46c50202-7775-4e89-bb3d-ec6b6c0879fd","conversationId":"sess_4a69a782-d3dc-4044-a364-73daaaa3f8ee","turnId":"46c50202-7775-4e89-bb3d-ec6b6c0879fd","rootTurnId":"46c50202-7775-4e89-bb3d-ec6b6c0879fd"}
{"timestamp":"2026-08-11T21:02:09.492Z","level":"info","message":"fs.appendMessages.ok {\"system\":\"fs\",\"sessionId\":\"sess_4a69a782-d3dc-4044-a364-73daaaa3f8ee\",\"messageCount\":2,\"durationMs\":9}","conversationId":"sess_4a69a782-d3dc-4044-a364-73daaaa3f8ee","turnId":"46c50202-7775-4e89-bb3d-ec6b6c0879fd","rootTurnId":"46c50202-7775-4e89-bb3d-ec6b6c0879fd"}
{"timestamp":"2026-08-11T21:02:09.502Z","level":"info","message":"[q-developer-converse] Sending GenerateAssistantResponse modelId=auto agentMode=custom origin=KIRO_CLI streaming=true conversationId=sess_4a69a782-d3dc-4044-a364-73daaaa3f8ee","conversationId":"sess_4a69a782-d3dc-4044-a364-73daaaa3f8ee","turnId":"46c50202-7775-4e89-bb3d-ec6b6c0879fd","rootTurnId":"46c50202-7775-4e89-bb3d-ec6b6c0879fd"}
{"timestamp":"2026-08-11T21:02:09.504Z","level":"info","message":"[q-developer-converse] Request payload: 332251 chars, 54 history messages, conversationId=sess_4a69a782-d3dc-4044-a364-73daaaa3f8ee","conversationId":"sess_4a69a782-d3dc-4044-a364-73daaaa3f8ee","turnId":"46c50202-7775-4e89-bb3d-ec6b6c0879fd","rootTurnId":"46c50202-7775-4e89-bb3d-ec6b6c0879fd"}
{"timestamp":"2026-08-11T21:02:13.038Z","level":"info","message":"[ACPEventAdapter] Execution yielded {\"executionId\":\"46c50202-7775-4e89-bb3d-ec6b6c0879fd\"}","conversationId":"sess_4a69a782-d3dc-4044-a364-73daaaa3f8ee","turnId":"46c50202-7775-4e89-bb3d-ec6b6c0879fd","rootTurnId":"46c50202-7775-4e89-bb3d-ec6b6c0879fd"}
{"timestamp":"2026-08-11T21:02:13.039Z","level":"info","message":"acp.policy-eval.complete {\"toolId\":\"run_command\",\"effect\":\"allow\",\"capability\":\"shell\"}","conversationId":"sess_4a69a782-d3dc-4044-a364-73daaaa3f8ee","turnId":"46c50202-7775-4e89-bb3d-ec6b6c0879fd","rootTurnId":"46c50202-7775-4e89-bb3d-ec6b6c0879fd"}
{"timestamp":"2026-08-11T21:02:13.039Z","level":"info","message":"[ACPEventAdapter] Execution resumed {\"executionId\":\"46c50202-7775-4e89-bb3d-ec6b6c0879fd\"}","conversationId":"sess_4a69a782-d3dc-4044-a364-73daaaa3f8ee","turnId":"46c50202-7775-4e89-bb3d-ec6b6c0879fd","rootTurnId":"46c50202-7775-4e89-bb3d-ec6b6c0879fd"}
{"timestamp":"2026-08-11T21:02:13.055Z","level":"info","message":"fs.appendMessages.ok {\"system\":\"fs\",\"sessionId\":\"sess_4a69a782-d3dc-4044-a364-73daaaa3f8ee\",\"messageCount\":1,\"durationMs\":10}","conversationId":"sess_4a69a782-d3dc-4044-a364-73daaaa3f8ee","turnId":"46c50202-7775-4e89-bb3d-ec6b6c0879fd","rootTurnId":"46c50202-7775-4e89-bb3d-ec6b6c0879fd"}
{"timestamp":"2026-08-11T21:02:16.547Z","level":"info","message":"model.invoke.start","conversationId":"sess_4a69a782-d3dc-4044-a364-73daaaa3f8ee","turnId":"46c50202-7775-4e89-bb3d-ec6b6c0879fd","rootTurnId":"46c50202-7775-4e89-bb3d-ec6b6c0879fd"}
{"timestamp":"2026-08-11T21:02:16.547Z","level":"info","message":"[Steering] Populating steering for execution 46c50202-7775-4e89-bb3d-ec6b6c0879fd","conversationId":"sess_4a69a782-d3dc-4044-a364-73daaaa3f8ee","turnId":"46c50202-7775-4e89-bb3d-ec6b6c0879fd","rootTurnId":"46c50202-7775-4e89-bb3d-ec6b6c0879fd"}
{"timestamp":"2026-08-11T21:02:16.547Z","level":"info","message":"[Steering] ExistingFiles: /home/nizar/HomeWspce/kiro-configs/settings/servers.yaml in 46c50202-7775-4e89-bb3d-ec6b6c0879fd","conversationId":"sess_4a69a782-d3dc-4044-a364-73daaaa3f8ee","turnId":"46c50202-7775-4e89-bb3d-ec6b6c0879fd","rootTurnId":"46c50202-7775-4e89-bb3d-ec6b6c0879fd"}
{"timestamp":"2026-08-11T21:02:16.558Z","level":"info","message":"[q-developer-converse] Sending GenerateAssistantResponse modelId=auto agentMode=custom origin=KIRO_CLI streaming=true conversationId=sess_4a69a782-d3dc-4044-a364-73daaaa3f8ee","conversationId":"sess_4a69a782-d3dc-4044-a364-73daaaa3f8ee","turnId":"46c50202-7775-4e89-bb3d-ec6b6c0879fd","rootTurnId":"46c50202-7775-4e89-bb3d-ec6b6c0879fd"}
{"timestamp":"2026-08-11T21:02:16.560Z","level":"info","message":"[q-developer-converse] Request payload: 333633 chars, 56 history messages, conversationId=sess_4a69a782-d3dc-4044-a364-73daaaa3f8ee","conversationId":"sess_4a69a782-d3dc-4044-a364-73daaaa3f8ee","turnId":"46c50202-7775-4e89-bb3d-ec6b6c0879fd","rootTurnId":"46c50202-7775-4e89-bb3d-ec6b6c0879fd"}
{"timestamp":"2026-08-11T21:02:16.571Z","level":"info","message":"fs.appendMessages.ok {\"system\":\"fs\",\"sessionId\":\"sess_4a69a782-d3dc-4044-a364-73daaaa3f8ee\",\"messageCount\":2,\"durationMs\":29}","conversationId":"sess_4a69a782-d3dc-4044-a364-73daaaa3f8ee","turnId":"46c50202-7775-4e89-bb3d-ec6b6c0879fd","rootTurnId":"46c50202-7775-4e89-bb3d-ec6b6c0879fd"}
{"timestamp":"2026-08-11T21:02:18.892Z","level":"info","message":"network.listAvailableModels.ok {\"system\":\"network\",\"durationMs\":216}"}
{"timestamp":"2026-08-11T21:02:18.892Z","level":"info","message":"[ACPModelConfigProvider] Loaded 19 models"}
{"timestamp":"2026-08-11T21:02:19.815Z","level":"info","message":"[ACPEventAdapter] Execution yielded {\"executionId\":\"46c50202-7775-4e89-bb3d-ec6b6c0879fd\"}","conversationId":"sess_4a69a782-d3dc-4044-a364-73daaaa3f8ee","turnId":"46c50202-7775-4e89-bb3d-ec6b6c0879fd","rootTurnId":"46c50202-7775-4e89-bb3d-ec6b6c0879fd"}
{"timestamp":"2026-08-11T21:02:19.816Z","level":"info","message":"acp.policy-eval.complete {\"toolId\":\"run_command\",\"effect\":\"allow\",\"capability\":\"shell\"}","conversationId":"sess_4a69a782-d3dc-4044-a364-73daaaa3f8ee","turnId":"46c50202-7775-4e89-bb3d-ec6b6c0879fd","rootTurnId":"46c50202-7775-4e89-bb3d-ec6b6c0879fd"}
{"timestamp":"2026-08-11T21:02:19.816Z","level":"info","message":"[ACPEventAdapter] Execution resumed {\"executionId\":\"46c50202-7775-4e89-bb3d-ec6b6c0879fd\"}","conversationId":"sess_4a69a782-d3dc-4044-a364-73daaaa3f8ee","turnId":"46c50202-7775-4e89-bb3d-ec6b6c0879fd","rootTurnId":"46c50202-7775-4e89-bb3d-ec6b6c0879fd"}
{"timestamp":"2026-08-11T21:02:19.838Z","level":"info","message":"model.invoke.start","conversationId":"sess_4a69a782-d3dc-4044-a364-73daaaa3f8ee","turnId":"46c50202-7775-4e89-bb3d-ec6b6c0879fd","rootTurnId":"46c50202-7775-4e89-bb3d-ec6b6c0879fd"}
{"timestamp":"2026-08-11T21:02:19.838Z","level":"info","message":"[Steering] Populating steering for execution 46c50202-7775-4e89-bb3d-ec6b6c0879fd","conversationId":"sess_4a69a782-d3dc-4044-a364-73daaaa3f8ee","turnId":"46c50202-7775-4e89-bb3d-ec6b6c0879fd","rootTurnId":"46c50202-7775-4e89-bb3d-ec6b6c0879fd"}
{"timestamp":"2026-08-11T21:02:19.838Z","level":"info","message":"[Steering] ExistingFiles: /home/nizar/HomeWspce/kiro-configs/settings/servers.yaml in 46c50202-7775-4e89-bb3d-ec6b6c0879fd","conversationId":"sess_4a69a782-d3dc-4044-a364-73daaaa3f8ee","turnId":"46c50202-7775-4e89-bb3d-ec6b6c0879fd","rootTurnId":"46c50202-7775-4e89-bb3d-ec6b6c0879fd"}
{"timestamp":"2026-08-11T21:02:19.839Z","level":"info","message":"fs.appendMessages.ok {\"system\":\"fs\",\"sessionId\":\"sess_4a69a782-d3dc-4044-a364-73daaaa3f8ee\",\"messageCount\":1,\"durationMs\":17}","conversationId":"sess_4a69a782-d3dc-4044-a364-73daaaa3f8ee","turnId":"46c50202-7775-4e89-bb3d-ec6b6c0879fd","rootTurnId":"46c50202-7775-4e89-bb3d-ec6b6c0879fd"}
{"timestamp":"2026-08-11T21:02:19.850Z","level":"info","message":"[q-developer-converse] Sending GenerateAssistantResponse modelId=auto agentMode=custom origin=KIRO_CLI streaming=true conversationId=sess_4a69a782-d3dc-4044-a364-73daaaa3f8ee","conversationId":"sess_4a69a782-d3dc-4044-a364-73daaaa3f8ee","turnId":"46c50202-7775-4e89-bb3d-ec6b6c0879fd","rootTurnId":"46c50202-7775-4e89-bb3d-ec6b6c0879fd"}
{"timestamp":"2026-08-11T21:02:19.854Z","level":"info","message":"[q-developer-converse] Request payload: 335752 chars, 58 history messages, conversationId=sess_4a69a782-d3dc-4044-a364-73daaaa3f8ee","conversationId":"sess_4a69a782-d3dc-4044-a364-73daaaa3f8ee","turnId":"46c50202-7775-4e89-bb3d-ec6b6c0879fd","rootTurnId":"46c50202-7775-4e89-bb3d-ec6b6c0879fd"}
{"timestamp":"2026-08-11T21:02:19.866Z","level":"info","message":"fs.appendMessages.ok {\"system\":\"fs\",\"sessionId\":\"sess_4a69a782-d3dc-4044-a364-73daaaa3f8ee\",\"messageCount\":2,\"durationMs\":26}","conversationId":"sess_4a69a782-d3dc-4044-a364-73daaaa3f8ee","turnId":"46c50202-7775-4e89-bb3d-ec6b6c0879fd","rootTurnId":"46c50202-7775-4e89-bb3d-ec6b6c0879fd"}
{"timestamp":"2026-08-11T21:02:23.780Z","level":"info","message":"[ACPEventAdapter] Execution yielded {\"executionId\":\"46c50202-7775-4e89-bb3d-ec6b6c0879fd\"}","conversationId":"sess_4a69a782-d3dc-4044-a364-73daaaa3f8ee","turnId":"46c50202-7775-4e89-bb3d-ec6b6c0879fd","rootTurnId":"46c50202-7775-4e89-bb3d-ec6b6c0879fd"}
{"timestamp":"2026-08-11T21:02:23.782Z","level":"info","message":"acp.policy-eval.complete {\"toolId\":\"run_command\",\"effect\":\"allow\",\"capability\":\"shell\"}","conversationId":"sess_4a69a782-d3dc-4044-a364-73daaaa3f8ee","turnId":"46c50202-7775-4e89-bb3d-ec6b6c0879fd","rootTurnId":"46c50202-7775-4e89-bb3d-ec6b6c0879fd"}
{"timestamp":"2026-08-11T21:02:23.782Z","level":"info","message":"[ACPEventAdapter] Execution resumed {\"executionId\":\"46c50202-7775-4e89-bb3d-ec6b6c0879fd\"}","conversationId":"sess_4a69a782-d3dc-4044-a364-73daaaa3f8ee","turnId":"46c50202-7775-4e89-bb3d-ec6b6c0879fd","rootTurnId":"46c50202-7775-4e89-bb3d-ec6b6c0879fd"}
{"timestamp":"2026-08-11T21:02:23.819Z","level":"info","message":"fs.appendMessages.ok {\"system\":\"fs\",\"sessionId\":\"sess_4a69a782-d3dc-4044-a364-73daaaa3f8ee\",\"messageCount\":1,\"durationMs\":25}","conversationId":"sess_4a69a782-d3dc-4044-a364-73daaaa3f8ee","turnId":"46c50202-7775-4e89-bb3d-ec6b6c0879fd","rootTurnId":"46c50202-7775-4e89-bb3d-ec6b6c0879fd"}
{"timestamp":"2026-08-11T21:02:23.849Z","level":"info","message":"model.invoke.start","conversationId":"sess_4a69a782-d3dc-4044-a364-73daaaa3f8ee","turnId":"46c50202-7775-4e89-bb3d-ec6b6c0879fd","rootTurnId":"46c50202-7775-4e89-bb3d-ec6b6c0879fd"}
{"timestamp":"2026-08-11T21:02:23.849Z","level":"info","message":"[Steering] Populating steering for execution 46c50202-7775-4e89-bb3d-ec6b6c0879fd","conversationId":"sess_4a69a782-d3dc-4044-a364-73daaaa3f8ee","turnId":"46c50202-7775-4e89-bb3d-ec6b6c0879fd","rootTurnId":"46c50202-7775-4e89-bb3d-ec6b6c0879fd"}
{"timestamp":"2026-08-11T21:02:23.850Z","level":"info","message":"[Steering] ExistingFiles: /home/nizar/HomeWspce/kiro-configs/settings/servers.yaml in 46c50202-7775-4e89-bb3d-ec6b6c0879fd","conversationId":"sess_4a69a782-d3dc-4044-a364-73daaaa3f8ee","turnId":"46c50202-7775-4e89-bb3d-ec6b6c0879fd","rootTurnId":"46c50202-7775-4e89-bb3d-ec6b6c0879fd"}
{"timestamp":"2026-08-11T21:02:23.877Z","level":"info","message":"[q-developer-converse] Sending GenerateAssistantResponse modelId=auto agentMode=custom origin=KIRO_CLI streaming=true conversationId=sess_4a69a782-d3dc-4044-a364-73daaaa3f8ee","conversationId":"sess_4a69a782-d3dc-4044-a364-73daaaa3f8ee","turnId":"46c50202-7775-4e89-bb3d-ec6b6c0879fd","rootTurnId":"46c50202-7775-4e89-bb3d-ec6b6c0879fd"}
{"timestamp":"2026-08-11T21:02:23.882Z","level":"info","message":"[q-developer-converse] Request payload: 336280 chars, 60 history messages, conversationId=sess_4a69a782-d3dc-4044-a364-73daaaa3f8ee","conversationId":"sess_4a69a782-d3dc-4044-a364-73daaaa3f8ee","turnId":"46c50202-7775-4e89-bb3d-ec6b6c0879fd","rootTurnId":"46c50202-7775-4e89-bb3d-ec6b6c0879fd"}
{"timestamp":"2026-08-11T21:02:23.903Z","level":"info","message":"fs.appendMessages.ok {\"system\":\"fs\",\"sessionId\":\"sess_4a69a782-d3dc-4044-a364-73daaaa3f8ee\",\"messageCount\":2,\"durationMs\":66}","conversationId":"sess_4a69a782-d3dc-4044-a364-73daaaa3f8ee","turnId":"46c50202-7775-4e89-bb3d-ec6b6c0879fd","rootTurnId":"46c50202-7775-4e89-bb3d-ec6b6c0879fd"}
{"timestamp":"2026-08-11T21:02:26.594Z","level":"info","message":"acp.policy-eval.complete {\"toolId\":\"read_file\",\"effect\":\"allow\",\"capability\":\"fs_read\"}","conversationId":"sess_4a69a782-d3dc-4044-a364-73daaaa3f8ee","turnId":"46c50202-7775-4e89-bb3d-ec6b6c0879fd","rootTurnId":"46c50202-7775-4e89-bb3d-ec6b6c0879fd"}
{"timestamp":"2026-08-11T21:02:26.618Z","level":"info","message":"model.invoke.start","conversationId":"sess_4a69a782-d3dc-4044-a364-73daaaa3f8ee","turnId":"46c50202-7775-4e89-bb3d-ec6b6c0879fd","rootTurnId":"46c50202-7775-4e89-bb3d-ec6b6c0879fd"}
{"timestamp":"2026-08-11T21:02:26.618Z","level":"info","message":"[Steering] Populating steering for execution 46c50202-7775-4e89-bb3d-ec6b6c0879fd","conversationId":"sess_4a69a782-d3dc-4044-a364-73daaaa3f8ee","turnId":"46c50202-7775-4e89-bb3d-ec6b6c0879fd","rootTurnId":"46c50202-7775-4e89-bb3d-ec6b6c0879fd"}
{"timestamp":"2026-08-11T21:02:26.619Z","level":"info","message":"[Steering] ExistingFiles: /home/nizar/HomeWspce/kiro-configs/settings/servers.yaml, /home/nizar/HomeWspce/kiro-multiagent/settings/cli.json in 46c50202-7775-4e89-bb3d-ec6b6c0879fd","conversationId":"sess_4a69a782-d3dc-4044-a364-73daaaa3f8ee","turnId":"46c50202-7775-4e89-bb3d-ec6b6c0879fd","rootTurnId":"46c50202-7775-4e89-bb3d-ec6b6c0879fd"}
{"timestamp":"2026-08-11T21:02:26.628Z","level":"info","message":"fs.appendMessages.ok {\"system\":\"fs\",\"sessionId\":\"sess_4a69a782-d3dc-4044-a364-73daaaa3f8ee\",\"messageCount\":1,\"durationMs\":30}","conversationId":"sess_4a69a782-d3dc-4044-a364-73daaaa3f8ee","turnId":"46c50202-7775-4e89-bb3d-ec6b6c0879fd","rootTurnId":"46c50202-7775-4e89-bb3d-ec6b6c0879fd"}
{"timestamp":"2026-08-11T21:02:26.648Z","level":"info","message":"[q-developer-converse] Sending GenerateAssistantResponse modelId=auto agentMode=custom origin=KIRO_CLI streaming=true conversationId=sess_4a69a782-d3dc-4044-a364-73daaaa3f8ee","conversationId":"sess_4a69a782-d3dc-4044-a364-73daaaa3f8ee","turnId":"46c50202-7775-4e89-bb3d-ec6b6c0879fd","rootTurnId":"46c50202-7775-4e89-bb3d-ec6b6c0879fd"}
{"timestamp":"2026-08-11T21:02:26.652Z","level":"info","message":"[q-developer-converse] Request payload: 336851 chars, 62 history messages, conversationId=sess_4a69a782-d3dc-4044-a364-73daaaa3f8ee","conversationId":"sess_4a69a782-d3dc-4044-a364-73daaaa3f8ee","turnId":"46c50202-7775-4e89-bb3d-ec6b6c0879fd","rootTurnId":"46c50202-7775-4e89-bb3d-ec6b6c0879fd"}
{"timestamp":"2026-08-11T21:02:26.680Z","level":"info","message":"fs.appendMessages.ok {\"system\":\"fs\",\"sessionId\":\"sess_4a69a782-d3dc-4044-a364-73daaaa3f8ee\",\"messageCount\":2,\"durationMs\":52}","conversationId":"sess_4a69a782-d3dc-4044-a364-73daaaa3f8ee","turnId":"46c50202-7775-4e89-bb3d-ec6b6c0879fd","rootTurnId":"46c50202-7775-4e89-bb3d-ec6b6c0879fd"}
{"timestamp":"2026-08-11T21:02:30.236Z","level":"info","message":"[ACPEventAdapter] Execution yielded {\"executionId\":\"46c50202-7775-4e89-bb3d-ec6b6c0879fd\"}","conversationId":"sess_4a69a782-d3dc-4044-a364-73daaaa3f8ee","turnId":"46c50202-7775-4e89-bb3d-ec6b6c0879fd","rootTurnId":"46c50202-7775-4e89-bb3d-ec6b6c0879fd"}
{"timestamp":"2026-08-11T21:02:30.238Z","level":"info","message":"acp.policy-eval.complete {\"toolId\":\"run_command\",\"effect\":\"allow\",\"capability\":\"shell\"}","conversationId":"sess_4a69a782-d3dc-4044-a364-73daaaa3f8ee","turnId":"46c50202-7775-4e89-bb3d-ec6b6c0879fd","rootTurnId":"46c50202-7775-4e89-bb3d-ec6b6c0879fd"}
{"timestamp":"2026-08-11T21:02:30.238Z","level":"info","message":"[ACPEventAdapter] Execution resumed {\"executionId\":\"46c50202-7775-4e89-bb3d-ec6b6c0879fd\"}","conversationId":"sess_4a69a782-d3dc-4044-a364-73daaaa3f8ee","turnId":"46c50202-7775-4e89-bb3d-ec6b6c0879fd","rootTurnId":"46c50202-7775-4e89-bb3d-ec6b6c0879fd"}
{"timestamp":"2026-08-11T21:02:30.256Z","level":"info","message":"model.invoke.start","conversationId":"sess_4a69a782-d3dc-4044-a364-73daaaa3f8ee","turnId":"46c50202-7775-4e89-bb3d-ec6b6c0879fd","rootTurnId":"46c50202-7775-4e89-bb3d-ec6b6c0879fd"}
{"timestamp":"2026-08-11T21:02:30.256Z","level":"info","message":"[Steering] Populating steering for execution 46c50202-7775-4e89-bb3d-ec6b6c0879fd","conversationId":"sess_4a69a782-d3dc-4044-a364-73daaaa3f8ee","turnId":"46c50202-7775-4e89-bb3d-ec6b6c0879fd","rootTurnId":"46c50202-7775-4e89-bb3d-ec6b6c0879fd"}
{"timestamp":"2026-08-11T21:02:30.257Z","level":"info","message":"[Steering] ExistingFiles: /home/nizar/HomeWspce/kiro-configs/settings/servers.yaml, /home/nizar/HomeWspce/kiro-multiagent/settings/cli.json in 46c50202-7775-4e89-bb3d-ec6b6c0879fd","conversationId":"sess_4a69a782-d3dc-4044-a364-73daaaa3f8ee","turnId":"46c50202-7775-4e89-bb3d-ec6b6c0879fd","rootTurnId":"46c50202-7775-4e89-bb3d-ec6b6c0879fd"}
{"timestamp":"2026-08-11T21:02:30.266Z","level":"info","message":"fs.appendMessages.ok {\"system\":\"fs\",\"sessionId\":\"sess_4a69a782-d3dc-4044-a364-73daaaa3f8ee\",\"messageCount\":1,\"durationMs\":21}","conversationId":"sess_4a69a782-d3dc-4044-a364-73daaaa3f8ee","turnId":"46c50202-7775-4e89-bb3d-ec6b6c0879fd","rootTurnId":"46c50202-7775-4e89-bb3d-ec6b6c0879fd"}
{"timestamp":"2026-08-11T21:02:30.276Z","level":"info","message":"[q-developer-converse] Sending GenerateAssistantResponse modelId=auto agentMode=custom origin=KIRO_CLI streaming=true conversationId=sess_4a69a782-d3dc-4044-a364-73daaaa3f8ee","conversationId":"sess_4a69a782-d3dc-4044-a364-73daaaa3f8ee","turnId":"46c50202-7775-4e89-bb3d-ec6b6c0879fd","rootTurnId":"46c50202-7775-4e89-bb3d-ec6b6c0879fd"}
{"timestamp":"2026-08-11T21:02:30.280Z","level":"info","message":"[q-developer-converse] Request payload: 337686 chars, 64 history messages, conversationId=sess_4a69a782-d3dc-4044-a364-73daaaa3f8ee","conversationId":"sess_4a69a782-d3dc-4044-a364-73daaaa3f8ee","turnId":"46c50202-7775-4e89-bb3d-ec6b6c0879fd","rootTurnId":"46c50202-7775-4e89-bb3d-ec6b6c0879fd"}
{"timestamp":"2026-08-11T21:02:30.293Z","level":"info","message":"fs.appendMessages.ok {\"system\":\"fs\",\"sessionId\":\"sess_4a69a782-d3dc-4044-a364-73daaaa3f8ee\",\"messageCount\":2,\"durationMs\":26}","conversationId":"sess_4a69a782-d3dc-4044-a364-73daaaa3f8ee","turnId":"46c50202-7775-4e89-bb3d-ec6b6c0879fd","rootTurnId":"46c50202-7775-4e89-bb3d-ec6b6c0879fd"}
{"timestamp":"2026-08-11T21:02:36.419Z","level":"info","message":"acp.policy-eval.complete {\"toolId\":\"read_file\",\"effect\":\"allow\",\"capability\":\"fs_read\"}","conversationId":"sess_4a69a782-d3dc-4044-a364-73daaaa3f8ee","turnId":"46c50202-7775-4e89-bb3d-ec6b6c0879fd","rootTurnId":"46c50202-7775-4e89-bb3d-ec6b6c0879fd"}
{"timestamp":"2026-08-11T21:02:36.438Z","level":"info","message":"model.invoke.start","conversationId":"sess_4a69a782-d3dc-4044-a364-73daaaa3f8ee","turnId":"46c50202-7775-4e89-bb3d-ec6b6c0879fd","rootTurnId":"46c50202-7775-4e89-bb3d-ec6b6c0879fd"}
{"timestamp":"2026-08-11T21:02:36.438Z","level":"info","message":"[Steering] Populating steering for execution 46c50202-7775-4e89-bb3d-ec6b6c0879fd","conversationId":"sess_4a69a782-d3dc-4044-a364-73daaaa3f8ee","turnId":"46c50202-7775-4e89-bb3d-ec6b6c0879fd","rootTurnId":"46c50202-7775-4e89-bb3d-ec6b6c0879fd"}
{"timestamp":"2026-08-11T21:02:36.438Z","level":"info","message":"[Steering] ExistingFiles: /home/nizar/HomeWspce/kiro-configs/settings/servers.yaml, /home/nizar/HomeWspce/kiro-multiagent/settings/cli.json, /home/nizar/HomeWspce/kiro-multiagent/agents/pilot.json in 46c50202-7775-4e89-bb3d-ec6b6c0879fd","conversationId":"sess_4a69a782-d3dc-4044-a364-73daaaa3f8ee","turnId":"46c50202-7775-4e89-bb3d-ec6b6c0879fd","rootTurnId":"46c50202-7775-4e89-bb3d-ec6b6c0879fd"}
{"timestamp":"2026-08-11T21:02:36.439Z","level":"info","message":"fs.appendMessages.ok {\"system\":\"fs\",\"sessionId\":\"sess_4a69a782-d3dc-4044-a364-73daaaa3f8ee\",\"messageCount\":1,\"durationMs\":18}","conversationId":"sess_4a69a782-d3dc-4044-a364-73daaaa3f8ee","turnId":"46c50202-7775-4e89-bb3d-ec6b6c0879fd","rootTurnId":"46c50202-7775-4e89-bb3d-ec6b6c0879fd"}
{"timestamp":"2026-08-11T21:02:36.450Z","level":"info","message":"[q-developer-converse] Sending GenerateAssistantResponse modelId=auto agentMode=custom origin=KIRO_CLI streaming=true conversationId=sess_4a69a782-d3dc-4044-a364-73daaaa3f8ee","conversationId":"sess_4a69a782-d3dc-4044-a364-73daaaa3f8ee","turnId":"46c50202-7775-4e89-bb3d-ec6b6c0879fd","rootTurnId":"46c50202-7775-4e89-bb3d-ec6b6c0879fd"}
{"timestamp":"2026-08-11T21:02:36.453Z","level":"info","message":"[q-developer-converse] Request payload: 339003 chars, 66 history messages, conversationId=sess_4a69a782-d3dc-4044-a364-73daaaa3f8ee","conversationId":"sess_4a69a782-d3dc-4044-a364-73daaaa3f8ee","turnId":"46c50202-7775-4e89-bb3d-ec6b6c0879fd","rootTurnId":"46c50202-7775-4e89-bb3d-ec6b6c0879fd"}
{"timestamp":"2026-08-11T21:02:36.470Z","level":"info","message":"fs.appendMessages.ok {\"system\":\"fs\",\"sessionId\":\"sess_4a69a782-d3dc-4044-a364-73daaaa3f8ee\",\"messageCount\":2,\"durationMs\":31}","conversationId":"sess_4a69a782-d3dc-4044-a364-73daaaa3f8ee","turnId":"46c50202-7775-4e89-bb3d-ec6b6c0879fd","rootTurnId":"46c50202-7775-4e89-bb3d-ec6b6c0879fd"}
{"timestamp":"2026-08-11T21:02:39.784Z","level":"info","message":"[ACPEventAdapter] Execution yielded {\"executionId\":\"46c50202-7775-4e89-bb3d-ec6b6c0879fd\"}","conversationId":"sess_4a69a782-d3dc-4044-a364-73daaaa3f8ee","turnId":"46c50202-7775-4e89-bb3d-ec6b6c0879fd","rootTurnId":"46c50202-7775-4e89-bb3d-ec6b6c0879fd"}
{"timestamp":"2026-08-11T21:02:39.785Z","level":"info","message":"acp.policy-eval.complete {\"toolId\":\"run_command\",\"effect\":\"allow\",\"capability\":\"shell\"}","conversationId":"sess_4a69a782-d3dc-4044-a364-73daaaa3f8ee","turnId":"46c50202-7775-4e89-bb3d-ec6b6c0879fd","rootTurnId":"46c50202-7775-4e89-bb3d-ec6b6c0879fd"}
{"timestamp":"2026-08-11T21:02:39.785Z","level":"info","message":"[ACPEventAdapter] Execution resumed {\"executionId\":\"46c50202-7775-4e89-bb3d-ec6b6c0879fd\"}","conversationId":"sess_4a69a782-d3dc-4044-a364-73daaaa3f8ee","turnId":"46c50202-7775-4e89-bb3d-ec6b6c0879fd","rootTurnId":"46c50202-7775-4e89-bb3d-ec6b6c0879fd"}
{"timestamp":"2026-08-11T21:02:39.805Z","level":"info","message":"model.invoke.start","conversationId":"sess_4a69a782-d3dc-4044-a364-73daaaa3f8ee","turnId":"46c50202-7775-4e89-bb3d-ec6b6c0879fd","rootTurnId":"46c50202-7775-4e89-bb3d-ec6b6c0879fd"}
{"timestamp":"2026-08-11T21:02:39.805Z","level":"info","message":"[Steering] Populating steering for execution 46c50202-7775-4e89-bb3d-ec6b6c0879fd","conversationId":"sess_4a69a782-d3dc-4044-a364-73daaaa3f8ee","turnId":"46c50202-7775-4e89-bb3d-ec6b6c0879fd","rootTurnId":"46c50202-7775-4e89-bb3d-ec6b6c0879fd"}
{"timestamp":"2026-08-11T21:02:39.806Z","level":"info","message":"[Steering] ExistingFiles: /home/nizar/HomeWspce/kiro-configs/settings/servers.yaml, /home/nizar/HomeWspce/kiro-multiagent/settings/cli.json, /home/nizar/HomeWspce/kiro-multiagent/agents/pilot.json in 46c50202-7775-4e89-bb3d-ec6b6c0879fd","conversationId":"sess_4a69a782-d3dc-4044-a364-73daaaa3f8ee","turnId":"46c50202-7775-4e89-bb3d-ec6b6c0879fd","rootTurnId":"46c50202-7775-4e89-bb3d-ec6b6c0879fd"}
{"timestamp":"2026-08-11T21:02:39.808Z","level":"info","message":"fs.appendMessages.ok {\"system\":\"fs\",\"sessionId\":\"sess_4a69a782-d3dc-4044-a364-73daaaa3f8ee\",\"messageCount\":1,\"durationMs\":17}","conversationId":"sess_4a69a782-d3dc-4044-a364-73daaaa3f8ee","turnId":"46c50202-7775-4e89-bb3d-ec6b6c0879fd","rootTurnId":"46c50202-7775-4e89-bb3d-ec6b6c0879fd"}
{"timestamp":"2026-08-11T21:02:39.818Z","level":"info","message":"[q-developer-converse] Sending GenerateAssistantResponse modelId=auto agentMode=custom origin=KIRO_CLI streaming=true conversationId=sess_4a69a782-d3dc-4044-a364-73daaaa3f8ee","conversationId":"sess_4a69a782-d3dc-4044-a364-73daaaa3f8ee","turnId":"46c50202-7775-4e89-bb3d-ec6b6c0879fd","rootTurnId":"46c50202-7775-4e89-bb3d-ec6b6c0879fd"}
{"timestamp":"2026-08-11T21:02:39.821Z","level":"info","message":"[q-developer-converse] Request payload: 340666 chars, 68 history messages, conversationId=sess_4a69a782-d3dc-4044-a364-73daaaa3f8ee","conversationId":"sess_4a69a782-d3dc-4044-a364-73daaaa3f8ee","turnId":"46c50202-7775-4e89-bb3d-ec6b6c0879fd","rootTurnId":"46c50202-7775-4e89-bb3d-ec6b6c0879fd"}
{"timestamp":"2026-08-11T21:02:39.837Z","level":"info","message":"fs.appendMessages.ok {\"system\":\"fs\",\"sessionId\":\"sess_4a69a782-d3dc-4044-a364-73daaaa3f8ee\",\"messageCount\":2,\"durationMs\":28}","conversationId":"sess_4a69a782-d3dc-4044-a364-73daaaa3f8ee","turnId":"46c50202-7775-4e89-bb3d-ec6b6c0879fd","rootTurnId":"46c50202-7775-4e89-bb3d-ec6b6c0879fd"}
{"timestamp":"2026-08-11T21:02:48.220Z","level":"info","message":"[ACPEventAdapter] Execution yielded {\"executionId\":\"46c50202-7775-4e89-bb3d-ec6b6c0879fd\"}","conversationId":"sess_4a69a782-d3dc-4044-a364-73daaaa3f8ee","turnId":"46c50202-7775-4e89-bb3d-ec6b6c0879fd","rootTurnId":"46c50202-7775-4e89-bb3d-ec6b6c0879fd"}
{"timestamp":"2026-08-11T21:02:48.221Z","level":"info","message":"acp.policy-eval.complete {\"toolId\":\"run_command\",\"effect\":\"allow\",\"capability\":\"shell\"}","conversationId":"sess_4a69a782-d3dc-4044-a364-73daaaa3f8ee","turnId":"46c50202-7775-4e89-bb3d-ec6b6c0879fd","rootTurnId":"46c50202-7775-4e89-bb3d-ec6b6c0879fd"}
{"timestamp":"2026-08-11T21:02:48.222Z","level":"info","message":"[ACPEventAdapter] Execution resumed {\"executionId\":\"46c50202-7775-4e89-bb3d-ec6b6c0879fd\"}","conversationId":"sess_4a69a782-d3dc-4044-a364-73daaaa3f8ee","turnId":"46c50202-7775-4e89-bb3d-ec6b6c0879fd","rootTurnId":"46c50202-7775-4e89-bb3d-ec6b6c0879fd"}
{"timestamp":"2026-08-11T21:02:48.238Z","level":"info","message":"fs.appendMessages.ok {\"system\":\"fs\",\"sessionId\":\"sess_4a69a782-d3dc-4044-a364-73daaaa3f8ee\",\"messageCount\":1,\"durationMs\":10}","conversationId":"sess_4a69a782-d3dc-4044-a364-73daaaa3f8ee","turnId":"46c50202-7775-4e89-bb3d-ec6b6c0879fd","rootTurnId":"46c50202-7775-4e89-bb3d-ec6b6c0879fd"}
{"timestamp":"2026-08-11T21:02:48.251Z","level":"info","message":"model.invoke.start","conversationId":"sess_4a69a782-d3dc-4044-a364-73daaaa3f8ee","turnId":"46c50202-7775-4e89-bb3d-ec6b6c0879fd","rootTurnId":"46c50202-7775-4e89-bb3d-ec6b6c0879fd"}
{"timestamp":"2026-08-11T21:02:48.251Z","level":"info","message":"[Steering] Populating steering for execution 46c50202-7775-4e89-bb3d-ec6b6c0879fd","conversationId":"sess_4a69a782-d3dc-4044-a364-73daaaa3f8ee","turnId":"46c50202-7775-4e89-bb3d-ec6b6c0879fd","rootTurnId":"46c50202-7775-4e89-bb3d-ec6b6c0879fd"}
{"timestamp":"2026-08-11T21:02:48.252Z","level":"info","message":"[Steering] ExistingFiles: /home/nizar/HomeWspce/kiro-configs/settings/servers.yaml, /home/nizar/HomeWspce/kiro-multiagent/settings/cli.json, /home/nizar/HomeWspce/kiro-multiagent/agents/pilot.json in 46c50202-7775-4e89-bb3d-ec6b6c0879fd","conversationId":"sess_4a69a782-d3dc-4044-a364-73daaaa3f8ee","turnId":"46c50202-7775-4e89-bb3d-ec6b6c0879fd","rootTurnId":"46c50202-7775-4e89-bb3d-ec6b6c0879fd"}
{"timestamp":"2026-08-11T21:02:48.265Z","level":"info","message":"[q-developer-converse] Sending GenerateAssistantResponse modelId=auto agentMode=custom origin=KIRO_CLI streaming=true conversationId=sess_4a69a782-d3dc-4044-a364-73daaaa3f8ee","conversationId":"sess_4a69a782-d3dc-4044-a364-73daaaa3f8ee","turnId":"46c50202-7775-4e89-bb3d-ec6b6c0879fd","rootTurnId":"46c50202-7775-4e89-bb3d-ec6b6c0879fd"}
{"timestamp":"2026-08-11T21:02:48.266Z","level":"info","message":"[q-developer-converse] Request payload: 341862 chars, 70 history messages, conversationId=sess_4a69a782-d3dc-4044-a364-73daaaa3f8ee","conversationId":"sess_4a69a782-d3dc-4044-a364-73daaaa3f8ee","turnId":"46c50202-7775-4e89-bb3d-ec6b6c0879fd","rootTurnId":"46c50202-7775-4e89-bb3d-ec6b6c0879fd"}
{"timestamp":"2026-08-11T21:02:48.277Z","level":"info","message":"fs.appendMessages.ok {\"system\":\"fs\",\"sessionId\":\"sess_4a69a782-d3dc-4044-a364-73daaaa3f8ee\",\"messageCount\":2,\"durationMs\":33}","conversationId":"sess_4a69a782-d3dc-4044-a364-73daaaa3f8ee","turnId":"46c50202-7775-4e89-bb3d-ec6b6c0879fd","rootTurnId":"46c50202-7775-4e89-bb3d-ec6b6c0879fd"}
{"timestamp":"2026-08-11T21:02:51.440Z","level":"info","message":"[ACPEventAdapter] Execution yielded {\"executionId\":\"46c50202-7775-4e89-bb3d-ec6b6c0879fd\"}","conversationId":"sess_4a69a782-d3dc-4044-a364-73daaaa3f8ee","turnId":"46c50202-7775-4e89-bb3d-ec6b6c0879fd","rootTurnId":"46c50202-7775-4e89-bb3d-ec6b6c0879fd"}
{"timestamp":"2026-08-11T21:02:51.442Z","level":"info","message":"acp.policy-eval.complete {\"toolId\":\"run_command\",\"effect\":\"allow\",\"capability\":\"shell\"}","conversationId":"sess_4a69a782-d3dc-4044-a364-73daaaa3f8ee","turnId":"46c50202-7775-4e89-bb3d-ec6b6c0879fd","rootTurnId":"46c50202-7775-4e89-bb3d-ec6b6c0879fd"}
{"timestamp":"2026-08-11T21:02:51.442Z","level":"info","message":"[ACPEventAdapter] Execution resumed {\"executionId\":\"46c50202-7775-4e89-bb3d-ec6b6c0879fd\"}","conversationId":"sess_4a69a782-d3dc-4044-a364-73daaaa3f8ee","turnId":"46c50202-7775-4e89-bb3d-ec6b6c0879fd","rootTurnId":"46c50202-7775-4e89-bb3d-ec6b6c0879fd"}
{"timestamp":"2026-08-11T21:02:51.457Z","level":"info","message":"model.invoke.start","conversationId":"sess_4a69a782-d3dc-4044-a364-73daaaa3f8ee","turnId":"46c50202-7775-4e89-bb3d-ec6b6c0879fd","rootTurnId":"46c50202-7775-4e89-bb3d-ec6b6c0879fd"}
{"timestamp":"2026-08-11T21:02:51.458Z","level":"info","message":"[Steering] Populating steering for execution 46c50202-7775-4e89-bb3d-ec6b6c0879fd","conversationId":"sess_4a69a782-d3dc-4044-a364-73daaaa3f8ee","turnId":"46c50202-7775-4e89-bb3d-ec6b6c0879fd","rootTurnId":"46c50202-7775-4e89-bb3d-ec6b6c0879fd"}
{"timestamp":"2026-08-11T21:02:51.458Z","level":"info","message":"[Steering] ExistingFiles: /home/nizar/HomeWspce/kiro-configs/settings/servers.yaml, /home/nizar/HomeWspce/kiro-multiagent/settings/cli.json, /home/nizar/HomeWspce/kiro-multiagent/agents/pilot.json in 46c50202-7775-4e89-bb3d-ec6b6c0879fd","conversationId":"sess_4a69a782-d3dc-4044-a364-73daaaa3f8ee","turnId":"46c50202-7775-4e89-bb3d-ec6b6c0879fd","rootTurnId":"46c50202-7775-4e89-bb3d-ec6b6c0879fd"}
{"timestamp":"2026-08-11T21:02:51.477Z","level":"info","message":"fs.appendMessages.ok {\"system\":\"fs\",\"sessionId\":\"sess_4a69a782-d3dc-4044-a364-73daaaa3f8ee\",\"messageCount\":1,\"durationMs\":27}","conversationId":"sess_4a69a782-d3dc-4044-a364-73daaaa3f8ee","turnId":"46c50202-7775-4e89-bb3d-ec6b6c0879fd","rootTurnId":"46c50202-7775-4e89-bb3d-ec6b6c0879fd"}
{"timestamp":"2026-08-11T21:02:51.486Z","level":"info","message":"[q-developer-converse] Sending GenerateAssistantResponse modelId=auto agentMode=custom origin=KIRO_CLI streaming=true conversationId=sess_4a69a782-d3dc-4044-a364-73daaaa3f8ee","conversationId":"sess_4a69a782-d3dc-4044-a364-73daaaa3f8ee","turnId":"46c50202-7775-4e89-bb3d-ec6b6c0879fd","rootTurnId":"46c50202-7775-4e89-bb3d-ec6b6c0879fd"}
{"timestamp":"2026-08-11T21:02:51.488Z","level":"info","message":"[q-developer-converse] Request payload: 342410 chars, 72 history messages, conversationId=sess_4a69a782-d3dc-4044-a364-73daaaa3f8ee","conversationId":"sess_4a69a782-d3dc-4044-a364-73daaaa3f8ee","turnId":"46c50202-7775-4e89-bb3d-ec6b6c0879fd","rootTurnId":"46c50202-7775-4e89-bb3d-ec6b6c0879fd"}
{"timestamp":"2026-08-11T21:02:51.499Z","level":"info","message":"fs.appendMessages.ok {\"system\":\"fs\",\"sessionId\":\"sess_4a69a782-d3dc-4044-a364-73daaaa3f8ee\",\"messageCount\":2,\"durationMs\":23}","conversationId":"sess_4a69a782-d3dc-4044-a364-73daaaa3f8ee","turnId":"46c50202-7775-4e89-bb3d-ec6b6c0879fd","rootTurnId":"46c50202-7775-4e89-bb3d-ec6b6c0879fd"}
{"timestamp":"2026-08-11T21:02:54.287Z","level":"info","message":"[ACPEventAdapter] Execution yielded {\"executionId\":\"46c50202-7775-4e89-bb3d-ec6b6c0879fd\"}","conversationId":"sess_4a69a782-d3dc-4044-a364-73daaaa3f8ee","turnId":"46c50202-7775-4e89-bb3d-ec6b6c0879fd","rootTurnId":"46c50202-7775-4e89-bb3d-ec6b6c0879fd"}
{"timestamp":"2026-08-11T21:02:54.288Z","level":"info","message":"acp.policy-eval.complete {\"toolId\":\"run_command\",\"effect\":\"allow\",\"capability\":\"shell\"}","conversationId":"sess_4a69a782-d3dc-4044-a364-73daaaa3f8ee","turnId":"46c50202-7775-4e89-bb3d-ec6b6c0879fd","rootTurnId":"46c50202-7775-4e89-bb3d-ec6b6c0879fd"}
{"timestamp":"2026-08-11T21:02:54.288Z","level":"info","message":"[ACPEventAdapter] Execution resumed {\"executionId\":\"46c50202-7775-4e89-bb3d-ec6b6c0879fd\"}","conversationId":"sess_4a69a782-d3dc-4044-a364-73daaaa3f8ee","turnId":"46c50202-7775-4e89-bb3d-ec6b6c0879fd","rootTurnId":"46c50202-7775-4e89-bb3d-ec6b6c0879fd"}
{"timestamp":"2026-08-11T21:02:54.302Z","level":"info","message":"model.invoke.start","conversationId":"sess_4a69a782-d3dc-4044-a364-73daaaa3f8ee","turnId":"46c50202-7775-4e89-bb3d-ec6b6c0879fd","rootTurnId":"46c50202-7775-4e89-bb3d-ec6b6c0879fd"}
{"timestamp":"2026-08-11T21:02:54.302Z","level":"info","message":"[Steering] Populating steering for execution 46c50202-7775-4e89-bb3d-ec6b6c0879fd","conversationId":"sess_4a69a782-d3dc-4044-a364-73daaaa3f8ee","turnId":"46c50202-7775-4e89-bb3d-ec6b6c0879fd","rootTurnId":"46c50202-7775-4e89-bb3d-ec6b6c0879fd"}
{"timestamp":"2026-08-11T21:02:54.302Z","level":"info","message":"[Steering] ExistingFiles: /home/nizar/HomeWspce/kiro-configs/settings/servers.yaml, /home/nizar/HomeWspce/kiro-multiagent/settings/cli.json, /home/nizar/HomeWspce/kiro-multiagent/agents/pilot.json in 46c50202-7775-4e89-bb3d-ec6b6c0879fd","conversationId":"sess_4a69a782-d3dc-4044-a364-73daaaa3f8ee","turnId":"46c50202-7775-4e89-bb3d-ec6b6c0879fd","rootTurnId":"46c50202-7775-4e89-bb3d-ec6b6c0879fd"}
{"timestamp":"2026-08-11T21:02:54.312Z","level":"info","message":"fs.appendMessages.ok {\"system\":\"fs\",\"sessionId\":\"sess_4a69a782-d3dc-4044-a364-73daaaa3f8ee\",\"messageCount\":1,\"durationMs\":18}","conversationId":"sess_4a69a782-d3dc-4044-a364-73daaaa3f8ee","turnId":"46c50202-7775-4e89-bb3d-ec6b6c0879fd","rootTurnId":"46c50202-7775-4e89-bb3d-ec6b6c0879fd"}
{"timestamp":"2026-08-11T21:02:54.321Z","level":"info","message":"[q-developer-converse] Sending GenerateAssistantResponse modelId=auto agentMode=custom origin=KIRO_CLI streaming=true conversationId=sess_4a69a782-d3dc-4044-a364-73daaaa3f8ee","conversationId":"sess_4a69a782-d3dc-4044-a364-73daaaa3f8ee","turnId":"46c50202-7775-4e89-bb3d-ec6b6c0879fd","rootTurnId":"46c50202-7775-4e89-bb3d-ec6b6c0879fd"}
{"timestamp":"2026-08-11T21:02:54.323Z","level":"info","message":"[q-developer-converse] Request payload: 343402 chars, 74 history messages, conversationId=sess_4a69a782-d3dc-4044-a364-73daaaa3f8ee","conversationId":"sess_4a69a782-d3dc-4044-a364-73daaaa3f8ee","turnId":"46c50202-7775-4e89-bb3d-ec6b6c0879fd","rootTurnId":"46c50202-7775-4e89-bb3d-ec6b6c0879fd"}
{"timestamp":"2026-08-11T21:02:54.332Z","level":"info","message":"fs.appendMessages.ok {\"system\":\"fs\",\"sessionId\":\"sess_4a69a782-d3dc-4044-a364-73daaaa3f8ee\",\"messageCount\":2,\"durationMs\":20}","conversationId":"sess_4a69a782-d3dc-4044-a364-73daaaa3f8ee","turnId":"46c50202-7775-4e89-bb3d-ec6b6c0879fd","rootTurnId":"46c50202-7775-4e89-bb3d-ec6b6c0879fd"}
{"timestamp":"2026-08-11T21:02:58.065Z","level":"info","message":"[ACPEventAdapter] Execution yielded {\"executionId\":\"46c50202-7775-4e89-bb3d-ec6b6c0879fd\"}","conversationId":"sess_4a69a782-d3dc-4044-a364-73daaaa3f8ee","turnId":"46c50202-7775-4e89-bb3d-ec6b6c0879fd","rootTurnId":"46c50202-7775-4e89-bb3d-ec6b6c0879fd"}
{"timestamp":"2026-08-11T21:02:58.066Z","level":"info","message":"acp.policy-eval.complete {\"toolId\":\"run_command\",\"effect\":\"allow\",\"capability\":\"shell\"}","conversationId":"sess_4a69a782-d3dc-4044-a364-73daaaa3f8ee","turnId":"46c50202-7775-4e89-bb3d-ec6b6c0879fd","rootTurnId":"46c50202-7775-4e89-bb3d-ec6b6c0879fd"}
{"timestamp":"2026-08-11T21:02:58.066Z","level":"info","message":"[ACPEventAdapter] Execution resumed {\"executionId\":\"46c50202-7775-4e89-bb3d-ec6b6c0879fd\"}","conversationId":"sess_4a69a782-d3dc-4044-a364-73daaaa3f8ee","turnId":"46c50202-7775-4e89-bb3d-ec6b6c0879fd","rootTurnId":"46c50202-7775-4e89-bb3d-ec6b6c0879fd"}
{"timestamp":"2026-08-11T21:02:58.096Z","level":"info","message":"fs.appendMessages.ok {\"system\":\"fs\",\"sessionId\":\"sess_4a69a782-d3dc-4044-a364-73daaaa3f8ee\",\"messageCount\":1,\"durationMs\":24}","conversationId":"sess_4a69a782-d3dc-4044-a364-73daaaa3f8ee","turnId":"46c50202-7775-4e89-bb3d-ec6b6c0879fd","rootTurnId":"46c50202-7775-4e89-bb3d-ec6b6c0879fd"}
{"timestamp":"2026-08-11T21:03:02.162Z","level":"info","message":"model.invoke.start","conversationId":"sess_4a69a782-d3dc-4044-a364-73daaaa3f8ee","turnId":"46c50202-7775-4e89-bb3d-ec6b6c0879fd","rootTurnId":"46c50202-7775-4e89-bb3d-ec6b6c0879fd"}
{"timestamp":"2026-08-11T21:03:02.162Z","level":"info","message":"[Steering] Populating steering for execution 46c50202-7775-4e89-bb3d-ec6b6c0879fd","conversationId":"sess_4a69a782-d3dc-4044-a364-73daaaa3f8ee","turnId":"46c50202-7775-4e89-bb3d-ec6b6c0879fd","rootTurnId":"46c50202-7775-4e89-bb3d-ec6b6c0879fd"}
{"timestamp":"2026-08-11T21:03:02.162Z","level":"info","message":"[Steering] ExistingFiles: /home/nizar/HomeWspce/kiro-configs/settings/servers.yaml, /home/nizar/HomeWspce/kiro-multiagent/settings/cli.json, /home/nizar/HomeWspce/kiro-multiagent/agents/pilot.json in 46c50202-7775-4e89-bb3d-ec6b6c0879fd","conversationId":"sess_4a69a782-d3dc-4044-a364-73daaaa3f8ee","turnId":"46c50202-7775-4e89-bb3d-ec6b6c0879fd","rootTurnId":"46c50202-7775-4e89-bb3d-ec6b6c0879fd"}
{"timestamp":"2026-08-11T21:03:02.175Z","level":"info","message":"[q-developer-converse] Sending GenerateAssistantResponse modelId=auto agentMode=custom origin=KIRO_CLI streaming=true conversationId=sess_4a69a782-d3dc-4044-a364-73daaaa3f8ee","conversationId":"sess_4a69a782-d3dc-4044-a364-73daaaa3f8ee","turnId":"46c50202-7775-4e89-bb3d-ec6b6c0879fd","rootTurnId":"46c50202-7775-4e89-bb3d-ec6b6c0879fd"}
{"timestamp":"2026-08-11T21:03:02.177Z","level":"info","message":"[q-developer-converse] Request payload: 344268 chars, 76 history messages, conversationId=sess_4a69a782-d3dc-4044-a364-73daaaa3f8ee","conversationId":"sess_4a69a782-d3dc-4044-a364-73daaaa3f8ee","turnId":"46c50202-7775-4e89-bb3d-ec6b6c0879fd","rootTurnId":"46c50202-7775-4e89-bb3d-ec6b6c0879fd"}
{"timestamp":"2026-08-11T21:03:02.188Z","level":"info","message":"fs.appendMessages.ok {\"system\":\"fs\",\"sessionId\":\"sess_4a69a782-d3dc-4044-a364-73daaaa3f8ee\",\"messageCount\":2,\"durationMs\":30}","conversationId":"sess_4a69a782-d3dc-4044-a364-73daaaa3f8ee","turnId":"46c50202-7775-4e89-bb3d-ec6b6c0879fd","rootTurnId":"46c50202-7775-4e89-bb3d-ec6b6c0879fd"}
{"timestamp":"2026-08-11T21:03:04.775Z","level":"info","message":"acp.policy-eval.complete {\"toolId\":\"read_file\",\"effect\":\"allow\",\"capability\":\"fs_read\"}","conversationId":"sess_4a69a782-d3dc-4044-a364-73daaaa3f8ee","turnId":"46c50202-7775-4e89-bb3d-ec6b6c0879fd","rootTurnId":"46c50202-7775-4e89-bb3d-ec6b6c0879fd"}
{"timestamp":"2026-08-11T21:03:04.780Z","level":"info","message":"fs.appendMessages.ok {\"system\":\"fs\",\"sessionId\":\"sess_4a69a782-d3dc-4044-a364-73daaaa3f8ee\",\"messageCount\":2,\"durationMs\":3}","conversationId":"sess_4a69a782-d3dc-4044-a364-73daaaa3f8ee","turnId":"46c50202-7775-4e89-bb3d-ec6b6c0879fd","rootTurnId":"46c50202-7775-4e89-bb3d-ec6b6c0879fd"}
{"timestamp":"2026-08-11T21:03:04.809Z","level":"info","message":"model.invoke.start","conversationId":"sess_4a69a782-d3dc-4044-a364-73daaaa3f8ee","turnId":"46c50202-7775-4e89-bb3d-ec6b6c0879fd","rootTurnId":"46c50202-7775-4e89-bb3d-ec6b6c0879fd"}
{"timestamp":"2026-08-11T21:03:04.810Z","level":"info","message":"[Steering] Populating steering for execution 46c50202-7775-4e89-bb3d-ec6b6c0879fd","conversationId":"sess_4a69a782-d3dc-4044-a364-73daaaa3f8ee","turnId":"46c50202-7775-4e89-bb3d-ec6b6c0879fd","rootTurnId":"46c50202-7775-4e89-bb3d-ec6b6c0879fd"}
{"timestamp":"2026-08-11T21:03:04.810Z","level":"info","message":"[Steering] ExistingFiles: /home/nizar/HomeWspce/kiro-configs/settings/servers.yaml, /home/nizar/HomeWspce/kiro-multiagent/settings/cli.json, /home/nizar/HomeWspce/kiro-multiagent/agents/pilot.json, /home/nizar/HomeWspce/kiro-configs/settings/mcp.json in 46c50202-7775-4e89-bb3d-ec6b6c0879fd","conversationId":"sess_4a69a782-d3dc-4044-a364-73daaaa3f8ee","turnId":"46c50202-7775-4e89-bb3d-ec6b6c0879fd","rootTurnId":"46c50202-7775-4e89-bb3d-ec6b6c0879fd"}
{"timestamp":"2026-08-11T21:03:04.811Z","level":"info","message":"fs.appendMessages.ok {\"system\":\"fs\",\"sessionId\":\"sess_4a69a782-d3dc-4044-a364-73daaaa3f8ee\",\"messageCount\":1,\"durationMs\":19}","conversationId":"sess_4a69a782-d3dc-4044-a364-73daaaa3f8ee","turnId":"46c50202-7775-4e89-bb3d-ec6b6c0879fd","rootTurnId":"46c50202-7775-4e89-bb3d-ec6b6c0879fd"}
{"timestamp":"2026-08-11T21:03:04.820Z","level":"info","message":"[q-developer-converse] Sending GenerateAssistantResponse modelId=auto agentMode=custom origin=KIRO_CLI streaming=true conversationId=sess_4a69a782-d3dc-4044-a364-73daaaa3f8ee","conversationId":"sess_4a69a782-d3dc-4044-a364-73daaaa3f8ee","turnId":"46c50202-7775-4e89-bb3d-ec6b6c0879fd","rootTurnId":"46c50202-7775-4e89-bb3d-ec6b6c0879fd"}
{"timestamp":"2026-08-11T21:03:04.823Z","level":"info","message":"[q-developer-converse] Request payload: 352574 chars, 78 history messages, conversationId=sess_4a69a782-d3dc-4044-a364-73daaaa3f8ee","conversationId":"sess_4a69a782-d3dc-4044-a364-73daaaa3f8ee","turnId":"46c50202-7775-4e89-bb3d-ec6b6c0879fd","rootTurnId":"46c50202-7775-4e89-bb3d-ec6b6c0879fd"}
{"timestamp":"2026-08-11T21:03:11.290Z","level":"info","message":"fs.appendMessages.ok {\"system\":\"fs\",\"sessionId\":\"sess_4a69a782-d3dc-4044-a364-73daaaa3f8ee\",\"messageCount\":1,\"durationMs\":2}","conversationId":"sess_4a69a782-d3dc-4044-a364-73daaaa3f8ee","turnId":"46c50202-7775-4e89-bb3d-ec6b6c0879fd","rootTurnId":"46c50202-7775-4e89-bb3d-ec6b6c0879fd"}
{"timestamp":"2026-08-11T21:03:11.631Z","level":"info","message":"[ACPEventAdapter] Execution yielded {\"executionId\":\"46c50202-7775-4e89-bb3d-ec6b6c0879fd\"}","conversationId":"sess_4a69a782-d3dc-4044-a364-73daaaa3f8ee","turnId":"46c50202-7775-4e89-bb3d-ec6b6c0879fd","rootTurnId":"46c50202-7775-4e89-bb3d-ec6b6c0879fd"}
{"timestamp":"2026-08-11T21:03:11.632Z","level":"info","message":"acp.policy-eval.complete {\"toolId\":\"run_command\",\"effect\":\"allow\",\"capability\":\"shell\"}","conversationId":"sess_4a69a782-d3dc-4044-a364-73daaaa3f8ee","turnId":"46c50202-7775-4e89-bb3d-ec6b6c0879fd","rootTurnId":"46c50202-7775-4e89-bb3d-ec6b6c0879fd"}
{"timestamp":"2026-08-11T21:03:11.632Z","level":"info","message":"[ACPEventAdapter] Execution resumed {\"executionId\":\"46c50202-7775-4e89-bb3d-ec6b6c0879fd\"}","conversationId":"sess_4a69a782-d3dc-4044-a364-73daaaa3f8ee","turnId":"46c50202-7775-4e89-bb3d-ec6b6c0879fd","rootTurnId":"46c50202-7775-4e89-bb3d-ec6b6c0879fd"}
{"timestamp":"2026-08-11T21:03:11.647Z","level":"info","message":"fs.appendMessages.ok {\"system\":\"fs\",\"sessionId\":\"sess_4a69a782-d3dc-4044-a364-73daaaa3f8ee\",\"messageCount\":1,\"durationMs\":7}","conversationId":"sess_4a69a782-d3dc-4044-a364-73daaaa3f8ee","turnId":"46c50202-7775-4e89-bb3d-ec6b6c0879fd","rootTurnId":"46c50202-7775-4e89-bb3d-ec6b6c0879fd"}
{"timestamp":"2026-08-11T21:03:12.670Z","level":"info","message":"model.invoke.start","conversationId":"sess_4a69a782-d3dc-4044-a364-73daaaa3f8ee","turnId":"46c50202-7775-4e89-bb3d-ec6b6c0879fd","rootTurnId":"46c50202-7775-4e89-bb3d-ec6b6c0879fd"}
{"timestamp":"2026-08-11T21:03:12.670Z","level":"info","message":"[Steering] Populating steering for execution 46c50202-7775-4e89-bb3d-ec6b6c0879fd","conversationId":"sess_4a69a782-d3dc-4044-a364-73daaaa3f8ee","turnId":"46c50202-7775-4e89-bb3d-ec6b6c0879fd","rootTurnId":"46c50202-7775-4e89-bb3d-ec6b6c0879fd"}
{"timestamp":"2026-08-11T21:03:12.670Z","level":"info","message":"[Steering] ExistingFiles: /home/nizar/HomeWspce/kiro-configs/settings/servers.yaml, /home/nizar/HomeWspce/kiro-multiagent/settings/cli.json, /home/nizar/HomeWspce/kiro-multiagent/agents/pilot.json, /home/nizar/HomeWspce/kiro-configs/settings/mcp.json in 46c50202-7775-4e89-bb3d-ec6b6c0879fd","conversationId":"sess_4a69a782-d3dc-4044-a364-73daaaa3f8ee","turnId":"46c50202-7775-4e89-bb3d-ec6b6c0879fd","rootTurnId":"46c50202-7775-4e89-bb3d-ec6b6c0879fd"}
{"timestamp":"2026-08-11T21:03:12.683Z","level":"info","message":"[q-developer-converse] Sending GenerateAssistantResponse modelId=auto agentMode=custom origin=KIRO_CLI streaming=true conversationId=sess_4a69a782-d3dc-4044-a364-73daaaa3f8ee","conversationId":"sess_4a69a782-d3dc-4044-a364-73daaaa3f8ee","turnId":"46c50202-7775-4e89-bb3d-ec6b6c0879fd","rootTurnId":"46c50202-7775-4e89-bb3d-ec6b6c0879fd"}
{"timestamp":"2026-08-11T21:03:12.685Z","level":"info","message":"[q-developer-converse] Request payload: 354101 chars, 80 history messages, conversationId=sess_4a69a782-d3dc-4044-a364-73daaaa3f8ee","conversationId":"sess_4a69a782-d3dc-4044-a364-73daaaa3f8ee","turnId":"46c50202-7775-4e89-bb3d-ec6b6c0879fd","rootTurnId":"46c50202-7775-4e89-bb3d-ec6b6c0879fd"}
{"timestamp":"2026-08-11T21:03:12.697Z","level":"info","message":"fs.appendMessages.ok {\"system\":\"fs\",\"sessionId\":\"sess_4a69a782-d3dc-4044-a364-73daaaa3f8ee\",\"messageCount\":2,\"durationMs\":32}","conversationId":"sess_4a69a782-d3dc-4044-a364-73daaaa3f8ee","turnId":"46c50202-7775-4e89-bb3d-ec6b6c0879fd","rootTurnId":"46c50202-7775-4e89-bb3d-ec6b6c0879fd"}
{"timestamp":"2026-08-11T21:03:17.351Z","level":"info","message":"fs.appendMessages.ok {\"system\":\"fs\",\"sessionId\":\"sess_4a69a782-d3dc-4044-a364-73daaaa3f8ee\",\"messageCount\":1,\"durationMs\":3}","conversationId":"sess_4a69a782-d3dc-4044-a364-73daaaa3f8ee","turnId":"46c50202-7775-4e89-bb3d-ec6b6c0879fd","rootTurnId":"46c50202-7775-4e89-bb3d-ec6b6c0879fd"}
{"timestamp":"2026-08-11T21:03:18.258Z","level":"info","message":"[ACPEventAdapter] Execution yielded {\"executionId\":\"46c50202-7775-4e89-bb3d-ec6b6c0879fd\"}","conversationId":"sess_4a69a782-d3dc-4044-a364-73daaaa3f8ee","turnId":"46c50202-7775-4e89-bb3d-ec6b6c0879fd","rootTurnId":"46c50202-7775-4e89-bb3d-ec6b6c0879fd"}
{"timestamp":"2026-08-11T21:03:18.259Z","level":"info","message":"acp.policy-eval.complete {\"toolId\":\"run_command\",\"effect\":\"allow\",\"capability\":\"shell\"}","conversationId":"sess_4a69a782-d3dc-4044-a364-73daaaa3f8ee","turnId":"46c50202-7775-4e89-bb3d-ec6b6c0879fd","rootTurnId":"46c50202-7775-4e89-bb3d-ec6b6c0879fd"}
{"timestamp":"2026-08-11T21:03:18.259Z","level":"info","message":"[ACPEventAdapter] Execution resumed {\"executionId\":\"46c50202-7775-4e89-bb3d-ec6b6c0879fd\"}","conversationId":"sess_4a69a782-d3dc-4044-a364-73daaaa3f8ee","turnId":"46c50202-7775-4e89-bb3d-ec6b6c0879fd","rootTurnId":"46c50202-7775-4e89-bb3d-ec6b6c0879fd"}
{"timestamp":"2026-08-11T21:03:18.277Z","level":"info","message":"fs.appendMessages.ok {\"system\":\"fs\",\"sessionId\":\"sess_4a69a782-d3dc-4044-a364-73daaaa3f8ee\",\"messageCount\":1,\"durationMs\":12}","conversationId":"sess_4a69a782-d3dc-4044-a364-73daaaa3f8ee","turnId":"46c50202-7775-4e89-bb3d-ec6b6c0879fd","rootTurnId":"46c50202-7775-4e89-bb3d-ec6b6c0879fd"}
{"timestamp":"2026-08-11T21:03:20.020Z","level":"info","message":"model.invoke.start","conversationId":"sess_4a69a782-d3dc-4044-a364-73daaaa3f8ee","turnId":"46c50202-7775-4e89-bb3d-ec6b6c0879fd","rootTurnId":"46c50202-7775-4e89-bb3d-ec6b6c0879fd"}
{"timestamp":"2026-08-11T21:03:20.020Z","level":"info","message":"[Steering] Populating steering for execution 46c50202-7775-4e89-bb3d-ec6b6c0879fd","conversationId":"sess_4a69a782-d3dc-4044-a364-73daaaa3f8ee","turnId":"46c50202-7775-4e89-bb3d-ec6b6c0879fd","rootTurnId":"46c50202-7775-4e89-bb3d-ec6b6c0879fd"}
{"timestamp":"2026-08-11T21:03:20.020Z","level":"info","message":"[Steering] ExistingFiles: /home/nizar/HomeWspce/kiro-configs/settings/servers.yaml, /home/nizar/HomeWspce/kiro-multiagent/settings/cli.json, /home/nizar/HomeWspce/kiro-multiagent/agents/pilot.json, /home/nizar/HomeWspce/kiro-configs/settings/mcp.json in 46c50202-7775-4e89-bb3d-ec6b6c0879fd","conversationId":"sess_4a69a782-d3dc-4044-a364-73daaaa3f8ee","turnId":"46c50202-7775-4e89-bb3d-ec6b6c0879fd","rootTurnId":"46c50202-7775-4e89-bb3d-ec6b6c0879fd"}
{"timestamp":"2026-08-11T21:03:20.033Z","level":"info","message":"[q-developer-converse] Sending GenerateAssistantResponse modelId=auto agentMode=custom origin=KIRO_CLI streaming=true conversationId=sess_4a69a782-d3dc-4044-a364-73daaaa3f8ee","conversationId":"sess_4a69a782-d3dc-4044-a364-73daaaa3f8ee","turnId":"46c50202-7775-4e89-bb3d-ec6b6c0879fd","rootTurnId":"46c50202-7775-4e89-bb3d-ec6b6c0879fd"}
{"timestamp":"2026-08-11T21:03:20.035Z","level":"info","message":"[q-developer-converse] Request payload: 356023 chars, 82 history messages, conversationId=sess_4a69a782-d3dc-4044-a364-73daaaa3f8ee","conversationId":"sess_4a69a782-d3dc-4044-a364-73daaaa3f8ee","turnId":"46c50202-7775-4e89-bb3d-ec6b6c0879fd","rootTurnId":"46c50202-7775-4e89-bb3d-ec6b6c0879fd"}
{"timestamp":"2026-08-11T21:03:20.044Z","level":"info","message":"fs.appendMessages.ok {\"system\":\"fs\",\"sessionId\":\"sess_4a69a782-d3dc-4044-a364-73daaaa3f8ee\",\"messageCount\":2,\"durationMs\":29}","conversationId":"sess_4a69a782-d3dc-4044-a364-73daaaa3f8ee","turnId":"46c50202-7775-4e89-bb3d-ec6b6c0879fd","rootTurnId":"46c50202-7775-4e89-bb3d-ec6b6c0879fd"}
{"timestamp":"2026-08-11T21:03:23.426Z","level":"info","message":"fs.appendMessages.ok {\"system\":\"fs\",\"sessionId\":\"sess_4a69a782-d3dc-4044-a364-73daaaa3f8ee\",\"messageCount\":1,\"durationMs\":2}","conversationId":"sess_4a69a782-d3dc-4044-a364-73daaaa3f8ee","turnId":"46c50202-7775-4e89-bb3d-ec6b6c0879fd","rootTurnId":"46c50202-7775-4e89-bb3d-ec6b6c0879fd"}
{"timestamp":"2026-08-11T21:03:24.597Z","level":"info","message":"[ACPEventAdapter] Execution yielded {\"executionId\":\"46c50202-7775-4e89-bb3d-ec6b6c0879fd\"}","conversationId":"sess_4a69a782-d3dc-4044-a364-73daaaa3f8ee","turnId":"46c50202-7775-4e89-bb3d-ec6b6c0879fd","rootTurnId":"46c50202-7775-4e89-bb3d-ec6b6c0879fd"}
{"timestamp":"2026-08-11T21:03:24.598Z","level":"info","message":"acp.policy-eval.complete {\"toolId\":\"run_command\",\"effect\":\"allow\",\"capability\":\"shell\"}","conversationId":"sess_4a69a782-d3dc-4044-a364-73daaaa3f8ee","turnId":"46c50202-7775-4e89-bb3d-ec6b6c0879fd","rootTurnId":"46c50202-7775-4e89-bb3d-ec6b6c0879fd"}
{"timestamp":"2026-08-11T21:03:24.598Z","level":"info","message":"[ACPEventAdapter] Execution resumed {\"executionId\":\"46c50202-7775-4e89-bb3d-ec6b6c0879fd\"}","conversationId":"sess_4a69a782-d3dc-4044-a364-73daaaa3f8ee","turnId":"46c50202-7775-4e89-bb3d-ec6b6c0879fd","rootTurnId":"46c50202-7775-4e89-bb3d-ec6b6c0879fd"}
{"timestamp":"2026-08-11T21:03:24.616Z","level":"info","message":"fs.appendMessages.ok {\"system\":\"fs\",\"sessionId\":\"sess_4a69a782-d3dc-4044-a364-73daaaa3f8ee\",\"messageCount\":1,\"durationMs\":13}","conversationId":"sess_4a69a782-d3dc-4044-a364-73daaaa3f8ee","turnId":"46c50202-7775-4e89-bb3d-ec6b6c0879fd","rootTurnId":"46c50202-7775-4e89-bb3d-ec6b6c0879fd"}
{"timestamp":"2026-08-11T21:03:27.627Z","level":"info","message":"model.invoke.start","conversationId":"sess_4a69a782-d3dc-4044-a364-73daaaa3f8ee","turnId":"46c50202-7775-4e89-bb3d-ec6b6c0879fd","rootTurnId":"46c50202-7775-4e89-bb3d-ec6b6c0879fd"}
{"timestamp":"2026-08-11T21:03:27.627Z","level":"info","message":"[Steering] Populating steering for execution 46c50202-7775-4e89-bb3d-ec6b6c0879fd","conversationId":"sess_4a69a782-d3dc-4044-a364-73daaaa3f8ee","turnId":"46c50202-7775-4e89-bb3d-ec6b6c0879fd","rootTurnId":"46c50202-7775-4e89-bb3d-ec6b6c0879fd"}
{"timestamp":"2026-08-11T21:03:27.627Z","level":"info","message":"[Steering] ExistingFiles: /home/nizar/HomeWspce/kiro-configs/settings/servers.yaml, /home/nizar/HomeWspce/kiro-multiagent/settings/cli.json, /home/nizar/HomeWspce/kiro-multiagent/agents/pilot.json, /home/nizar/HomeWspce/kiro-configs/settings/mcp.json in 46c50202-7775-4e89-bb3d-ec6b6c0879fd","conversationId":"sess_4a69a782-d3dc-4044-a364-73daaaa3f8ee","turnId":"46c50202-7775-4e89-bb3d-ec6b6c0879fd","rootTurnId":"46c50202-7775-4e89-bb3d-ec6b6c0879fd"}
{"timestamp":"2026-08-11T21:03:27.640Z","level":"info","message":"[q-developer-converse] Sending GenerateAssistantResponse modelId=auto agentMode=custom origin=KIRO_CLI streaming=true conversationId=sess_4a69a782-d3dc-4044-a364-73daaaa3f8ee","conversationId":"sess_4a69a782-d3dc-4044-a364-73daaaa3f8ee","turnId":"46c50202-7775-4e89-bb3d-ec6b6c0879fd","rootTurnId":"46c50202-7775-4e89-bb3d-ec6b6c0879fd"}
{"timestamp":"2026-08-11T21:03:27.642Z","level":"info","message":"[q-developer-converse] Request payload: 357013 chars, 84 history messages, conversationId=sess_4a69a782-d3dc-4044-a364-73daaaa3f8ee","conversationId":"sess_4a69a782-d3dc-4044-a364-73daaaa3f8ee","turnId":"46c50202-7775-4e89-bb3d-ec6b6c0879fd","rootTurnId":"46c50202-7775-4e89-bb3d-ec6b6c0879fd"}
{"timestamp":"2026-08-11T21:03:27.653Z","level":"info","message":"fs.appendMessages.ok {\"system\":\"fs\",\"sessionId\":\"sess_4a69a782-d3dc-4044-a364-73daaaa3f8ee\",\"messageCount\":2,\"durationMs\":31}","conversationId":"sess_4a69a782-d3dc-4044-a364-73daaaa3f8ee","turnId":"46c50202-7775-4e89-bb3d-ec6b6c0879fd","rootTurnId":"46c50202-7775-4e89-bb3d-ec6b6c0879fd"}
{"timestamp":"2026-08-11T21:03:30.705Z","level":"info","message":"[ACPEventAdapter] Execution yielded {\"executionId\":\"46c50202-7775-4e89-bb3d-ec6b6c0879fd\"}","conversationId":"sess_4a69a782-d3dc-4044-a364-73daaaa3f8ee","turnId":"46c50202-7775-4e89-bb3d-ec6b6c0879fd","rootTurnId":"46c50202-7775-4e89-bb3d-ec6b6c0879fd"}
{"timestamp":"2026-08-11T21:03:30.706Z","level":"info","message":"acp.policy-eval.complete {\"toolId\":\"run_command\",\"effect\":\"allow\",\"capability\":\"shell\"}","conversationId":"sess_4a69a782-d3dc-4044-a364-73daaaa3f8ee","turnId":"46c50202-7775-4e89-bb3d-ec6b6c0879fd","rootTurnId":"46c50202-7775-4e89-bb3d-ec6b6c0879fd"}
{"timestamp":"2026-08-11T21:03:30.706Z","level":"info","message":"[ACPEventAdapter] Execution resumed {\"executionId\":\"46c50202-7775-4e89-bb3d-ec6b6c0879fd\"}","conversationId":"sess_4a69a782-d3dc-4044-a364-73daaaa3f8ee","turnId":"46c50202-7775-4e89-bb3d-ec6b6c0879fd","rootTurnId":"46c50202-7775-4e89-bb3d-ec6b6c0879fd"}
{"timestamp":"2026-08-11T21:03:30.719Z","level":"info","message":"fs.appendMessages.ok {\"system\":\"fs\",\"sessionId\":\"sess_4a69a782-d3dc-4044-a364-73daaaa3f8ee\",\"messageCount\":1,\"durationMs\":8}","conversationId":"sess_4a69a782-d3dc-4044-a364-73daaaa3f8ee","turnId":"46c50202-7775-4e89-bb3d-ec6b6c0879fd","rootTurnId":"46c50202-7775-4e89-bb3d-ec6b6c0879fd"}
{"timestamp":"2026-08-11T21:03:31.355Z","level":"info","message":"model.invoke.start","conversationId":"sess_4a69a782-d3dc-4044-a364-73daaaa3f8ee","turnId":"46c50202-7775-4e89-bb3d-ec6b6c0879fd","rootTurnId":"46c50202-7775-4e89-bb3d-ec6b6c0879fd"}
{"timestamp":"2026-08-11T21:03:31.355Z","level":"info","message":"[Steering] Populating steering for execution 46c50202-7775-4e89-bb3d-ec6b6c0879fd","conversationId":"sess_4a69a782-d3dc-4044-a364-73daaaa3f8ee","turnId":"46c50202-7775-4e89-bb3d-ec6b6c0879fd","rootTurnId":"46c50202-7775-4e89-bb3d-ec6b6c0879fd"}
{"timestamp":"2026-08-11T21:03:31.355Z","level":"info","message":"[Steering] ExistingFiles: /home/nizar/HomeWspce/kiro-configs/settings/servers.yaml, /home/nizar/HomeWspce/kiro-multiagent/settings/cli.json, /home/nizar/HomeWspce/kiro-multiagent/agents/pilot.json, /home/nizar/HomeWspce/kiro-configs/settings/mcp.json in 46c50202-7775-4e89-bb3d-ec6b6c0879fd","conversationId":"sess_4a69a782-d3dc-4044-a364-73daaaa3f8ee","turnId":"46c50202-7775-4e89-bb3d-ec6b6c0879fd","rootTurnId":"46c50202-7775-4e89-bb3d-ec6b6c0879fd"}
{"timestamp":"2026-08-11T21:03:31.367Z","level":"info","message":"[q-developer-converse] Sending GenerateAssistantResponse modelId=auto agentMode=custom origin=KIRO_CLI streaming=true conversationId=sess_4a69a782-d3dc-4044-a364-73daaaa3f8ee","conversationId":"sess_4a69a782-d3dc-4044-a364-73daaaa3f8ee","turnId":"46c50202-7775-4e89-bb3d-ec6b6c0879fd","rootTurnId":"46c50202-7775-4e89-bb3d-ec6b6c0879fd"}
{"timestamp":"2026-08-11T21:03:31.368Z","level":"info","message":"[q-developer-converse] Request payload: 357719 chars, 86 history messages, conversationId=sess_4a69a782-d3dc-4044-a364-73daaaa3f8ee","conversationId":"sess_4a69a782-d3dc-4044-a364-73daaaa3f8ee","turnId":"46c50202-7775-4e89-bb3d-ec6b6c0879fd","rootTurnId":"46c50202-7775-4e89-bb3d-ec6b6c0879fd"}
{"timestamp":"2026-08-11T21:03:31.380Z","level":"info","message":"fs.appendMessages.ok {\"system\":\"fs\",\"sessionId\":\"sess_4a69a782-d3dc-4044-a364-73daaaa3f8ee\",\"messageCount\":2,\"durationMs\":30}","conversationId":"sess_4a69a782-d3dc-4044-a364-73daaaa3f8ee","turnId":"46c50202-7775-4e89-bb3d-ec6b6c0879fd","rootTurnId":"46c50202-7775-4e89-bb3d-ec6b6c0879fd"}
{"timestamp":"2026-08-11T21:03:34.125Z","level":"info","message":"[ACPEventAdapter] Execution yielded {\"executionId\":\"46c50202-7775-4e89-bb3d-ec6b6c0879fd\"}","conversationId":"sess_4a69a782-d3dc-4044-a364-73daaaa3f8ee","turnId":"46c50202-7775-4e89-bb3d-ec6b6c0879fd","rootTurnId":"46c50202-7775-4e89-bb3d-ec6b6c0879fd"}
{"timestamp":"2026-08-11T21:03:34.126Z","level":"info","message":"acp.policy-eval.complete {\"toolId\":\"run_command\",\"effect\":\"allow\",\"capability\":\"shell\"}","conversationId":"sess_4a69a782-d3dc-4044-a364-73daaaa3f8ee","turnId":"46c50202-7775-4e89-bb3d-ec6b6c0879fd","rootTurnId":"46c50202-7775-4e89-bb3d-ec6b6c0879fd"}
{"timestamp":"2026-08-11T21:03:34.126Z","level":"info","message":"[ACPEventAdapter] Execution resumed {\"executionId\":\"46c50202-7775-4e89-bb3d-ec6b6c0879fd\"}","conversationId":"sess_4a69a782-d3dc-4044-a364-73daaaa3f8ee","turnId":"46c50202-7775-4e89-bb3d-ec6b6c0879fd","rootTurnId":"46c50202-7775-4e89-bb3d-ec6b6c0879fd"}
{"timestamp":"2026-08-11T21:03:34.142Z","level":"info","message":"fs.appendMessages.ok {\"system\":\"fs\",\"sessionId\":\"sess_4a69a782-d3dc-4044-a364-73daaaa3f8ee\",\"messageCount\":1,\"durationMs\":9}","conversationId":"sess_4a69a782-d3dc-4044-a364-73daaaa3f8ee","turnId":"46c50202-7775-4e89-bb3d-ec6b6c0879fd","rootTurnId":"46c50202-7775-4e89-bb3d-ec6b6c0879fd"}
{"timestamp":"2026-08-11T21:03:35.022Z","level":"info","message":"model.invoke.start","conversationId":"sess_4a69a782-d3dc-4044-a364-73daaaa3f8ee","turnId":"46c50202-7775-4e89-bb3d-ec6b6c0879fd","rootTurnId":"46c50202-7775-4e89-bb3d-ec6b6c0879fd"}
{"timestamp":"2026-08-11T21:03:35.022Z","level":"info","message":"[Steering] Populating steering for execution 46c50202-7775-4e89-bb3d-ec6b6c0879fd","conversationId":"sess_4a69a782-d3dc-4044-a364-73daaaa3f8ee","turnId":"46c50202-7775-4e89-bb3d-ec6b6c0879fd","rootTurnId":"46c50202-7775-4e89-bb3d-ec6b6c0879fd"}
{"timestamp":"2026-08-11T21:03:35.022Z","level":"info","message":"[Steering] ExistingFiles: /home/nizar/HomeWspce/kiro-configs/settings/servers.yaml, /home/nizar/HomeWspce/kiro-multiagent/settings/cli.json, /home/nizar/HomeWspce/kiro-multiagent/agents/pilot.json, /home/nizar/HomeWspce/kiro-configs/settings/mcp.json in 46c50202-7775-4e89-bb3d-ec6b6c0879fd","conversationId":"sess_4a69a782-d3dc-4044-a364-73daaaa3f8ee","turnId":"46c50202-7775-4e89-bb3d-ec6b6c0879fd","rootTurnId":"46c50202-7775-4e89-bb3d-ec6b6c0879fd"}
{"timestamp":"2026-08-11T21:03:35.037Z","level":"info","message":"[q-developer-converse] Sending GenerateAssistantResponse modelId=auto agentMode=custom origin=KIRO_CLI streaming=true conversationId=sess_4a69a782-d3dc-4044-a364-73daaaa3f8ee","conversationId":"sess_4a69a782-d3dc-4044-a364-73daaaa3f8ee","turnId":"46c50202-7775-4e89-bb3d-ec6b6c0879fd","rootTurnId":"46c50202-7775-4e89-bb3d-ec6b6c0879fd"}
{"timestamp":"2026-08-11T21:03:35.039Z","level":"info","message":"[q-developer-converse] Request payload: 358913 chars, 88 history messages, conversationId=sess_4a69a782-d3dc-4044-a364-73daaaa3f8ee","conversationId":"sess_4a69a782-d3dc-4044-a364-73daaaa3f8ee","turnId":"46c50202-7775-4e89-bb3d-ec6b6c0879fd","rootTurnId":"46c50202-7775-4e89-bb3d-ec6b6c0879fd"}
{"timestamp":"2026-08-11T21:03:35.055Z","level":"info","message":"fs.appendMessages.ok {\"system\":\"fs\",\"sessionId\":\"sess_4a69a782-d3dc-4044-a364-73daaaa3f8ee\",\"messageCount\":2,\"durationMs\":39}","conversationId":"sess_4a69a782-d3dc-4044-a364-73daaaa3f8ee","turnId":"46c50202-7775-4e89-bb3d-ec6b6c0879fd","rootTurnId":"46c50202-7775-4e89-bb3d-ec6b6c0879fd"}
{"timestamp":"2026-08-11T21:03:38.300Z","level":"info","message":"[ACPEventAdapter] Execution yielded {\"executionId\":\"46c50202-7775-4e89-bb3d-ec6b6c0879fd\"}","conversationId":"sess_4a69a782-d3dc-4044-a364-73daaaa3f8ee","turnId":"46c50202-7775-4e89-bb3d-ec6b6c0879fd","rootTurnId":"46c50202-7775-4e89-bb3d-ec6b6c0879fd"}
{"timestamp":"2026-08-11T21:03:38.302Z","level":"info","message":"acp.policy-eval.complete {\"toolId\":\"run_command\",\"effect\":\"allow\",\"capability\":\"shell\"}","conversationId":"sess_4a69a782-d3dc-4044-a364-73daaaa3f8ee","turnId":"46c50202-7775-4e89-bb3d-ec6b6c0879fd","rootTurnId":"46c50202-7775-4e89-bb3d-ec6b6c0879fd"}
{"timestamp":"2026-08-11T21:03:38.302Z","level":"info","message":"[ACPEventAdapter] Execution resumed {\"executionId\":\"46c50202-7775-4e89-bb3d-ec6b6c0879fd\"}","conversationId":"sess_4a69a782-d3dc-4044-a364-73daaaa3f8ee","turnId":"46c50202-7775-4e89-bb3d-ec6b6c0879fd","rootTurnId":"46c50202-7775-4e89-bb3d-ec6b6c0879fd"}
{"timestamp":"2026-08-11T21:03:38.317Z","level":"info","message":"fs.appendMessages.ok {\"system\":\"fs\",\"sessionId\":\"sess_4a69a782-d3dc-4044-a364-73daaaa3f8ee\",\"messageCount\":1,\"durationMs\":9}","conversationId":"sess_4a69a782-d3dc-4044-a364-73daaaa3f8ee","turnId":"46c50202-7775-4e89-bb3d-ec6b6c0879fd","rootTurnId":"46c50202-7775-4e89-bb3d-ec6b6c0879fd"}
{"timestamp":"2026-08-11T21:03:39.646Z","level":"info","message":"model.invoke.start","conversationId":"sess_4a69a782-d3dc-4044-a364-73daaaa3f8ee","turnId":"46c50202-7775-4e89-bb3d-ec6b6c0879fd","rootTurnId":"46c50202-7775-4e89-bb3d-ec6b6c0879fd"}
{"timestamp":"2026-08-11T21:03:39.646Z","level":"info","message":"[Steering] Populating steering for execution 46c50202-7775-4e89-bb3d-ec6b6c0879fd","conversationId":"sess_4a69a782-d3dc-4044-a364-73daaaa3f8ee","turnId":"46c50202-7775-4e89-bb3d-ec6b6c0879fd","rootTurnId":"46c50202-7775-4e89-bb3d-ec6b6c0879fd"}
{"timestamp":"2026-08-11T21:03:39.646Z","level":"info","message":"[Steering] ExistingFiles: /home/nizar/HomeWspce/kiro-configs/settings/servers.yaml, /home/nizar/HomeWspce/kiro-multiagent/settings/cli.json, /home/nizar/HomeWspce/kiro-multiagent/agents/pilot.json, /home/nizar/HomeWspce/kiro-configs/settings/mcp.json in 46c50202-7775-4e89-bb3d-ec6b6c0879fd","conversationId":"sess_4a69a782-d3dc-4044-a364-73daaaa3f8ee","turnId":"46c50202-7775-4e89-bb3d-ec6b6c0879fd","rootTurnId":"46c50202-7775-4e89-bb3d-ec6b6c0879fd"}
{"timestamp":"2026-08-11T21:03:39.663Z","level":"info","message":"[q-developer-converse] Sending GenerateAssistantResponse modelId=auto agentMode=custom origin=KIRO_CLI streaming=true conversationId=sess_4a69a782-d3dc-4044-a364-73daaaa3f8ee","conversationId":"sess_4a69a782-d3dc-4044-a364-73daaaa3f8ee","turnId":"46c50202-7775-4e89-bb3d-ec6b6c0879fd","rootTurnId":"46c50202-7775-4e89-bb3d-ec6b6c0879fd"}
{"timestamp":"2026-08-11T21:03:39.665Z","level":"info","message":"[q-developer-converse] Request payload: 359699 chars, 90 history messages, conversationId=sess_4a69a782-d3dc-4044-a364-73daaaa3f8ee","conversationId":"sess_4a69a782-d3dc-4044-a364-73daaaa3f8ee","turnId":"46c50202-7775-4e89-bb3d-ec6b6c0879fd","rootTurnId":"46c50202-7775-4e89-bb3d-ec6b6c0879fd"}
{"timestamp":"2026-08-11T21:03:39.679Z","level":"info","message":"fs.appendMessages.ok {\"system\":\"fs\",\"sessionId\":\"sess_4a69a782-d3dc-4044-a364-73daaaa3f8ee\",\"messageCount\":2,\"durationMs\":38}","conversationId":"sess_4a69a782-d3dc-4044-a364-73daaaa3f8ee","turnId":"46c50202-7775-4e89-bb3d-ec6b6c0879fd","rootTurnId":"46c50202-7775-4e89-bb3d-ec6b6c0879fd"}
{"timestamp":"2026-08-11T21:03:47.402Z","level":"info","message":"fs.appendMessages.ok {\"system\":\"fs\",\"sessionId\":\"sess_4a69a782-d3dc-4044-a364-73daaaa3f8ee\",\"messageCount\":1,\"durationMs\":2}","conversationId":"sess_4a69a782-d3dc-4044-a364-73daaaa3f8ee","turnId":"46c50202-7775-4e89-bb3d-ec6b6c0879fd","rootTurnId":"46c50202-7775-4e89-bb3d-ec6b6c0879fd"}
{"timestamp":"2026-08-11T21:03:49.132Z","level":"warn","message":"[ACPEventAdapter] Action type has no dedicated handler and is being routed as a tool call. If this is a new non-tool action, add it to DispatchedActionType. {\"actionType\":\"replace\"}","conversationId":"sess_4a69a782-d3dc-4044-a364-73daaaa3f8ee","turnId":"46c50202-7775-4e89-bb3d-ec6b6c0879fd","rootTurnId":"46c50202-7775-4e89-bb3d-ec6b6c0879fd"}
{"timestamp":"2026-08-11T21:03:49.142Z","level":"info","message":"acp.policy-eval.complete {\"toolId\":\"str_replace\",\"effect\":\"deny\",\"capability\":\"fs_write\"}","conversationId":"sess_4a69a782-d3dc-4044-a364-73daaaa3f8ee","turnId":"46c50202-7775-4e89-bb3d-ec6b6c0879fd","rootTurnId":"46c50202-7775-4e89-bb3d-ec6b6c0879fd"}
{"timestamp":"2026-08-11T21:03:49.149Z","level":"info","message":"model.invoke.start","conversationId":"sess_4a69a782-d3dc-4044-a364-73daaaa3f8ee","turnId":"46c50202-7775-4e89-bb3d-ec6b6c0879fd","rootTurnId":"46c50202-7775-4e89-bb3d-ec6b6c0879fd"}
{"timestamp":"2026-08-11T21:03:49.149Z","level":"info","message":"[Steering] Populating steering for execution 46c50202-7775-4e89-bb3d-ec6b6c0879fd","conversationId":"sess_4a69a782-d3dc-4044-a364-73daaaa3f8ee","turnId":"46c50202-7775-4e89-bb3d-ec6b6c0879fd","rootTurnId":"46c50202-7775-4e89-bb3d-ec6b6c0879fd"}
{"timestamp":"2026-08-11T21:03:49.149Z","level":"info","message":"[Steering] ExistingFiles: /home/nizar/HomeWspce/kiro-configs/settings/servers.yaml, /home/nizar/HomeWspce/kiro-multiagent/settings/cli.json, /home/nizar/HomeWspce/kiro-multiagent/agents/pilot.json, /home/nizar/HomeWspce/kiro-configs/settings/mcp.json in 46c50202-7775-4e89-bb3d-ec6b6c0879fd","conversationId":"sess_4a69a782-d3dc-4044-a364-73daaaa3f8ee","turnId":"46c50202-7775-4e89-bb3d-ec6b6c0879fd","rootTurnId":"46c50202-7775-4e89-bb3d-ec6b6c0879fd"}
{"timestamp":"2026-08-11T21:03:49.167Z","level":"info","message":"[q-developer-converse] Sending GenerateAssistantResponse modelId=auto agentMode=custom origin=KIRO_CLI streaming=true conversationId=sess_4a69a782-d3dc-4044-a364-73daaaa3f8ee","conversationId":"sess_4a69a782-d3dc-4044-a364-73daaaa3f8ee","turnId":"46c50202-7775-4e89-bb3d-ec6b6c0879fd","rootTurnId":"46c50202-7775-4e89-bb3d-ec6b6c0879fd"}
{"timestamp":"2026-08-11T21:03:49.170Z","level":"info","message":"[q-developer-converse] Request payload: 361121 chars, 92 history messages, conversationId=sess_4a69a782-d3dc-4044-a364-73daaaa3f8ee","conversationId":"sess_4a69a782-d3dc-4044-a364-73daaaa3f8ee","turnId":"46c50202-7775-4e89-bb3d-ec6b6c0879fd","rootTurnId":"46c50202-7775-4e89-bb3d-ec6b6c0879fd"}
{"timestamp":"2026-08-11T21:03:49.186Z","level":"info","message":"fs.appendMessages.ok {\"system\":\"fs\",\"sessionId\":\"sess_4a69a782-d3dc-4044-a364-73daaaa3f8ee\",\"messageCount\":2,\"durationMs\":44}","conversationId":"sess_4a69a782-d3dc-4044-a364-73daaaa3f8ee","turnId":"46c50202-7775-4e89-bb3d-ec6b6c0879fd","rootTurnId":"46c50202-7775-4e89-bb3d-ec6b6c0879fd"}
{"timestamp":"2026-08-11T21:03:49.188Z","level":"info","message":"fs.appendMessages.ok {\"system\":\"fs\",\"sessionId\":\"sess_4a69a782-d3dc-4044-a364-73daaaa3f8ee\",\"messageCount\":1,\"durationMs\":2}","conversationId":"sess_4a69a782-d3dc-4044-a364-73daaaa3f8ee","turnId":"46c50202-7775-4e89-bb3d-ec6b6c0879fd","rootTurnId":"46c50202-7775-4e89-bb3d-ec6b6c0879fd"}
{"timestamp":"2026-08-11T21:03:52.845Z","level":"info","message":"[ACPEventAdapter] Execution yielded {\"executionId\":\"46c50202-7775-4e89-bb3d-ec6b6c0879fd\"}","conversationId":"sess_4a69a782-d3dc-4044-a364-73daaaa3f8ee","turnId":"46c50202-7775-4e89-bb3d-ec6b6c0879fd","rootTurnId":"46c50202-7775-4e89-bb3d-ec6b6c0879fd"}
{"timestamp":"2026-08-11T21:03:52.846Z","level":"info","message":"acp.policy-eval.complete {\"toolId\":\"run_command\",\"effect\":\"allow\",\"capability\":\"shell\"}","conversationId":"sess_4a69a782-d3dc-4044-a364-73daaaa3f8ee","turnId":"46c50202-7775-4e89-bb3d-ec6b6c0879fd","rootTurnId":"46c50202-7775-4e89-bb3d-ec6b6c0879fd"}
{"timestamp":"2026-08-11T21:03:52.846Z","level":"info","message":"[ACPEventAdapter] Execution resumed {\"executionId\":\"46c50202-7775-4e89-bb3d-ec6b6c0879fd\"}","conversationId":"sess_4a69a782-d3dc-4044-a364-73daaaa3f8ee","turnId":"46c50202-7775-4e89-bb3d-ec6b6c0879fd","rootTurnId":"46c50202-7775-4e89-bb3d-ec6b6c0879fd"}
{"timestamp":"2026-08-11T21:03:52.873Z","level":"info","message":"model.invoke.start","conversationId":"sess_4a69a782-d3dc-4044-a364-73daaaa3f8ee","turnId":"46c50202-7775-4e89-bb3d-ec6b6c0879fd","rootTurnId":"46c50202-7775-4e89-bb3d-ec6b6c0879fd"}
{"timestamp":"2026-08-11T21:03:52.873Z","level":"info","message":"[Steering] Populating steering for execution 46c50202-7775-4e89-bb3d-ec6b6c0879fd","conversationId":"sess_4a69a782-d3dc-4044-a364-73daaaa3f8ee","turnId":"46c50202-7775-4e89-bb3d-ec6b6c0879fd","rootTurnId":"46c50202-7775-4e89-bb3d-ec6b6c0879fd"}
{"timestamp":"2026-08-11T21:03:52.873Z","level":"info","message":"[Steering] ExistingFiles: /home/nizar/HomeWspce/kiro-configs/settings/servers.yaml, /home/nizar/HomeWspce/kiro-multiagent/settings/cli.json, /home/nizar/HomeWspce/kiro-multiagent/agents/pilot.json, /home/nizar/HomeWspce/kiro-configs/settings/mcp.json in 46c50202-7775-4e89-bb3d-ec6b6c0879fd","conversationId":"sess_4a69a782-d3dc-4044-a364-73daaaa3f8ee","turnId":"46c50202-7775-4e89-bb3d-ec6b6c0879fd","rootTurnId":"46c50202-7775-4e89-bb3d-ec6b6c0879fd"}
{"timestamp":"2026-08-11T21:03:52.877Z","level":"info","message":"fs.appendMessages.ok {\"system\":\"fs\",\"sessionId\":\"sess_4a69a782-d3dc-4044-a364-73daaaa3f8ee\",\"messageCount\":1,\"durationMs\":26}","conversationId":"sess_4a69a782-d3dc-4044-a364-73daaaa3f8ee","turnId":"46c50202-7775-4e89-bb3d-ec6b6c0879fd","rootTurnId":"46c50202-7775-4e89-bb3d-ec6b6c0879fd"}
{"timestamp":"2026-08-11T21:03:52.893Z","level":"info","message":"[q-developer-converse] Sending GenerateAssistantResponse modelId=auto agentMode=custom origin=KIRO_CLI streaming=true conversationId=sess_4a69a782-d3dc-4044-a364-73daaaa3f8ee","conversationId":"sess_4a69a782-d3dc-4044-a364-73daaaa3f8ee","turnId":"46c50202-7775-4e89-bb3d-ec6b6c0879fd","rootTurnId":"46c50202-7775-4e89-bb3d-ec6b6c0879fd"}
{"timestamp":"2026-08-11T21:03:52.897Z","level":"info","message":"[q-developer-converse] Request payload: 361770 chars, 94 history messages, conversationId=sess_4a69a782-d3dc-4044-a364-73daaaa3f8ee","conversationId":"sess_4a69a782-d3dc-4044-a364-73daaaa3f8ee","turnId":"46c50202-7775-4e89-bb3d-ec6b6c0879fd","rootTurnId":"46c50202-7775-4e89-bb3d-ec6b6c0879fd"}
{"timestamp":"2026-08-11T21:03:52.917Z","level":"info","message":"fs.appendMessages.ok {\"system\":\"fs\",\"sessionId\":\"sess_4a69a782-d3dc-4044-a364-73daaaa3f8ee\",\"messageCount\":2,\"durationMs\":41}","conversationId":"sess_4a69a782-d3dc-4044-a364-73daaaa3f8ee","turnId":"46c50202-7775-4e89-bb3d-ec6b6c0879fd","rootTurnId":"46c50202-7775-4e89-bb3d-ec6b6c0879fd"}
{"timestamp":"2026-08-11T21:03:55.769Z","level":"info","message":"[ACPEventAdapter] Execution yielded {\"executionId\":\"46c50202-7775-4e89-bb3d-ec6b6c0879fd\"}","conversationId":"sess_4a69a782-d3dc-4044-a364-73daaaa3f8ee","turnId":"46c50202-7775-4e89-bb3d-ec6b6c0879fd","rootTurnId":"46c50202-7775-4e89-bb3d-ec6b6c0879fd"}
{"timestamp":"2026-08-11T21:03:55.770Z","level":"info","message":"acp.policy-eval.complete {\"toolId\":\"run_command\",\"effect\":\"allow\",\"capability\":\"shell\"}","conversationId":"sess_4a69a782-d3dc-4044-a364-73daaaa3f8ee","turnId":"46c50202-7775-4e89-bb3d-ec6b6c0879fd","rootTurnId":"46c50202-7775-4e89-bb3d-ec6b6c0879fd"}
{"timestamp":"2026-08-11T21:03:55.770Z","level":"info","message":"[ACPEventAdapter] Execution resumed {\"executionId\":\"46c50202-7775-4e89-bb3d-ec6b6c0879fd\"}","conversationId":"sess_4a69a782-d3dc-4044-a364-73daaaa3f8ee","turnId":"46c50202-7775-4e89-bb3d-ec6b6c0879fd","rootTurnId":"46c50202-7775-4e89-bb3d-ec6b6c0879fd"}
{"timestamp":"2026-08-11T21:03:55.785Z","level":"info","message":"model.invoke.start","conversationId":"sess_4a69a782-d3dc-4044-a364-73daaaa3f8ee","turnId":"46c50202-7775-4e89-bb3d-ec6b6c0879fd","rootTurnId":"46c50202-7775-4e89-bb3d-ec6b6c0879fd"}
{"timestamp":"2026-08-11T21:03:55.785Z","level":"info","message":"[Steering] Populating steering for execution 46c50202-7775-4e89-bb3d-ec6b6c0879fd","conversationId":"sess_4a69a782-d3dc-4044-a364-73daaaa3f8ee","turnId":"46c50202-7775-4e89-bb3d-ec6b6c0879fd","rootTurnId":"46c50202-7775-4e89-bb3d-ec6b6c0879fd"}
{"timestamp":"2026-08-11T21:03:55.785Z","level":"info","message":"[Steering] ExistingFiles: /home/nizar/HomeWspce/kiro-configs/settings/servers.yaml, /home/nizar/HomeWspce/kiro-multiagent/settings/cli.json, /home/nizar/HomeWspce/kiro-multiagent/agents/pilot.json, /home/nizar/HomeWspce/kiro-configs/settings/mcp.json in 46c50202-7775-4e89-bb3d-ec6b6c0879fd","conversationId":"sess_4a69a782-d3dc-4044-a364-73daaaa3f8ee","turnId":"46c50202-7775-4e89-bb3d-ec6b6c0879fd","rootTurnId":"46c50202-7775-4e89-bb3d-ec6b6c0879fd"}
{"timestamp":"2026-08-11T21:03:55.804Z","level":"info","message":"[q-developer-converse] Sending GenerateAssistantResponse modelId=auto agentMode=custom origin=KIRO_CLI streaming=true conversationId=sess_4a69a782-d3dc-4044-a364-73daaaa3f8ee","conversationId":"sess_4a69a782-d3dc-4044-a364-73daaaa3f8ee","turnId":"46c50202-7775-4e89-bb3d-ec6b6c0879fd","rootTurnId":"46c50202-7775-4e89-bb3d-ec6b6c0879fd"}
{"timestamp":"2026-08-11T21:03:55.806Z","level":"info","message":"[q-developer-converse] Request payload: 362418 chars, 96 history messages, conversationId=sess_4a69a782-d3dc-4044-a364-73daaaa3f8ee","conversationId":"sess_4a69a782-d3dc-4044-a364-73daaaa3f8ee","turnId":"46c50202-7775-4e89-bb3d-ec6b6c0879fd","rootTurnId":"46c50202-7775-4e89-bb3d-ec6b6c0879fd"}
{"timestamp":"2026-08-11T21:03:55.814Z","level":"info","message":"fs.appendMessages.ok {\"system\":\"fs\",\"sessionId\":\"sess_4a69a782-d3dc-4044-a364-73daaaa3f8ee\",\"messageCount\":2,\"durationMs\":35}","conversationId":"sess_4a69a782-d3dc-4044-a364-73daaaa3f8ee","turnId":"46c50202-7775-4e89-bb3d-ec6b6c0879fd","rootTurnId":"46c50202-7775-4e89-bb3d-ec6b6c0879fd"}
{"timestamp":"2026-08-11T21:03:55.819Z","level":"info","message":"fs.appendMessages.ok {\"system\":\"fs\",\"sessionId\":\"sess_4a69a782-d3dc-4044-a364-73daaaa3f8ee\",\"messageCount\":1,\"durationMs\":5}","conversationId":"sess_4a69a782-d3dc-4044-a364-73daaaa3f8ee","turnId":"46c50202-7775-4e89-bb3d-ec6b6c0879fd","rootTurnId":"46c50202-7775-4e89-bb3d-ec6b6c0879fd"}
{"timestamp":"2026-08-11T21:03:58.620Z","level":"info","message":"fs.appendMessages.ok {\"system\":\"fs\",\"sessionId\":\"sess_4a69a782-d3dc-4044-a364-73daaaa3f8ee\",\"messageCount\":1,\"durationMs\":2}","conversationId":"sess_4a69a782-d3dc-4044-a364-73daaaa3f8ee","turnId":"46c50202-7775-4e89-bb3d-ec6b6c0879fd","rootTurnId":"46c50202-7775-4e89-bb3d-ec6b6c0879fd"}
{"timestamp":"2026-08-11T21:04:00.226Z","level":"info","message":"[ACPEventAdapter] Execution yielded {\"executionId\":\"46c50202-7775-4e89-bb3d-ec6b6c0879fd\"}","conversationId":"sess_4a69a782-d3dc-4044-a364-73daaaa3f8ee","turnId":"46c50202-7775-4e89-bb3d-ec6b6c0879fd","rootTurnId":"46c50202-7775-4e89-bb3d-ec6b6c0879fd"}
{"timestamp":"2026-08-11T21:04:00.227Z","level":"info","message":"acp.policy-eval.complete {\"toolId\":\"run_command\",\"effect\":\"allow\",\"capability\":\"shell\"}","conversationId":"sess_4a69a782-d3dc-4044-a364-73daaaa3f8ee","turnId":"46c50202-7775-4e89-bb3d-ec6b6c0879fd","rootTurnId":"46c50202-7775-4e89-bb3d-ec6b6c0879fd"}
{"timestamp":"2026-08-11T21:04:00.227Z","level":"info","message":"[ACPEventAdapter] Execution resumed {\"executionId\":\"46c50202-7775-4e89-bb3d-ec6b6c0879fd\"}","conversationId":"sess_4a69a782-d3dc-4044-a364-73daaaa3f8ee","turnId":"46c50202-7775-4e89-bb3d-ec6b6c0879fd","rootTurnId":"46c50202-7775-4e89-bb3d-ec6b6c0879fd"}
{"timestamp":"2026-08-11T21:04:00.246Z","level":"info","message":"fs.appendMessages.ok {\"system\":\"fs\",\"sessionId\":\"sess_4a69a782-d3dc-4044-a364-73daaaa3f8ee\",\"messageCount\":1,\"durationMs\":8}","conversationId":"sess_4a69a782-d3dc-4044-a364-73daaaa3f8ee","turnId":"46c50202-7775-4e89-bb3d-ec6b6c0879fd","rootTurnId":"46c50202-7775-4e89-bb3d-ec6b6c0879fd"}
{"timestamp":"2026-08-11T21:04:00.266Z","level":"info","message":"model.invoke.start","conversationId":"sess_4a69a782-d3dc-4044-a364-73daaaa3f8ee","turnId":"46c50202-7775-4e89-bb3d-ec6b6c0879fd","rootTurnId":"46c50202-7775-4e89-bb3d-ec6b6c0879fd"}
{"timestamp":"2026-08-11T21:04:00.266Z","level":"info","message":"[Steering] Populating steering for execution 46c50202-7775-4e89-bb3d-ec6b6c0879fd","conversationId":"sess_4a69a782-d3dc-4044-a364-73daaaa3f8ee","turnId":"46c50202-7775-4e89-bb3d-ec6b6c0879fd","rootTurnId":"46c50202-7775-4e89-bb3d-ec6b6c0879fd"}
{"timestamp":"2026-08-11T21:04:00.267Z","level":"info","message":"[Steering] ExistingFiles: /home/nizar/HomeWspce/kiro-configs/settings/servers.yaml, /home/nizar/HomeWspce/kiro-multiagent/settings/cli.json, /home/nizar/HomeWspce/kiro-multiagent/agents/pilot.json, /home/nizar/HomeWspce/kiro-configs/settings/mcp.json in 46c50202-7775-4e89-bb3d-ec6b6c0879fd","conversationId":"sess_4a69a782-d3dc-4044-a364-73daaaa3f8ee","turnId":"46c50202-7775-4e89-bb3d-ec6b6c0879fd","rootTurnId":"46c50202-7775-4e89-bb3d-ec6b6c0879fd"}
{"timestamp":"2026-08-11T21:04:00.279Z","level":"info","message":"[q-developer-converse] Sending GenerateAssistantResponse modelId=auto agentMode=custom origin=KIRO_CLI streaming=true conversationId=sess_4a69a782-d3dc-4044-a364-73daaaa3f8ee","conversationId":"sess_4a69a782-d3dc-4044-a364-73daaaa3f8ee","turnId":"46c50202-7775-4e89-bb3d-ec6b6c0879fd","rootTurnId":"46c50202-7775-4e89-bb3d-ec6b6c0879fd"}
{"timestamp":"2026-08-11T21:04:00.281Z","level":"info","message":"[q-developer-converse] Request payload: 363225 chars, 98 history messages, conversationId=sess_4a69a782-d3dc-4044-a364-73daaaa3f8ee","conversationId":"sess_4a69a782-d3dc-4044-a364-73daaaa3f8ee","turnId":"46c50202-7775-4e89-bb3d-ec6b6c0879fd","rootTurnId":"46c50202-7775-4e89-bb3d-ec6b6c0879fd"}
{"timestamp":"2026-08-11T21:04:00.289Z","level":"info","message":"fs.appendMessages.ok {\"system\":\"fs\",\"sessionId\":\"sess_4a69a782-d3dc-4044-a364-73daaaa3f8ee\",\"messageCount\":2,\"durationMs\":27}","conversationId":"sess_4a69a782-d3dc-4044-a364-73daaaa3f8ee","turnId":"46c50202-7775-4e89-bb3d-ec6b6c0879fd","rootTurnId":"46c50202-7775-4e89-bb3d-ec6b6c0879fd"}
{"timestamp":"2026-08-11T21:04:02.945Z","level":"info","message":"[ACPEventAdapter] Execution yielded {\"executionId\":\"46c50202-7775-4e89-bb3d-ec6b6c0879fd\"}","conversationId":"sess_4a69a782-d3dc-4044-a364-73daaaa3f8ee","turnId":"46c50202-7775-4e89-bb3d-ec6b6c0879fd","rootTurnId":"46c50202-7775-4e89-bb3d-ec6b6c0879fd"}
{"timestamp":"2026-08-11T21:04:02.946Z","level":"info","message":"acp.policy-eval.complete {\"toolId\":\"run_command\",\"effect\":\"allow\",\"capability\":\"shell\"}","conversationId":"sess_4a69a782-d3dc-4044-a364-73daaaa3f8ee","turnId":"46c50202-7775-4e89-bb3d-ec6b6c0879fd","rootTurnId":"46c50202-7775-4e89-bb3d-ec6b6c0879fd"}
{"timestamp":"2026-08-11T21:04:02.946Z","level":"info","message":"[ACPEventAdapter] Execution resumed {\"executionId\":\"46c50202-7775-4e89-bb3d-ec6b6c0879fd\"}","conversationId":"sess_4a69a782-d3dc-4044-a364-73daaaa3f8ee","turnId":"46c50202-7775-4e89-bb3d-ec6b6c0879fd","rootTurnId":"46c50202-7775-4e89-bb3d-ec6b6c0879fd"}
{"timestamp":"2026-08-11T21:04:02.960Z","level":"info","message":"model.invoke.start","conversationId":"sess_4a69a782-d3dc-4044-a364-73daaaa3f8ee","turnId":"46c50202-7775-4e89-bb3d-ec6b6c0879fd","rootTurnId":"46c50202-7775-4e89-bb3d-ec6b6c0879fd"}
{"timestamp":"2026-08-11T21:04:02.960Z","level":"info","message":"[Steering] Populating steering for execution 46c50202-7775-4e89-bb3d-ec6b6c0879fd","conversationId":"sess_4a69a782-d3dc-4044-a364-73daaaa3f8ee","turnId":"46c50202-7775-4e89-bb3d-ec6b6c0879fd","rootTurnId":"46c50202-7775-4e89-bb3d-ec6b6c0879fd"}
{"timestamp":"2026-08-11T21:04:02.961Z","level":"info","message":"[Steering] ExistingFiles: /home/nizar/HomeWspce/kiro-configs/settings/servers.yaml, /home/nizar/HomeWspce/kiro-multiagent/settings/cli.json, /home/nizar/HomeWspce/kiro-multiagent/agents/pilot.json, /home/nizar/HomeWspce/kiro-configs/settings/mcp.json in 46c50202-7775-4e89-bb3d-ec6b6c0879fd","conversationId":"sess_4a69a782-d3dc-4044-a364-73daaaa3f8ee","turnId":"46c50202-7775-4e89-bb3d-ec6b6c0879fd","rootTurnId":"46c50202-7775-4e89-bb3d-ec6b6c0879fd"}
{"timestamp":"2026-08-11T21:04:02.989Z","level":"info","message":"[q-developer-converse] Sending GenerateAssistantResponse modelId=auto agentMode=custom origin=KIRO_CLI streaming=true conversationId=sess_4a69a782-d3dc-4044-a364-73daaaa3f8ee","conversationId":"sess_4a69a782-d3dc-4044-a364-73daaaa3f8ee","turnId":"46c50202-7775-4e89-bb3d-ec6b6c0879fd","rootTurnId":"46c50202-7775-4e89-bb3d-ec6b6c0879fd"}
{"timestamp":"2026-08-11T21:04:02.991Z","level":"info","message":"[q-developer-converse] Request payload: 364039 chars, 100 history messages, conversationId=sess_4a69a782-d3dc-4044-a364-73daaaa3f8ee","conversationId":"sess_4a69a782-d3dc-4044-a364-73daaaa3f8ee","turnId":"46c50202-7775-4e89-bb3d-ec6b6c0879fd","rootTurnId":"46c50202-7775-4e89-bb3d-ec6b6c0879fd"}
{"timestamp":"2026-08-11T21:04:03.002Z","level":"info","message":"fs.appendMessages.ok {\"system\":\"fs\",\"sessionId\":\"sess_4a69a782-d3dc-4044-a364-73daaaa3f8ee\",\"messageCount\":1,\"durationMs\":49}","conversationId":"sess_4a69a782-d3dc-4044-a364-73daaaa3f8ee","turnId":"46c50202-7775-4e89-bb3d-ec6b6c0879fd","rootTurnId":"46c50202-7775-4e89-bb3d-ec6b6c0879fd"}
{"timestamp":"2026-08-11T21:04:03.012Z","level":"info","message":"fs.appendMessages.ok {\"system\":\"fs\",\"sessionId\":\"sess_4a69a782-d3dc-4044-a364-73daaaa3f8ee\",\"messageCount\":2,\"durationMs\":9}","conversationId":"sess_4a69a782-d3dc-4044-a364-73daaaa3f8ee","turnId":"46c50202-7775-4e89-bb3d-ec6b6c0879fd","rootTurnId":"46c50202-7775-4e89-bb3d-ec6b6c0879fd"}
{"timestamp":"2026-08-11T21:04:06.684Z","level":"info","message":"fs.appendMessages.ok {\"system\":\"fs\",\"sessionId\":\"sess_4a69a782-d3dc-4044-a364-73daaaa3f8ee\",\"messageCount\":1,\"durationMs\":4}","conversationId":"sess_4a69a782-d3dc-4044-a364-73daaaa3f8ee","turnId":"46c50202-7775-4e89-bb3d-ec6b6c0879fd","rootTurnId":"46c50202-7775-4e89-bb3d-ec6b6c0879fd"}
{"timestamp":"2026-08-11T21:04:07.223Z","level":"info","message":"[ACPEventAdapter] Execution yielded {\"executionId\":\"46c50202-7775-4e89-bb3d-ec6b6c0879fd\"}","conversationId":"sess_4a69a782-d3dc-4044-a364-73daaaa3f8ee","turnId":"46c50202-7775-4e89-bb3d-ec6b6c0879fd","rootTurnId":"46c50202-7775-4e89-bb3d-ec6b6c0879fd"}
{"timestamp":"2026-08-11T21:04:07.224Z","level":"info","message":"acp.policy-eval.complete {\"toolId\":\"run_command\",\"effect\":\"allow\",\"capability\":\"shell\"}","conversationId":"sess_4a69a782-d3dc-4044-a364-73daaaa3f8ee","turnId":"46c50202-7775-4e89-bb3d-ec6b6c0879fd","rootTurnId":"46c50202-7775-4e89-bb3d-ec6b6c0879fd"}
{"timestamp":"2026-08-11T21:04:07.224Z","level":"info","message":"[ACPEventAdapter] Execution resumed {\"executionId\":\"46c50202-7775-4e89-bb3d-ec6b6c0879fd\"}","conversationId":"sess_4a69a782-d3dc-4044-a364-73daaaa3f8ee","turnId":"46c50202-7775-4e89-bb3d-ec6b6c0879fd","rootTurnId":"46c50202-7775-4e89-bb3d-ec6b6c0879fd"}
{"timestamp":"2026-08-11T21:04:07.250Z","level":"info","message":"fs.appendMessages.ok {\"system\":\"fs\",\"sessionId\":\"sess_4a69a782-d3dc-4044-a364-73daaaa3f8ee\",\"messageCount\":1,\"durationMs\":19}","conversationId":"sess_4a69a782-d3dc-4044-a364-73daaaa3f8ee","turnId":"46c50202-7775-4e89-bb3d-ec6b6c0879fd","rootTurnId":"46c50202-7775-4e89-bb3d-ec6b6c0879fd"}
{"timestamp":"2026-08-11T21:04:07.736Z","level":"info","message":"model.invoke.start","conversationId":"sess_4a69a782-d3dc-4044-a364-73daaaa3f8ee","turnId":"46c50202-7775-4e89-bb3d-ec6b6c0879fd","rootTurnId":"46c50202-7775-4e89-bb3d-ec6b6c0879fd"}
{"timestamp":"2026-08-11T21:04:07.736Z","level":"info","message":"[Steering] Populating steering for execution 46c50202-7775-4e89-bb3d-ec6b6c0879fd","conversationId":"sess_4a69a782-d3dc-4044-a364-73daaaa3f8ee","turnId":"46c50202-7775-4e89-bb3d-ec6b6c0879fd","rootTurnId":"46c50202-7775-4e89-bb3d-ec6b6c0879fd"}
{"timestamp":"2026-08-11T21:04:07.736Z","level":"info","message":"[Steering] ExistingFiles: /home/nizar/HomeWspce/kiro-configs/settings/servers.yaml, /home/nizar/HomeWspce/kiro-multiagent/settings/cli.json, /home/nizar/HomeWspce/kiro-multiagent/agents/pilot.json, /home/nizar/HomeWspce/kiro-configs/settings/mcp.json in 46c50202-7775-4e89-bb3d-ec6b6c0879fd","conversationId":"sess_4a69a782-d3dc-4044-a364-73daaaa3f8ee","turnId":"46c50202-7775-4e89-bb3d-ec6b6c0879fd","rootTurnId":"46c50202-7775-4e89-bb3d-ec6b6c0879fd"}
{"timestamp":"2026-08-11T21:04:07.750Z","level":"info","message":"[q-developer-converse] Sending GenerateAssistantResponse modelId=auto agentMode=custom origin=KIRO_CLI streaming=true conversationId=sess_4a69a782-d3dc-4044-a364-73daaaa3f8ee","conversationId":"sess_4a69a782-d3dc-4044-a364-73daaaa3f8ee","turnId":"46c50202-7775-4e89-bb3d-ec6b6c0879fd","rootTurnId":"46c50202-7775-4e89-bb3d-ec6b6c0879fd"}
{"timestamp":"2026-08-11T21:04:07.753Z","level":"info","message":"[q-developer-converse] Request payload: 364803 chars, 102 history messages, conversationId=sess_4a69a782-d3dc-4044-a364-73daaaa3f8ee","conversationId":"sess_4a69a782-d3dc-4044-a364-73daaaa3f8ee","turnId":"46c50202-7775-4e89-bb3d-ec6b6c0879fd","rootTurnId":"46c50202-7775-4e89-bb3d-ec6b6c0879fd"}
{"timestamp":"2026-08-11T21:04:07.767Z","level":"info","message":"fs.appendMessages.ok {\"system\":\"fs\",\"sessionId\":\"sess_4a69a782-d3dc-4044-a364-73daaaa3f8ee\",\"messageCount\":2,\"durationMs\":35}","conversationId":"sess_4a69a782-d3dc-4044-a364-73daaaa3f8ee","turnId":"46c50202-7775-4e89-bb3d-ec6b6c0879fd","rootTurnId":"46c50202-7775-4e89-bb3d-ec6b6c0879fd"}
{"timestamp":"2026-08-11T21:04:14.299Z","level":"info","message":"[ACPEventAdapter] Execution succeeded {\"executionId\":\"46c50202-7775-4e89-bb3d-ec6b6c0879fd\"}","conversationId":"sess_4a69a782-d3dc-4044-a364-73daaaa3f8ee","turnId":"46c50202-7775-4e89-bb3d-ec6b6c0879fd","rootTurnId":"46c50202-7775-4e89-bb3d-ec6b6c0879fd"}
{"timestamp":"2026-08-11T21:04:14.308Z","level":"info","message":"fs.appendMessages.ok {\"system\":\"fs\",\"sessionId\":\"sess_4a69a782-d3dc-4044-a364-73daaaa3f8ee\",\"messageCount\":1,\"durationMs\":15}","conversationId":"sess_4a69a782-d3dc-4044-a364-73daaaa3f8ee","turnId":"46c50202-7775-4e89-bb3d-ec6b6c0879fd","rootTurnId":"46c50202-7775-4e89-bb3d-ec6b6c0879fd"}
{"timestamp":"2026-08-11T21:04:14.318Z","level":"info","message":"fs.appendMessages.ok {\"system\":\"fs\",\"sessionId\":\"sess_4a69a782-d3dc-4044-a364-73daaaa3f8ee\",\"messageCount\":1,\"durationMs\":10}","conversationId":"sess_4a69a782-d3dc-4044-a364-73daaaa3f8ee","turnId":"46c50202-7775-4e89-bb3d-ec6b6c0879fd","rootTurnId":"46c50202-7775-4e89-bb3d-ec6b6c0879fd"}
{"timestamp":"2026-08-11T21:04:14.321Z","level":"info","message":"fs.appendMessages.ok {\"system\":\"fs\",\"sessionId\":\"sess_4a69a782-d3dc-4044-a364-73daaaa3f8ee\",\"messageCount\":3,\"durationMs\":2}","conversationId":"sess_4a69a782-d3dc-4044-a364-73daaaa3f8ee","turnId":"46c50202-7775-4e89-bb3d-ec6b6c0879fd","rootTurnId":"46c50202-7775-4e89-bb3d-ec6b6c0879fd"}
{"timestamp":"2026-08-11T21:04:14.322Z","level":"info","message":"[agent-controller] Progressing model queue {\"activeExecution\":true,\"queueSize\":0}","conversationId":"sess_4a69a782-d3dc-4044-a364-73daaaa3f8ee","turnId":"46c50202-7775-4e89-bb3d-ec6b6c0879fd","rootTurnId":"46c50202-7775-4e89-bb3d-ec6b6c0879fd"}
{"timestamp":"2026-08-11T21:04:14.323Z","level":"info","message":"[agent-controller] Progressing model queue {\"activeExecution\":false,\"queueSize\":0}","conversationId":"sess_4a69a782-d3dc-4044-a364-73daaaa3f8ee","turnId":"46c50202-7775-4e89-bb3d-ec6b6c0879fd","rootTurnId":"46c50202-7775-4e89-bb3d-ec6b6c0879fd"}
{"timestamp":"2026-08-11T21:04:14.325Z","level":"info","message":"[SessionPersistence] Updated metadata for session sess_4a69a782-d3dc-4044-a364-73daaaa3f8ee","conversationId":"sess_4a69a782-d3dc-4044-a364-73daaaa3f8ee","turnId":"46c50202-7775-4e89-bb3d-ec6b6c0879fd","rootTurnId":"46c50202-7775-4e89-bb3d-ec6b6c0879fd"}
{"timestamp":"2026-08-11T21:04:14.344Z","level":"info","message":"[KiroAgent] ACP session/prompt sessionId=sess_4a69a782-d3dc-4044-a364-73daaaa3f8ee"}
{"timestamp":"2026-08-11T21:04:14.347Z","level":"info","message":"fs.appendMessages.ok {\"system\":\"fs\",\"sessionId\":\"sess_4a69a782-d3dc-4044-a364-73daaaa3f8ee\",\"messageCount\":1,\"durationMs\":3}"}
{"timestamp":"2026-08-11T21:04:14.350Z","level":"info","message":"agent_controller.triggered {\"agentType\":\"custom-agent\",\"autonomyMode\":\"Autopilot\",\"modelId\":\"auto\"}","conversationId":"sess_4a69a782-d3dc-4044-a364-73daaaa3f8ee"}
{"timestamp":"2026-08-11T21:04:14.351Z","level":"info","message":"[agent-controller] Progressing model queue {\"activeExecution\":false,\"queueSize\":1}","conversationId":"sess_4a69a782-d3dc-4044-a364-73daaaa3f8ee"}
{"timestamp":"2026-08-11T21:04:14.351Z","level":"info","message":"[ACPEventAdapter] Execution began {\"executionId\":\"ebf73182-e31b-4167-92db-69318a3e2f37\"}","conversationId":"sess_4a69a782-d3dc-4044-a364-73daaaa3f8ee","turnId":"ebf73182-e31b-4167-92db-69318a3e2f37","rootTurnId":"ebf73182-e31b-4167-92db-69318a3e2f37"}
{"timestamp":"2026-08-11T21:04:14.358Z","level":"info","message":"fs.appendMessages.ok {\"system\":\"fs\",\"sessionId\":\"sess_4a69a782-d3dc-4044-a364-73daaaa3f8ee\",\"messageCount\":1,\"durationMs\":7}","conversationId":"sess_4a69a782-d3dc-4044-a364-73daaaa3f8ee","turnId":"ebf73182-e31b-4167-92db-69318a3e2f37","rootTurnId":"ebf73182-e31b-4167-92db-69318a3e2f37"}
{"timestamp":"2026-08-11T21:04:14.367Z","level":"info","message":"model.invoke.start","conversationId":"sess_4a69a782-d3dc-4044-a364-73daaaa3f8ee","turnId":"ebf73182-e31b-4167-92db-69318a3e2f37","rootTurnId":"ebf73182-e31b-4167-92db-69318a3e2f37"}
{"timestamp":"2026-08-11T21:04:14.368Z","level":"info","message":"[Steering] Populating steering for execution ebf73182-e31b-4167-92db-69318a3e2f37","conversationId":"sess_4a69a782-d3dc-4044-a364-73daaaa3f8ee","turnId":"ebf73182-e31b-4167-92db-69318a3e2f37","rootTurnId":"ebf73182-e31b-4167-92db-69318a3e2f37"}
{"timestamp":"2026-08-11T21:04:14.368Z","level":"info","message":"[Steering] ExistingFiles: /home/nizar/HomeWspce/kiro-configs/settings/servers.yaml, /home/nizar/HomeWspce/kiro-multiagent/settings/cli.json, /home/nizar/HomeWspce/kiro-multiagent/agents/pilot.json, /home/nizar/HomeWspce/kiro-configs/settings/mcp.json in ebf73182-e31b-4167-92db-69318a3e2f37","conversationId":"sess_4a69a782-d3dc-4044-a364-73daaaa3f8ee","turnId":"ebf73182-e31b-4167-92db-69318a3e2f37","rootTurnId":"ebf73182-e31b-4167-92db-69318a3e2f37"}
{"timestamp":"2026-08-11T21:04:14.374Z","level":"info","message":"[SessionPersistence] Updated metadata for session sess_4a69a782-d3dc-4044-a364-73daaaa3f8ee","conversationId":"sess_4a69a782-d3dc-4044-a364-73daaaa3f8ee","turnId":"ebf73182-e31b-4167-92db-69318a3e2f37","rootTurnId":"ebf73182-e31b-4167-92db-69318a3e2f37"}
{"timestamp":"2026-08-11T21:04:14.388Z","level":"info","message":"[q-developer-converse] Sending GenerateAssistantResponse modelId=auto agentMode=custom origin=KIRO_CLI streaming=true conversationId=sess_4a69a782-d3dc-4044-a364-73daaaa3f8ee","conversationId":"sess_4a69a782-d3dc-4044-a364-73daaaa3f8ee","turnId":"ebf73182-e31b-4167-92db-69318a3e2f37","rootTurnId":"ebf73182-e31b-4167-92db-69318a3e2f37"}
{"timestamp":"2026-08-11T21:04:14.390Z","level":"info","message":"[q-developer-converse] Request payload: 365888 chars, 104 history messages, conversationId=sess_4a69a782-d3dc-4044-a364-73daaaa3f8ee","conversationId":"sess_4a69a782-d3dc-4044-a364-73daaaa3f8ee","turnId":"ebf73182-e31b-4167-92db-69318a3e2f37","rootTurnId":"ebf73182-e31b-4167-92db-69318a3e2f37"}
{"timestamp":"2026-08-11T21:04:14.568Z","level":"info","message":"network.getFeatureConfiguration.ok {\"system\":\"network\",\"durationMs\":216}"}
{"timestamp":"2026-08-11T21:04:14.568Z","level":"info","message":"[ExperimentConfigService] Resolved {\"origin\":\"KIRO_CLI\",\"version\":\"2.16.2\",\"keyCount\":3}"}
{"timestamp":"2026-08-11T21:04:20.127Z","level":"info","message":"[ACPEventAdapter] Execution yielded {\"executionId\":\"ebf73182-e31b-4167-92db-69318a3e2f37\"}","conversationId":"sess_4a69a782-d3dc-4044-a364-73daaaa3f8ee","turnId":"ebf73182-e31b-4167-92db-69318a3e2f37","rootTurnId":"ebf73182-e31b-4167-92db-69318a3e2f37"}
{"timestamp":"2026-08-11T21:04:20.128Z","level":"info","message":"acp.policy-eval.complete {\"toolId\":\"run_command\",\"effect\":\"allow\",\"capability\":\"shell\"}","conversationId":"sess_4a69a782-d3dc-4044-a364-73daaaa3f8ee","turnId":"ebf73182-e31b-4167-92db-69318a3e2f37","rootTurnId":"ebf73182-e31b-4167-92db-69318a3e2f37"}
{"timestamp":"2026-08-11T21:04:20.128Z","level":"info","message":"[ACPEventAdapter] Execution resumed {\"executionId\":\"ebf73182-e31b-4167-92db-69318a3e2f37\"}","conversationId":"sess_4a69a782-d3dc-4044-a364-73daaaa3f8ee","turnId":"ebf73182-e31b-4167-92db-69318a3e2f37","rootTurnId":"ebf73182-e31b-4167-92db-69318a3e2f37"}
{"timestamp":"2026-08-11T21:04:20.146Z","level":"info","message":"fs.appendMessages.ok {\"system\":\"fs\",\"sessionId\":\"sess_4a69a782-d3dc-4044-a364-73daaaa3f8ee\",\"messageCount\":1,\"durationMs\":9}","conversationId":"sess_4a69a782-d3dc-4044-a364-73daaaa3f8ee","turnId":"ebf73182-e31b-4167-92db-69318a3e2f37","rootTurnId":"ebf73182-e31b-4167-92db-69318a3e2f37"}
{"timestamp":"2026-08-11T21:04:21.203Z","level":"info","message":"model.invoke.start","conversationId":"sess_4a69a782-d3dc-4044-a364-73daaaa3f8ee","turnId":"ebf73182-e31b-4167-92db-69318a3e2f37","rootTurnId":"ebf73182-e31b-4167-92db-69318a3e2f37"}
{"timestamp":"2026-08-11T21:04:21.203Z","level":"info","message":"[Steering] Populating steering for execution ebf73182-e31b-4167-92db-69318a3e2f37","conversationId":"sess_4a69a782-d3dc-4044-a364-73daaaa3f8ee","turnId":"ebf73182-e31b-4167-92db-69318a3e2f37","rootTurnId":"ebf73182-e31b-4167-92db-69318a3e2f37"}
{"timestamp":"2026-08-11T21:04:21.203Z","level":"info","message":"[Steering] ExistingFiles: /home/nizar/HomeWspce/kiro-configs/settings/servers.yaml, /home/nizar/HomeWspce/kiro-multiagent/settings/cli.json, /home/nizar/HomeWspce/kiro-multiagent/agents/pilot.json, /home/nizar/HomeWspce/kiro-configs/settings/mcp.json in ebf73182-e31b-4167-92db-69318a3e2f37","conversationId":"sess_4a69a782-d3dc-4044-a364-73daaaa3f8ee","turnId":"ebf73182-e31b-4167-92db-69318a3e2f37","rootTurnId":"ebf73182-e31b-4167-92db-69318a3e2f37"}
{"timestamp":"2026-08-11T21:04:21.217Z","level":"info","message":"[q-developer-converse] Sending GenerateAssistantResponse modelId=auto agentMode=custom origin=KIRO_CLI streaming=true conversationId=sess_4a69a782-d3dc-4044-a364-73daaaa3f8ee","conversationId":"sess_4a69a782-d3dc-4044-a364-73daaaa3f8ee","turnId":"ebf73182-e31b-4167-92db-69318a3e2f37","rootTurnId":"ebf73182-e31b-4167-92db-69318a3e2f37"}
{"timestamp":"2026-08-11T21:04:21.219Z","level":"info","message":"[q-developer-converse] Request payload: 367048 chars, 106 history messages, conversationId=sess_4a69a782-d3dc-4044-a364-73daaaa3f8ee","conversationId":"sess_4a69a782-d3dc-4044-a364-73daaaa3f8ee","turnId":"ebf73182-e31b-4167-92db-69318a3e2f37","rootTurnId":"ebf73182-e31b-4167-92db-69318a3e2f37"}
{"timestamp":"2026-08-11T21:04:21.231Z","level":"info","message":"fs.appendMessages.ok {\"system\":\"fs\",\"sessionId\":\"sess_4a69a782-d3dc-4044-a364-73daaaa3f8ee\",\"messageCount\":2,\"durationMs\":35}","conversationId":"sess_4a69a782-d3dc-4044-a364-73daaaa3f8ee","turnId":"ebf73182-e31b-4167-92db-69318a3e2f37","rootTurnId":"ebf73182-e31b-4167-92db-69318a3e2f37"}
{"timestamp":"2026-08-11T21:04:24.438Z","level":"info","message":"fs.appendMessages.ok {\"system\":\"fs\",\"sessionId\":\"sess_4a69a782-d3dc-4044-a364-73daaaa3f8ee\",\"messageCount\":1,\"durationMs\":3}","conversationId":"sess_4a69a782-d3dc-4044-a364-73daaaa3f8ee","turnId":"ebf73182-e31b-4167-92db-69318a3e2f37","rootTurnId":"ebf73182-e31b-4167-92db-69318a3e2f37"}
{"timestamp":"2026-08-11T21:04:24.897Z","level":"info","message":"[ACPEventAdapter] Execution yielded {\"executionId\":\"ebf73182-e31b-4167-92db-69318a3e2f37\"}","conversationId":"sess_4a69a782-d3dc-4044-a364-73daaaa3f8ee","turnId":"ebf73182-e31b-4167-92db-69318a3e2f37","rootTurnId":"ebf73182-e31b-4167-92db-69318a3e2f37"}
{"timestamp":"2026-08-11T21:04:24.898Z","level":"info","message":"acp.policy-eval.complete {\"toolId\":\"run_command\",\"effect\":\"allow\",\"capability\":\"shell\"}","conversationId":"sess_4a69a782-d3dc-4044-a364-73daaaa3f8ee","turnId":"ebf73182-e31b-4167-92db-69318a3e2f37","rootTurnId":"ebf73182-e31b-4167-92db-69318a3e2f37"}
{"timestamp":"2026-08-11T21:04:24.898Z","level":"info","message":"[ACPEventAdapter] Execution resumed {\"executionId\":\"ebf73182-e31b-4167-92db-69318a3e2f37\"}","conversationId":"sess_4a69a782-d3dc-4044-a364-73daaaa3f8ee","turnId":"ebf73182-e31b-4167-92db-69318a3e2f37","rootTurnId":"ebf73182-e31b-4167-92db-69318a3e2f37"}
{"timestamp":"2026-08-11T21:04:24.915Z","level":"info","message":"fs.appendMessages.ok {\"system\":\"fs\",\"sessionId\":\"sess_4a69a782-d3dc-4044-a364-73daaaa3f8ee\",\"messageCount\":1,\"durationMs\":10}","conversationId":"sess_4a69a782-d3dc-4044-a364-73daaaa3f8ee","turnId":"ebf73182-e31b-4167-92db-69318a3e2f37","rootTurnId":"ebf73182-e31b-4167-92db-69318a3e2f37"}
{"timestamp":"2026-08-11T21:04:26.223Z","level":"info","message":"model.invoke.start","conversationId":"sess_4a69a782-d3dc-4044-a364-73daaaa3f8ee","turnId":"ebf73182-e31b-4167-92db-69318a3e2f37","rootTurnId":"ebf73182-e31b-4167-92db-69318a3e2f37"}
{"timestamp":"2026-08-11T21:04:26.223Z","level":"info","message":"[Steering] Populating steering for execution ebf73182-e31b-4167-92db-69318a3e2f37","conversationId":"sess_4a69a782-d3dc-4044-a364-73daaaa3f8ee","turnId":"ebf73182-e31b-4167-92db-69318a3e2f37","rootTurnId":"ebf73182-e31b-4167-92db-69318a3e2f37"}
{"timestamp":"2026-08-11T21:04:26.223Z","level":"info","message":"[Steering] ExistingFiles: /home/nizar/HomeWspce/kiro-configs/settings/servers.yaml, /home/nizar/HomeWspce/kiro-multiagent/settings/cli.json, /home/nizar/HomeWspce/kiro-multiagent/agents/pilot.json, /home/nizar/HomeWspce/kiro-configs/settings/mcp.json in ebf73182-e31b-4167-92db-69318a3e2f37","conversationId":"sess_4a69a782-d3dc-4044-a364-73daaaa3f8ee","turnId":"ebf73182-e31b-4167-92db-69318a3e2f37","rootTurnId":"ebf73182-e31b-4167-92db-69318a3e2f37"}
{"timestamp":"2026-08-11T21:04:26.242Z","level":"info","message":"[q-developer-converse] Sending GenerateAssistantResponse modelId=auto agentMode=custom origin=KIRO_CLI streaming=true conversationId=sess_4a69a782-d3dc-4044-a364-73daaaa3f8ee","conversationId":"sess_4a69a782-d3dc-4044-a364-73daaaa3f8ee","turnId":"ebf73182-e31b-4167-92db-69318a3e2f37","rootTurnId":"ebf73182-e31b-4167-92db-69318a3e2f37"}
{"timestamp":"2026-08-11T21:04:26.244Z","level":"info","message":"[q-developer-converse] Request payload: 367908 chars, 108 history messages, conversationId=sess_4a69a782-d3dc-4044-a364-73daaaa3f8ee","conversationId":"sess_4a69a782-d3dc-4044-a364-73daaaa3f8ee","turnId":"ebf73182-e31b-4167-92db-69318a3e2f37","rootTurnId":"ebf73182-e31b-4167-92db-69318a3e2f37"}
{"timestamp":"2026-08-11T21:04:26.253Z","level":"info","message":"fs.appendMessages.ok {\"system\":\"fs\",\"sessionId\":\"sess_4a69a782-d3dc-4044-a364-73daaaa3f8ee\",\"messageCount\":2,\"durationMs\":35}","conversationId":"sess_4a69a782-d3dc-4044-a364-73daaaa3f8ee","turnId":"ebf73182-e31b-4167-92db-69318a3e2f37","rootTurnId":"ebf73182-e31b-4167-92db-69318a3e2f37"}
{"timestamp":"2026-08-11T21:04:29.275Z","level":"info","message":"fs.appendMessages.ok {\"system\":\"fs\",\"sessionId\":\"sess_4a69a782-d3dc-4044-a364-73daaaa3f8ee\",\"messageCount\":1,\"durationMs\":2}","conversationId":"sess_4a69a782-d3dc-4044-a364-73daaaa3f8ee","turnId":"ebf73182-e31b-4167-92db-69318a3e2f37","rootTurnId":"ebf73182-e31b-4167-92db-69318a3e2f37"}
{"timestamp":"2026-08-11T21:04:30.476Z","level":"info","message":"[ACPEventAdapter] Execution yielded {\"executionId\":\"ebf73182-e31b-4167-92db-69318a3e2f37\"}","conversationId":"sess_4a69a782-d3dc-4044-a364-73daaaa3f8ee","turnId":"ebf73182-e31b-4167-92db-69318a3e2f37","rootTurnId":"ebf73182-e31b-4167-92db-69318a3e2f37"}
{"timestamp":"2026-08-11T21:04:30.477Z","level":"info","message":"acp.policy-eval.complete {\"toolId\":\"run_command\",\"effect\":\"allow\",\"capability\":\"shell\"}","conversationId":"sess_4a69a782-d3dc-4044-a364-73daaaa3f8ee","turnId":"ebf73182-e31b-4167-92db-69318a3e2f37","rootTurnId":"ebf73182-e31b-4167-92db-69318a3e2f37"}
{"timestamp":"2026-08-11T21:04:30.477Z","level":"info","message":"[ACPEventAdapter] Execution resumed {\"executionId\":\"ebf73182-e31b-4167-92db-69318a3e2f37\"}","conversationId":"sess_4a69a782-d3dc-4044-a364-73daaaa3f8ee","turnId":"ebf73182-e31b-4167-92db-69318a3e2f37","rootTurnId":"ebf73182-e31b-4167-92db-69318a3e2f37"}
{"timestamp":"2026-08-11T21:04:30.492Z","level":"info","message":"fs.appendMessages.ok {\"system\":\"fs\",\"sessionId\":\"sess_4a69a782-d3dc-4044-a364-73daaaa3f8ee\",\"messageCount\":1,\"durationMs\":9}","conversationId":"sess_4a69a782-d3dc-4044-a364-73daaaa3f8ee","turnId":"ebf73182-e31b-4167-92db-69318a3e2f37","rootTurnId":"ebf73182-e31b-4167-92db-69318a3e2f37"}
{"timestamp":"2026-08-11T21:04:30.518Z","level":"info","message":"model.invoke.start","conversationId":"sess_4a69a782-d3dc-4044-a364-73daaaa3f8ee","turnId":"ebf73182-e31b-4167-92db-69318a3e2f37","rootTurnId":"ebf73182-e31b-4167-92db-69318a3e2f37"}
{"timestamp":"2026-08-11T21:04:30.518Z","level":"info","message":"[Steering] Populating steering for execution ebf73182-e31b-4167-92db-69318a3e2f37","conversationId":"sess_4a69a782-d3dc-4044-a364-73daaaa3f8ee","turnId":"ebf73182-e31b-4167-92db-69318a3e2f37","rootTurnId":"ebf73182-e31b-4167-92db-69318a3e2f37"}
{"timestamp":"2026-08-11T21:04:30.518Z","level":"info","message":"[Steering] ExistingFiles: /home/nizar/HomeWspce/kiro-configs/settings/servers.yaml, /home/nizar/HomeWspce/kiro-multiagent/settings/cli.json, /home/nizar/HomeWspce/kiro-multiagent/agents/pilot.json, /home/nizar/HomeWspce/kiro-configs/settings/mcp.json in ebf73182-e31b-4167-92db-69318a3e2f37","conversationId":"sess_4a69a782-d3dc-4044-a364-73daaaa3f8ee","turnId":"ebf73182-e31b-4167-92db-69318a3e2f37","rootTurnId":"ebf73182-e31b-4167-92db-69318a3e2f37"}
{"timestamp":"2026-08-11T21:04:30.531Z","level":"info","message":"[q-developer-converse] Sending GenerateAssistantResponse modelId=auto agentMode=custom origin=KIRO_CLI streaming=true conversationId=sess_4a69a782-d3dc-4044-a364-73daaaa3f8ee","conversationId":"sess_4a69a782-d3dc-4044-a364-73daaaa3f8ee","turnId":"ebf73182-e31b-4167-92db-69318a3e2f37","rootTurnId":"ebf73182-e31b-4167-92db-69318a3e2f37"}
{"timestamp":"2026-08-11T21:04:30.533Z","level":"info","message":"[q-developer-converse] Request payload: 368722 chars, 110 history messages, conversationId=sess_4a69a782-d3dc-4044-a364-73daaaa3f8ee","conversationId":"sess_4a69a782-d3dc-4044-a364-73daaaa3f8ee","turnId":"ebf73182-e31b-4167-92db-69318a3e2f37","rootTurnId":"ebf73182-e31b-4167-92db-69318a3e2f37"}
{"timestamp":"2026-08-11T21:04:30.541Z","level":"info","message":"fs.appendMessages.ok {\"system\":\"fs\",\"sessionId\":\"sess_4a69a782-d3dc-4044-a364-73daaaa3f8ee\",\"messageCount\":2,\"durationMs\":29}","conversationId":"sess_4a69a782-d3dc-4044-a364-73daaaa3f8ee","turnId":"ebf73182-e31b-4167-92db-69318a3e2f37","rootTurnId":"ebf73182-e31b-4167-92db-69318a3e2f37"}
{"timestamp":"2026-08-11T21:04:33.287Z","level":"info","message":"[ACPEventAdapter] Execution yielded {\"executionId\":\"ebf73182-e31b-4167-92db-69318a3e2f37\"}","conversationId":"sess_4a69a782-d3dc-4044-a364-73daaaa3f8ee","turnId":"ebf73182-e31b-4167-92db-69318a3e2f37","rootTurnId":"ebf73182-e31b-4167-92db-69318a3e2f37"}
{"timestamp":"2026-08-11T21:04:33.288Z","level":"info","message":"acp.policy-eval.complete {\"toolId\":\"run_command\",\"effect\":\"allow\",\"capability\":\"shell\"}","conversationId":"sess_4a69a782-d3dc-4044-a364-73daaaa3f8ee","turnId":"ebf73182-e31b-4167-92db-69318a3e2f37","rootTurnId":"ebf73182-e31b-4167-92db-69318a3e2f37"}
{"timestamp":"2026-08-11T21:04:33.288Z","level":"info","message":"[ACPEventAdapter] Execution resumed {\"executionId\":\"ebf73182-e31b-4167-92db-69318a3e2f37\"}","conversationId":"sess_4a69a782-d3dc-4044-a364-73daaaa3f8ee","turnId":"ebf73182-e31b-4167-92db-69318a3e2f37","rootTurnId":"ebf73182-e31b-4167-92db-69318a3e2f37"}
{"timestamp":"2026-08-11T21:04:33.301Z","level":"info","message":"model.invoke.start","conversationId":"sess_4a69a782-d3dc-4044-a364-73daaaa3f8ee","turnId":"ebf73182-e31b-4167-92db-69318a3e2f37","rootTurnId":"ebf73182-e31b-4167-92db-69318a3e2f37"}
{"timestamp":"2026-08-11T21:04:33.301Z","level":"info","message":"[Steering] Populating steering for execution ebf73182-e31b-4167-92db-69318a3e2f37","conversationId":"sess_4a69a782-d3dc-4044-a364-73daaaa3f8ee","turnId":"ebf73182-e31b-4167-92db-69318a3e2f37","rootTurnId":"ebf73182-e31b-4167-92db-69318a3e2f37"}
{"timestamp":"2026-08-11T21:04:33.302Z","level":"info","message":"[Steering] ExistingFiles: /home/nizar/HomeWspce/kiro-configs/settings/servers.yaml, /home/nizar/HomeWspce/kiro-multiagent/settings/cli.json, /home/nizar/HomeWspce/kiro-multiagent/agents/pilot.json, /home/nizar/HomeWspce/kiro-configs/settings/mcp.json in ebf73182-e31b-4167-92db-69318a3e2f37","conversationId":"sess_4a69a782-d3dc-4044-a364-73daaaa3f8ee","turnId":"ebf73182-e31b-4167-92db-69318a3e2f37","rootTurnId":"ebf73182-e31b-4167-92db-69318a3e2f37"}
{"timestamp":"2026-08-11T21:04:33.329Z","level":"info","message":"[q-developer-converse] Sending GenerateAssistantResponse modelId=auto agentMode=custom origin=KIRO_CLI streaming=true conversationId=sess_4a69a782-d3dc-4044-a364-73daaaa3f8ee","conversationId":"sess_4a69a782-d3dc-4044-a364-73daaaa3f8ee","turnId":"ebf73182-e31b-4167-92db-69318a3e2f37","rootTurnId":"ebf73182-e31b-4167-92db-69318a3e2f37"}
{"timestamp":"2026-08-11T21:04:33.332Z","level":"info","message":"[q-developer-converse] Request payload: 369749 chars, 112 history messages, conversationId=sess_4a69a782-d3dc-4044-a364-73daaaa3f8ee","conversationId":"sess_4a69a782-d3dc-4044-a364-73daaaa3f8ee","turnId":"ebf73182-e31b-4167-92db-69318a3e2f37","rootTurnId":"ebf73182-e31b-4167-92db-69318a3e2f37"}
{"timestamp":"2026-08-11T21:04:33.341Z","level":"info","message":"fs.appendMessages.ok {\"system\":\"fs\",\"sessionId\":\"sess_4a69a782-d3dc-4044-a364-73daaaa3f8ee\",\"messageCount\":1,\"durationMs\":47}","conversationId":"sess_4a69a782-d3dc-4044-a364-73daaaa3f8ee","turnId":"ebf73182-e31b-4167-92db-69318a3e2f37","rootTurnId":"ebf73182-e31b-4167-92db-69318a3e2f37"}
{"timestamp":"2026-08-11T21:04:33.351Z","level":"info","message":"fs.appendMessages.ok {\"system\":\"fs\",\"sessionId\":\"sess_4a69a782-d3dc-4044-a364-73daaaa3f8ee\",\"messageCount\":2,\"durationMs\":9}","conversationId":"sess_4a69a782-d3dc-4044-a364-73daaaa3f8ee","turnId":"ebf73182-e31b-4167-92db-69318a3e2f37","rootTurnId":"ebf73182-e31b-4167-92db-69318a3e2f37"}
{"timestamp":"2026-08-11T21:04:39.318Z","level":"info","message":"[ACPEventAdapter] Execution succeeded {\"executionId\":\"ebf73182-e31b-4167-92db-69318a3e2f37\"}","conversationId":"sess_4a69a782-d3dc-4044-a364-73daaaa3f8ee","turnId":"ebf73182-e31b-4167-92db-69318a3e2f37","rootTurnId":"ebf73182-e31b-4167-92db-69318a3e2f37"}
{"timestamp":"2026-08-11T21:04:39.326Z","level":"info","message":"fs.appendMessages.ok {\"system\":\"fs\",\"sessionId\":\"sess_4a69a782-d3dc-4044-a364-73daaaa3f8ee\",\"messageCount\":1,\"durationMs\":13}","conversationId":"sess_4a69a782-d3dc-4044-a364-73daaaa3f8ee","turnId":"ebf73182-e31b-4167-92db-69318a3e2f37","rootTurnId":"ebf73182-e31b-4167-92db-69318a3e2f37"}
{"timestamp":"2026-08-11T21:04:39.336Z","level":"info","message":"fs.appendMessages.ok {\"system\":\"fs\",\"sessionId\":\"sess_4a69a782-d3dc-4044-a364-73daaaa3f8ee\",\"messageCount\":1,\"durationMs\":10}","conversationId":"sess_4a69a782-d3dc-4044-a364-73daaaa3f8ee","turnId":"ebf73182-e31b-4167-92db-69318a3e2f37","rootTurnId":"ebf73182-e31b-4167-92db-69318a3e2f37"}
{"timestamp":"2026-08-11T21:04:39.338Z","level":"info","message":"fs.appendMessages.ok {\"system\":\"fs\",\"sessionId\":\"sess_4a69a782-d3dc-4044-a364-73daaaa3f8ee\",\"messageCount\":3,\"durationMs\":2}","conversationId":"sess_4a69a782-d3dc-4044-a364-73daaaa3f8ee","turnId":"ebf73182-e31b-4167-92db-69318a3e2f37","rootTurnId":"ebf73182-e31b-4167-92db-69318a3e2f37"}
{"timestamp":"2026-08-11T21:04:39.339Z","level":"info","message":"[agent-controller] Progressing model queue {\"activeExecution\":true,\"queueSize\":0}","conversationId":"sess_4a69a782-d3dc-4044-a364-73daaaa3f8ee","turnId":"ebf73182-e31b-4167-92db-69318a3e2f37","rootTurnId":"ebf73182-e31b-4167-92db-69318a3e2f37"}
{"timestamp":"2026-08-11T21:04:39.339Z","level":"info","message":"[agent-controller] Progressing model queue {\"activeExecution\":false,\"queueSize\":0}","conversationId":"sess_4a69a782-d3dc-4044-a364-73daaaa3f8ee","turnId":"ebf73182-e31b-4167-92db-69318a3e2f37","rootTurnId":"ebf73182-e31b-4167-92db-69318a3e2f37"}
{"timestamp":"2026-08-11T21:04:39.341Z","level":"info","message":"[SessionPersistence] Updated metadata for session sess_4a69a782-d3dc-4044-a364-73daaaa3f8ee","conversationId":"sess_4a69a782-d3dc-4044-a364-73daaaa3f8ee","turnId":"ebf73182-e31b-4167-92db-69318a3e2f37","rootTurnId":"ebf73182-e31b-4167-92db-69318a3e2f37"}
{"timestamp":"2026-08-11T21:07:43.841Z","level":"info","message":"network.listAvailableModels.ok {\"system\":\"network\",\"durationMs\":1032}"}
{"timestamp":"2026-08-11T21:07:43.841Z","level":"info","message":"[ACPModelConfigProvider] Loaded 19 models"}
{"timestamp":"2026-08-11T21:13:11.289Z","level":"info","message":"network.listAvailableModels.ok {\"system\":\"network\",\"durationMs\":187}"}
{"timestamp":"2026-08-11T21:13:11.289Z","level":"info","message":"[ACPModelConfigProvider] Loaded 19 models"}
{"timestamp":"2026-08-11T21:18:37.808Z","level":"info","message":"network.listAvailableModels.ok {\"system\":\"network\",\"durationMs\":2312}"}
{"timestamp":"2026-08-11T21:18:37.808Z","level":"info","message":"[ACPModelConfigProvider] Loaded 19 models"}
{"timestamp":"2026-08-11T21:24:01.511Z","level":"info","message":"network.listAvailableModels.ok {\"system\":\"network\",\"durationMs\":198}"}
{"timestamp":"2026-08-11T21:24:01.511Z","level":"info","message":"[ACPModelConfigProvider] Loaded 19 models"}
{"timestamp":"2026-08-11T21:29:15.760Z","level":"info","message":"network.listAvailableModels.ok {\"system\":\"network\",\"durationMs\":749}"}
{"timestamp":"2026-08-11T21:29:15.761Z","level":"info","message":"[ACPModelConfigProvider] Loaded 19 models"}
{"timestamp":"2026-08-11T21:34:33.818Z","level":"info","message":"network.listAvailableModels.ok {\"system\":\"network\",\"durationMs\":197}"}
{"timestamp":"2026-08-11T21:34:33.819Z","level":"info","message":"[ACPModelConfigProvider] Loaded 19 models"}
{"timestamp":"2026-08-11T21:39:51.544Z","level":"info","message":"network.listAvailableModels.ok {\"system\":\"network\",\"durationMs\":704}"}
{"timestamp":"2026-08-11T21:39:51.544Z","level":"info","message":"[ACPModelConfigProvider] Loaded 19 models"}
{"timestamp":"2026-08-11T21:45:10.213Z","level":"info","message":"network.listAvailableModels.ok {\"system\":\"network\",\"durationMs\":777}"}
{"timestamp":"2026-08-11T21:45:10.213Z","level":"info","message":"[ACPModelConfigProvider] Loaded 19 models"}
{"timestamp":"2026-08-11T21:50:29.051Z","level":"info","message":"network.listAvailableModels.ok {\"system\":\"network\",\"durationMs\":157}"}
{"timestamp":"2026-08-11T21:50:29.051Z","level":"info","message":"[ACPModelConfigProvider] Loaded 19 models"}
{"timestamp":"2026-08-11T21:55:45.120Z","level":"info","message":"network.listAvailableModels.ok {\"system\":\"network\",\"durationMs\":207}"}
{"timestamp":"2026-08-11T21:55:45.121Z","level":"info","message":"[ACPModelConfigProvider] Loaded 19 models"}
{"timestamp":"2026-08-11T22:01:04.107Z","level":"info","message":"network.listAvailableModels.ok {\"system\":\"network\",\"durationMs\":222}"}
{"timestamp":"2026-08-11T22:01:04.107Z","level":"info","message":"[ACPModelConfigProvider] Loaded 19 models"}
{"timestamp":"2026-08-11T22:06:29.568Z","level":"info","message":"network.listAvailableModels.ok {\"system\":\"network\",\"durationMs\":203}"}
{"timestamp":"2026-08-11T22:06:29.568Z","level":"info","message":"[ACPModelConfigProvider] Loaded 19 models"}
{"timestamp":"2026-08-11T22:11:50.113Z","level":"info","message":"network.listAvailableModels.ok {\"system\":\"network\",\"durationMs\":230}"}
{"timestamp":"2026-08-11T22:11:50.113Z","level":"info","message":"[ACPModelConfigProvider] Loaded 19 models"}
{"timestamp":"2026-08-11T22:12:04.188Z","level":"info","message":"[KiroAgent] ACP session/prompt sessionId=sess_4a69a782-d3dc-4044-a364-73daaaa3f8ee"}
{"timestamp":"2026-08-11T22:12:04.199Z","level":"info","message":"fs.appendMessages.ok {\"system\":\"fs\",\"sessionId\":\"sess_4a69a782-d3dc-4044-a364-73daaaa3f8ee\",\"messageCount\":1,\"durationMs\":8}"}
{"timestamp":"2026-08-11T22:12:04.470Z","level":"info","message":"network.getProfile.ok {\"system\":\"network\",\"durationMs\":267}"}
{"timestamp":"2026-08-11T22:12:04.470Z","level":"info","message":"[GovernanceService] Resolved {\"enterprise\":true,\"provider\":\"Enterprise\",\"profileArn\":\"arn:aws:codewhisperer:us-east-1:957201034306:profile/MEWCYDRVXUUD\",\"controlPlaneEndpoint\":\"https://management.us-east-1.kiro.dev\",\"mcpDisabled\":false,\"mcpReason\":\"admin_disabled\",\"webToolsDisabled\":false,\"autonomousAgentsDisabled\":false,\"disabledReason\":\"admin_disabled\",\"registryUrl\":\"\",\"catalogSize\":0}"}
{"timestamp":"2026-08-11T22:12:04.490Z","level":"info","message":"agent_controller.triggered {\"agentType\":\"custom-agent\",\"autonomyMode\":\"Autopilot\",\"modelId\":\"auto\"}","conversationId":"sess_4a69a782-d3dc-4044-a364-73daaaa3f8ee"}
{"timestamp":"2026-08-11T22:12:04.492Z","level":"info","message":"[agent-controller] Progressing model queue {\"activeExecution\":false,\"queueSize\":1}","conversationId":"sess_4a69a782-d3dc-4044-a364-73daaaa3f8ee"}
{"timestamp":"2026-08-11T22:12:04.493Z","level":"info","message":"[ACPEventAdapter] Execution began {\"executionId\":\"ebe30ab1-6d1a-4b41-9f3c-fd9d3313a523\"}","conversationId":"sess_4a69a782-d3dc-4044-a364-73daaaa3f8ee","turnId":"ebe30ab1-6d1a-4b41-9f3c-fd9d3313a523","rootTurnId":"ebe30ab1-6d1a-4b41-9f3c-fd9d3313a523"}
{"timestamp":"2026-08-11T22:12:04.502Z","level":"info","message":"fs.appendMessages.ok {\"system\":\"fs\",\"sessionId\":\"sess_4a69a782-d3dc-4044-a364-73daaaa3f8ee\",\"messageCount\":1,\"durationMs\":9}","conversationId":"sess_4a69a782-d3dc-4044-a364-73daaaa3f8ee","turnId":"ebe30ab1-6d1a-4b41-9f3c-fd9d3313a523","rootTurnId":"ebe30ab1-6d1a-4b41-9f3c-fd9d3313a523"}
{"timestamp":"2026-08-11T22:12:04.528Z","level":"info","message":"model.invoke.start","conversationId":"sess_4a69a782-d3dc-4044-a364-73daaaa3f8ee","turnId":"ebe30ab1-6d1a-4b41-9f3c-fd9d3313a523","rootTurnId":"ebe30ab1-6d1a-4b41-9f3c-fd9d3313a523"}
{"timestamp":"2026-08-11T22:12:04.528Z","level":"info","message":"[Steering] Populating steering for execution ebe30ab1-6d1a-4b41-9f3c-fd9d3313a523","conversationId":"sess_4a69a782-d3dc-4044-a364-73daaaa3f8ee","turnId":"ebe30ab1-6d1a-4b41-9f3c-fd9d3313a523","rootTurnId":"ebe30ab1-6d1a-4b41-9f3c-fd9d3313a523"}
{"timestamp":"2026-08-11T22:12:04.529Z","level":"info","message":"[Steering] ExistingFiles: /home/nizar/HomeWspce/kiro-configs/settings/servers.yaml, /home/nizar/HomeWspce/kiro-multiagent/settings/cli.json, /home/nizar/HomeWspce/kiro-multiagent/agents/pilot.json, /home/nizar/HomeWspce/kiro-configs/settings/mcp.json in ebe30ab1-6d1a-4b41-9f3c-fd9d3313a523","conversationId":"sess_4a69a782-d3dc-4044-a364-73daaaa3f8ee","turnId":"ebe30ab1-6d1a-4b41-9f3c-fd9d3313a523","rootTurnId":"ebe30ab1-6d1a-4b41-9f3c-fd9d3313a523"}
{"timestamp":"2026-08-11T22:12:04.537Z","level":"info","message":"[SessionPersistence] Updated metadata for session sess_4a69a782-d3dc-4044-a364-73daaaa3f8ee","conversationId":"sess_4a69a782-d3dc-4044-a364-73daaaa3f8ee","turnId":"ebe30ab1-6d1a-4b41-9f3c-fd9d3313a523","rootTurnId":"ebe30ab1-6d1a-4b41-9f3c-fd9d3313a523"}
{"timestamp":"2026-08-11T22:12:04.585Z","level":"info","message":"[q-developer-converse] Sending GenerateAssistantResponse modelId=auto agentMode=custom origin=KIRO_CLI streaming=true conversationId=sess_4a69a782-d3dc-4044-a364-73daaaa3f8ee","conversationId":"sess_4a69a782-d3dc-4044-a364-73daaaa3f8ee","turnId":"ebe30ab1-6d1a-4b41-9f3c-fd9d3313a523","rootTurnId":"ebe30ab1-6d1a-4b41-9f3c-fd9d3313a523"}
{"timestamp":"2026-08-11T22:12:04.590Z","level":"info","message":"[q-developer-converse] Request payload: 370406 chars, 114 history messages, conversationId=sess_4a69a782-d3dc-4044-a364-73daaaa3f8ee","conversationId":"sess_4a69a782-d3dc-4044-a364-73daaaa3f8ee","turnId":"ebe30ab1-6d1a-4b41-9f3c-fd9d3313a523","rootTurnId":"ebe30ab1-6d1a-4b41-9f3c-fd9d3313a523"}
{"timestamp":"2026-08-11T22:12:04.771Z","level":"info","message":"network.getFeatureConfiguration.ok {\"system\":\"network\",\"durationMs\":277}"}
{"timestamp":"2026-08-11T22:12:04.772Z","level":"info","message":"[ExperimentConfigService] Resolved {\"origin\":\"KIRO_CLI\",\"version\":\"2.16.2\",\"keyCount\":3}"}
{"timestamp":"2026-08-11T22:12:09.662Z","level":"warn","message":"[ProcessChunkStream] Tool not found: \"mcp_secondhand_mcp_get_listing_details\"","conversationId":"sess_4a69a782-d3dc-4044-a364-73daaaa3f8ee","turnId":"ebe30ab1-6d1a-4b41-9f3c-fd9d3313a523","rootTurnId":"ebe30ab1-6d1a-4b41-9f3c-fd9d3313a523"}
{"timestamp":"2026-08-11T22:12:09.662Z","level":"warn","message":"[ACPEventAdapter] Tool missing rawInput, falling back to input. {\"actionType\":\"mcp_secondhand_mcp_get_listing_details\"}","conversationId":"sess_4a69a782-d3dc-4044-a364-73daaaa3f8ee","turnId":"ebe30ab1-6d1a-4b41-9f3c-fd9d3313a523","rootTurnId":"ebe30ab1-6d1a-4b41-9f3c-fd9d3313a523"}
{"timestamp":"2026-08-11T22:12:09.662Z","level":"warn","message":"[ACPEventAdapter] Tool missing rawInput, falling back to input. {\"actionType\":\"mcp_secondhand_mcp_get_listing_details\"}","conversationId":"sess_4a69a782-d3dc-4044-a364-73daaaa3f8ee","turnId":"ebe30ab1-6d1a-4b41-9f3c-fd9d3313a523","rootTurnId":"ebe30ab1-6d1a-4b41-9f3c-fd9d3313a523"}
{"timestamp":"2026-08-11T22:12:09.675Z","level":"info","message":"fs.appendMessages.ok {\"system\":\"fs\",\"sessionId\":\"sess_4a69a782-d3dc-4044-a364-73daaaa3f8ee\",\"messageCount\":2,\"durationMs\":13}","conversationId":"sess_4a69a782-d3dc-4044-a364-73daaaa3f8ee","turnId":"ebe30ab1-6d1a-4b41-9f3c-fd9d3313a523","rootTurnId":"ebe30ab1-6d1a-4b41-9f3c-fd9d3313a523"}
{"timestamp":"2026-08-11T22:12:10.077Z","level":"info","message":"model.invoke.start","conversationId":"sess_4a69a782-d3dc-4044-a364-73daaaa3f8ee","turnId":"ebe30ab1-6d1a-4b41-9f3c-fd9d3313a523","rootTurnId":"ebe30ab1-6d1a-4b41-9f3c-fd9d3313a523"}
{"timestamp":"2026-08-11T22:12:10.077Z","level":"info","message":"[Steering] Populating steering for execution ebe30ab1-6d1a-4b41-9f3c-fd9d3313a523","conversationId":"sess_4a69a782-d3dc-4044-a364-73daaaa3f8ee","turnId":"ebe30ab1-6d1a-4b41-9f3c-fd9d3313a523","rootTurnId":"ebe30ab1-6d1a-4b41-9f3c-fd9d3313a523"}
{"timestamp":"2026-08-11T22:12:10.078Z","level":"info","message":"[Steering] ExistingFiles: /home/nizar/HomeWspce/kiro-configs/settings/servers.yaml, /home/nizar/HomeWspce/kiro-multiagent/settings/cli.json, /home/nizar/HomeWspce/kiro-multiagent/agents/pilot.json, /home/nizar/HomeWspce/kiro-configs/settings/mcp.json in ebe30ab1-6d1a-4b41-9f3c-fd9d3313a523","conversationId":"sess_4a69a782-d3dc-4044-a364-73daaaa3f8ee","turnId":"ebe30ab1-6d1a-4b41-9f3c-fd9d3313a523","rootTurnId":"ebe30ab1-6d1a-4b41-9f3c-fd9d3313a523"}
{"timestamp":"2026-08-11T22:12:10.117Z","level":"info","message":"[q-developer-converse] Sending GenerateAssistantResponse modelId=auto agentMode=custom origin=KIRO_CLI streaming=true conversationId=sess_4a69a782-d3dc-4044-a364-73daaaa3f8ee","conversationId":"sess_4a69a782-d3dc-4044-a364-73daaaa3f8ee","turnId":"ebe30ab1-6d1a-4b41-9f3c-fd9d3313a523","rootTurnId":"ebe30ab1-6d1a-4b41-9f3c-fd9d3313a523"}
{"timestamp":"2026-08-11T22:12:10.124Z","level":"info","message":"[q-developer-converse] Request payload: 370866 chars, 116 history messages, conversationId=sess_4a69a782-d3dc-4044-a364-73daaaa3f8ee","conversationId":"sess_4a69a782-d3dc-4044-a364-73daaaa3f8ee","turnId":"ebe30ab1-6d1a-4b41-9f3c-fd9d3313a523","rootTurnId":"ebe30ab1-6d1a-4b41-9f3c-fd9d3313a523"}
{"timestamp":"2026-08-11T22:12:10.146Z","level":"info","message":"fs.appendMessages.ok {\"system\":\"fs\",\"sessionId\":\"sess_4a69a782-d3dc-4044-a364-73daaaa3f8ee\",\"messageCount\":1,\"durationMs\":77}","conversationId":"sess_4a69a782-d3dc-4044-a364-73daaaa3f8ee","turnId":"ebe30ab1-6d1a-4b41-9f3c-fd9d3313a523","rootTurnId":"ebe30ab1-6d1a-4b41-9f3c-fd9d3313a523"}
{"timestamp":"2026-08-11T22:12:15.685Z","level":"info","message":"fs.appendMessages.ok {\"system\":\"fs\",\"sessionId\":\"sess_4a69a782-d3dc-4044-a364-73daaaa3f8ee\",\"messageCount\":2,\"durationMs\":8}","conversationId":"sess_4a69a782-d3dc-4044-a364-73daaaa3f8ee","turnId":"ebe30ab1-6d1a-4b41-9f3c-fd9d3313a523","rootTurnId":"ebe30ab1-6d1a-4b41-9f3c-fd9d3313a523"}
{"timestamp":"2026-08-11T22:12:15.717Z","level":"info","message":"model.invoke.start","conversationId":"sess_4a69a782-d3dc-4044-a364-73daaaa3f8ee","turnId":"ebe30ab1-6d1a-4b41-9f3c-fd9d3313a523","rootTurnId":"ebe30ab1-6d1a-4b41-9f3c-fd9d3313a523"}
{"timestamp":"2026-08-11T22:12:15.717Z","level":"info","message":"[Steering] Populating steering for execution ebe30ab1-6d1a-4b41-9f3c-fd9d3313a523","conversationId":"sess_4a69a782-d3dc-4044-a364-73daaaa3f8ee","turnId":"ebe30ab1-6d1a-4b41-9f3c-fd9d3313a523","rootTurnId":"ebe30ab1-6d1a-4b41-9f3c-fd9d3313a523"}
{"timestamp":"2026-08-11T22:12:15.718Z","level":"info","message":"[Steering] ExistingFiles: /home/nizar/HomeWspce/kiro-configs/settings/servers.yaml, /home/nizar/HomeWspce/kiro-multiagent/settings/cli.json, /home/nizar/HomeWspce/kiro-multiagent/agents/pilot.json, /home/nizar/HomeWspce/kiro-configs/settings/mcp.json in ebe30ab1-6d1a-4b41-9f3c-fd9d3313a523","conversationId":"sess_4a69a782-d3dc-4044-a364-73daaaa3f8ee","turnId":"ebe30ab1-6d1a-4b41-9f3c-fd9d3313a523","rootTurnId":"ebe30ab1-6d1a-4b41-9f3c-fd9d3313a523"}
{"timestamp":"2026-08-11T22:12:15.754Z","level":"info","message":"[q-developer-converse] Sending GenerateAssistantResponse modelId=auto agentMode=custom origin=KIRO_CLI streaming=true conversationId=sess_4a69a782-d3dc-4044-a364-73daaaa3f8ee","conversationId":"sess_4a69a782-d3dc-4044-a364-73daaaa3f8ee","turnId":"ebe30ab1-6d1a-4b41-9f3c-fd9d3313a523","rootTurnId":"ebe30ab1-6d1a-4b41-9f3c-fd9d3313a523"}
{"timestamp":"2026-08-11T22:12:15.758Z","level":"info","message":"[q-developer-converse] Request payload: 371389 chars, 118 history messages, conversationId=sess_4a69a782-d3dc-4044-a364-73daaaa3f8ee","conversationId":"sess_4a69a782-d3dc-4044-a364-73daaaa3f8ee","turnId":"ebe30ab1-6d1a-4b41-9f3c-fd9d3313a523","rootTurnId":"ebe30ab1-6d1a-4b41-9f3c-fd9d3313a523"}
{"timestamp":"2026-08-11T22:12:15.773Z","level":"info","message":"fs.appendMessages.ok {\"system\":\"fs\",\"sessionId\":\"sess_4a69a782-d3dc-4044-a364-73daaaa3f8ee\",\"messageCount\":1,\"durationMs\":62}","conversationId":"sess_4a69a782-d3dc-4044-a364-73daaaa3f8ee","turnId":"ebe30ab1-6d1a-4b41-9f3c-fd9d3313a523","rootTurnId":"ebe30ab1-6d1a-4b41-9f3c-fd9d3313a523"}
{"timestamp":"2026-08-11T22:12:24.857Z","level":"info","message":"fs.appendMessages.ok {\"system\":\"fs\",\"sessionId\":\"sess_4a69a782-d3dc-4044-a364-73daaaa3f8ee\",\"messageCount\":2,\"durationMs\":3}","conversationId":"sess_4a69a782-d3dc-4044-a364-73daaaa3f8ee","turnId":"ebe30ab1-6d1a-4b41-9f3c-fd9d3313a523","rootTurnId":"ebe30ab1-6d1a-4b41-9f3c-fd9d3313a523"}
{"timestamp":"2026-08-11T22:12:24.869Z","level":"info","message":"model.invoke.start","conversationId":"sess_4a69a782-d3dc-4044-a364-73daaaa3f8ee","turnId":"ebe30ab1-6d1a-4b41-9f3c-fd9d3313a523","rootTurnId":"ebe30ab1-6d1a-4b41-9f3c-fd9d3313a523"}
{"timestamp":"2026-08-11T22:12:24.869Z","level":"info","message":"[Steering] Populating steering for execution ebe30ab1-6d1a-4b41-9f3c-fd9d3313a523","conversationId":"sess_4a69a782-d3dc-4044-a364-73daaaa3f8ee","turnId":"ebe30ab1-6d1a-4b41-9f3c-fd9d3313a523","rootTurnId":"ebe30ab1-6d1a-4b41-9f3c-fd9d3313a523"}
{"timestamp":"2026-08-11T22:12:24.869Z","level":"info","message":"[Steering] ExistingFiles: /home/nizar/HomeWspce/kiro-configs/settings/servers.yaml, /home/nizar/HomeWspce/kiro-multiagent/settings/cli.json, /home/nizar/HomeWspce/kiro-multiagent/agents/pilot.json, /home/nizar/HomeWspce/kiro-configs/settings/mcp.json in ebe30ab1-6d1a-4b41-9f3c-fd9d3313a523","conversationId":"sess_4a69a782-d3dc-4044-a364-73daaaa3f8ee","turnId":"ebe30ab1-6d1a-4b41-9f3c-fd9d3313a523","rootTurnId":"ebe30ab1-6d1a-4b41-9f3c-fd9d3313a523"}
{"timestamp":"2026-08-11T22:12:24.907Z","level":"info","message":"[q-developer-converse] Sending GenerateAssistantResponse modelId=auto agentMode=custom origin=KIRO_CLI streaming=true conversationId=sess_4a69a782-d3dc-4044-a364-73daaaa3f8ee","conversationId":"sess_4a69a782-d3dc-4044-a364-73daaaa3f8ee","turnId":"ebe30ab1-6d1a-4b41-9f3c-fd9d3313a523","rootTurnId":"ebe30ab1-6d1a-4b41-9f3c-fd9d3313a523"}
{"timestamp":"2026-08-11T22:12:24.913Z","level":"info","message":"[q-developer-converse] Request payload: 384041 chars, 120 history messages, conversationId=sess_4a69a782-d3dc-4044-a364-73daaaa3f8ee","conversationId":"sess_4a69a782-d3dc-4044-a364-73daaaa3f8ee","turnId":"ebe30ab1-6d1a-4b41-9f3c-fd9d3313a523","rootTurnId":"ebe30ab1-6d1a-4b41-9f3c-fd9d3313a523"}
{"timestamp":"2026-08-11T22:12:24.924Z","level":"info","message":"fs.appendMessages.ok {\"system\":\"fs\",\"sessionId\":\"sess_4a69a782-d3dc-4044-a364-73daaaa3f8ee\",\"messageCount\":1,\"durationMs\":61}","conversationId":"sess_4a69a782-d3dc-4044-a364-73daaaa3f8ee","turnId":"ebe30ab1-6d1a-4b41-9f3c-fd9d3313a523","rootTurnId":"ebe30ab1-6d1a-4b41-9f3c-fd9d3313a523"}
{"timestamp":"2026-08-11T22:12:29.730Z","level":"info","message":"fs.appendMessages.ok {\"system\":\"fs\",\"sessionId\":\"sess_4a69a782-d3dc-4044-a364-73daaaa3f8ee\",\"messageCount\":1,\"durationMs\":3}","conversationId":"sess_4a69a782-d3dc-4044-a364-73daaaa3f8ee","turnId":"ebe30ab1-6d1a-4b41-9f3c-fd9d3313a523","rootTurnId":"ebe30ab1-6d1a-4b41-9f3c-fd9d3313a523"}
{"timestamp":"2026-08-11T22:12:30.275Z","level":"info","message":"acp.policy-eval.complete {\"toolId\":\"web_fetch\",\"effect\":\"allow\",\"capability\":\"web_fetch\"}","conversationId":"sess_4a69a782-d3dc-4044-a364-73daaaa3f8ee","turnId":"ebe30ab1-6d1a-4b41-9f3c-fd9d3313a523","rootTurnId":"ebe30ab1-6d1a-4b41-9f3c-fd9d3313a523"}
{"timestamp":"2026-08-11T22:12:30.309Z","level":"info","message":"fs.appendMessages.ok {\"system\":\"fs\",\"sessionId\":\"sess_4a69a782-d3dc-4044-a364-73daaaa3f8ee\",\"messageCount\":1,\"durationMs\":13}","conversationId":"sess_4a69a782-d3dc-4044-a364-73daaaa3f8ee","turnId":"ebe30ab1-6d1a-4b41-9f3c-fd9d3313a523","rootTurnId":"ebe30ab1-6d1a-4b41-9f3c-fd9d3313a523"}
{"timestamp":"2026-08-11T22:12:33.076Z","level":"warn","message":"[WebFetch] Readability could not extract content","conversationId":"sess_4a69a782-d3dc-4044-a364-73daaaa3f8ee","turnId":"ebe30ab1-6d1a-4b41-9f3c-fd9d3313a523","rootTurnId":"ebe30ab1-6d1a-4b41-9f3c-fd9d3313a523"}
{"timestamp":"2026-08-11T22:12:33.087Z","level":"info","message":"model.invoke.start","conversationId":"sess_4a69a782-d3dc-4044-a364-73daaaa3f8ee","turnId":"ebe30ab1-6d1a-4b41-9f3c-fd9d3313a523","rootTurnId":"ebe30ab1-6d1a-4b41-9f3c-fd9d3313a523"}
{"timestamp":"2026-08-11T22:12:33.087Z","level":"info","message":"[Steering] Populating steering for execution ebe30ab1-6d1a-4b41-9f3c-fd9d3313a523","conversationId":"sess_4a69a782-d3dc-4044-a364-73daaaa3f8ee","turnId":"ebe30ab1-6d1a-4b41-9f3c-fd9d3313a523","rootTurnId":"ebe30ab1-6d1a-4b41-9f3c-fd9d3313a523"}
{"timestamp":"2026-08-11T22:12:33.087Z","level":"info","message":"[Steering] ExistingFiles: /home/nizar/HomeWspce/kiro-configs/settings/servers.yaml, /home/nizar/HomeWspce/kiro-multiagent/settings/cli.json, /home/nizar/HomeWspce/kiro-multiagent/agents/pilot.json, /home/nizar/HomeWspce/kiro-configs/settings/mcp.json in ebe30ab1-6d1a-4b41-9f3c-fd9d3313a523","conversationId":"sess_4a69a782-d3dc-4044-a364-73daaaa3f8ee","turnId":"ebe30ab1-6d1a-4b41-9f3c-fd9d3313a523","rootTurnId":"ebe30ab1-6d1a-4b41-9f3c-fd9d3313a523"}
{"timestamp":"2026-08-11T22:12:33.119Z","level":"info","message":"[q-developer-converse] Sending GenerateAssistantResponse modelId=auto agentMode=custom origin=KIRO_CLI streaming=true conversationId=sess_4a69a782-d3dc-4044-a364-73daaaa3f8ee","conversationId":"sess_4a69a782-d3dc-4044-a364-73daaaa3f8ee","turnId":"ebe30ab1-6d1a-4b41-9f3c-fd9d3313a523","rootTurnId":"ebe30ab1-6d1a-4b41-9f3c-fd9d3313a523"}
{"timestamp":"2026-08-11T22:12:33.122Z","level":"info","message":"[q-developer-converse] Request payload: 384727 chars, 122 history messages, conversationId=sess_4a69a782-d3dc-4044-a364-73daaaa3f8ee","conversationId":"sess_4a69a782-d3dc-4044-a364-73daaaa3f8ee","turnId":"ebe30ab1-6d1a-4b41-9f3c-fd9d3313a523","rootTurnId":"ebe30ab1-6d1a-4b41-9f3c-fd9d3313a523"}
{"timestamp":"2026-08-11T22:12:33.133Z","level":"info","message":"fs.appendMessages.ok {\"system\":\"fs\",\"sessionId\":\"sess_4a69a782-d3dc-4044-a364-73daaaa3f8ee\",\"messageCount\":2,\"durationMs\":55}","conversationId":"sess_4a69a782-d3dc-4044-a364-73daaaa3f8ee","turnId":"ebe30ab1-6d1a-4b41-9f3c-fd9d3313a523","rootTurnId":"ebe30ab1-6d1a-4b41-9f3c-fd9d3313a523"}
{"timestamp":"2026-08-11T22:12:36.235Z","level":"warn","message":"[ProcessChunkStream] Tool not found: \"mcp_firecrawl_firecrawl_scrape\"","conversationId":"sess_4a69a782-d3dc-4044-a364-73daaaa3f8ee","turnId":"ebe30ab1-6d1a-4b41-9f3c-fd9d3313a523","rootTurnId":"ebe30ab1-6d1a-4b41-9f3c-fd9d3313a523"}
{"timestamp":"2026-08-11T22:12:36.235Z","level":"warn","message":"[PersistenceClassification] Unknown action type \"mcp_firecrawl_firecrawl_scrape\" — defaulting to \"tool\". Add it to KnownActionType in persistence-classification.ts.","conversationId":"sess_4a69a782-d3dc-4044-a364-73daaaa3f8ee","turnId":"ebe30ab1-6d1a-4b41-9f3c-fd9d3313a523","rootTurnId":"ebe30ab1-6d1a-4b41-9f3c-fd9d3313a523"}
{"timestamp":"2026-08-11T22:12:36.235Z","level":"warn","message":"[ACPEventAdapter] Action type has no dedicated handler and is being routed as a tool call. If this is a new non-tool action, add it to DispatchedActionType. {\"actionType\":\"mcp_firecrawl_firecrawl_scrape\"}","conversationId":"sess_4a69a782-d3dc-4044-a364-73daaaa3f8ee","turnId":"ebe30ab1-6d1a-4b41-9f3c-fd9d3313a523","rootTurnId":"ebe30ab1-6d1a-4b41-9f3c-fd9d3313a523"}
{"timestamp":"2026-08-11T22:12:36.235Z","level":"warn","message":"[ACPEventAdapter] Tool missing rawInput, falling back to input. {\"actionType\":\"mcp_firecrawl_firecrawl_scrape\"}","conversationId":"sess_4a69a782-d3dc-4044-a364-73daaaa3f8ee","turnId":"ebe30ab1-6d1a-4b41-9f3c-fd9d3313a523","rootTurnId":"ebe30ab1-6d1a-4b41-9f3c-fd9d3313a523"}
{"timestamp":"2026-08-11T22:12:36.236Z","level":"warn","message":"[ACPEventAdapter] Tool missing rawInput, falling back to input. {\"actionType\":\"mcp_firecrawl_firecrawl_scrape\"}","conversationId":"sess_4a69a782-d3dc-4044-a364-73daaaa3f8ee","turnId":"ebe30ab1-6d1a-4b41-9f3c-fd9d3313a523","rootTurnId":"ebe30ab1-6d1a-4b41-9f3c-fd9d3313a523"}
{"timestamp":"2026-08-11T22:12:36.238Z","level":"info","message":"fs.appendMessages.ok {\"system\":\"fs\",\"sessionId\":\"sess_4a69a782-d3dc-4044-a364-73daaaa3f8ee\",\"messageCount\":2,\"durationMs\":2}","conversationId":"sess_4a69a782-d3dc-4044-a364-73daaaa3f8ee","turnId":"ebe30ab1-6d1a-4b41-9f3c-fd9d3313a523","rootTurnId":"ebe30ab1-6d1a-4b41-9f3c-fd9d3313a523"}
{"timestamp":"2026-08-11T22:12:37.168Z","level":"info","message":"model.invoke.start","conversationId":"sess_4a69a782-d3dc-4044-a364-73daaaa3f8ee","turnId":"ebe30ab1-6d1a-4b41-9f3c-fd9d3313a523","rootTurnId":"ebe30ab1-6d1a-4b41-9f3c-fd9d3313a523"}
{"timestamp":"2026-08-11T22:12:37.168Z","level":"info","message":"[Steering] Populating steering for execution ebe30ab1-6d1a-4b41-9f3c-fd9d3313a523","conversationId":"sess_4a69a782-d3dc-4044-a364-73daaaa3f8ee","turnId":"ebe30ab1-6d1a-4b41-9f3c-fd9d3313a523","rootTurnId":"ebe30ab1-6d1a-4b41-9f3c-fd9d3313a523"}
{"timestamp":"2026-08-11T22:12:37.168Z","level":"info","message":"[Steering] ExistingFiles: /home/nizar/HomeWspce/kiro-configs/settings/servers.yaml, /home/nizar/HomeWspce/kiro-multiagent/settings/cli.json, /home/nizar/HomeWspce/kiro-multiagent/agents/pilot.json, /home/nizar/HomeWspce/kiro-configs/settings/mcp.json in ebe30ab1-6d1a-4b41-9f3c-fd9d3313a523","conversationId":"sess_4a69a782-d3dc-4044-a364-73daaaa3f8ee","turnId":"ebe30ab1-6d1a-4b41-9f3c-fd9d3313a523","rootTurnId":"ebe30ab1-6d1a-4b41-9f3c-fd9d3313a523"}
{"timestamp":"2026-08-11T22:12:37.189Z","level":"info","message":"[q-developer-converse] Sending GenerateAssistantResponse modelId=auto agentMode=custom origin=KIRO_CLI streaming=true conversationId=sess_4a69a782-d3dc-4044-a364-73daaaa3f8ee","conversationId":"sess_4a69a782-d3dc-4044-a364-73daaaa3f8ee","turnId":"ebe30ab1-6d1a-4b41-9f3c-fd9d3313a523","rootTurnId":"ebe30ab1-6d1a-4b41-9f3c-fd9d3313a523"}
{"timestamp":"2026-08-11T22:12:37.193Z","level":"info","message":"[q-developer-converse] Request payload: 385279 chars, 124 history messages, conversationId=sess_4a69a782-d3dc-4044-a364-73daaaa3f8ee","conversationId":"sess_4a69a782-d3dc-4044-a364-73daaaa3f8ee","turnId":"ebe30ab1-6d1a-4b41-9f3c-fd9d3313a523","rootTurnId":"ebe30ab1-6d1a-4b41-9f3c-fd9d3313a523"}
{"timestamp":"2026-08-11T22:12:37.203Z","level":"info","message":"fs.appendMessages.ok {\"system\":\"fs\",\"sessionId\":\"sess_4a69a782-d3dc-4044-a364-73daaaa3f8ee\",\"messageCount\":1,\"durationMs\":39}","conversationId":"sess_4a69a782-d3dc-4044-a364-73daaaa3f8ee","turnId":"ebe30ab1-6d1a-4b41-9f3c-fd9d3313a523","rootTurnId":"ebe30ab1-6d1a-4b41-9f3c-fd9d3313a523"}
{"timestamp":"2026-08-11T22:12:39.800Z","level":"info","message":"fs.appendMessages.ok {\"system\":\"fs\",\"sessionId\":\"sess_4a69a782-d3dc-4044-a364-73daaaa3f8ee\",\"messageCount\":2,\"durationMs\":3}","conversationId":"sess_4a69a782-d3dc-4044-a364-73daaaa3f8ee","turnId":"ebe30ab1-6d1a-4b41-9f3c-fd9d3313a523","rootTurnId":"ebe30ab1-6d1a-4b41-9f3c-fd9d3313a523"}
{"timestamp":"2026-08-11T22:12:39.807Z","level":"info","message":"model.invoke.start","conversationId":"sess_4a69a782-d3dc-4044-a364-73daaaa3f8ee","turnId":"ebe30ab1-6d1a-4b41-9f3c-fd9d3313a523","rootTurnId":"ebe30ab1-6d1a-4b41-9f3c-fd9d3313a523"}
{"timestamp":"2026-08-11T22:12:39.807Z","level":"info","message":"[Steering] Populating steering for execution ebe30ab1-6d1a-4b41-9f3c-fd9d3313a523","conversationId":"sess_4a69a782-d3dc-4044-a364-73daaaa3f8ee","turnId":"ebe30ab1-6d1a-4b41-9f3c-fd9d3313a523","rootTurnId":"ebe30ab1-6d1a-4b41-9f3c-fd9d3313a523"}
{"timestamp":"2026-08-11T22:12:39.807Z","level":"info","message":"[Steering] ExistingFiles: /home/nizar/HomeWspce/kiro-configs/settings/servers.yaml, /home/nizar/HomeWspce/kiro-multiagent/settings/cli.json, /home/nizar/HomeWspce/kiro-multiagent/agents/pilot.json, /home/nizar/HomeWspce/kiro-configs/settings/mcp.json in ebe30ab1-6d1a-4b41-9f3c-fd9d3313a523","conversationId":"sess_4a69a782-d3dc-4044-a364-73daaaa3f8ee","turnId":"ebe30ab1-6d1a-4b41-9f3c-fd9d3313a523","rootTurnId":"ebe30ab1-6d1a-4b41-9f3c-fd9d3313a523"}
{"timestamp":"2026-08-11T22:12:39.831Z","level":"info","message":"[q-developer-converse] Sending GenerateAssistantResponse modelId=auto agentMode=custom origin=KIRO_CLI streaming=true conversationId=sess_4a69a782-d3dc-4044-a364-73daaaa3f8ee","conversationId":"sess_4a69a782-d3dc-4044-a364-73daaaa3f8ee","turnId":"ebe30ab1-6d1a-4b41-9f3c-fd9d3313a523","rootTurnId":"ebe30ab1-6d1a-4b41-9f3c-fd9d3313a523"}
{"timestamp":"2026-08-11T22:12:39.834Z","level":"info","message":"[q-developer-converse] Request payload: 390580 chars, 126 history messages, conversationId=sess_4a69a782-d3dc-4044-a364-73daaaa3f8ee","conversationId":"sess_4a69a782-d3dc-4044-a364-73daaaa3f8ee","turnId":"ebe30ab1-6d1a-4b41-9f3c-fd9d3313a523","rootTurnId":"ebe30ab1-6d1a-4b41-9f3c-fd9d3313a523"}
{"timestamp":"2026-08-11T22:12:39.845Z","level":"info","message":"fs.appendMessages.ok {\"system\":\"fs\",\"sessionId\":\"sess_4a69a782-d3dc-4044-a364-73daaaa3f8ee\",\"messageCount\":1,\"durationMs\":42}","conversationId":"sess_4a69a782-d3dc-4044-a364-73daaaa3f8ee","turnId":"ebe30ab1-6d1a-4b41-9f3c-fd9d3313a523","rootTurnId":"ebe30ab1-6d1a-4b41-9f3c-fd9d3313a523"}
{"timestamp":"2026-08-11T22:12:45.203Z","level":"info","message":"[ACPEventAdapter] Execution yielded {\"executionId\":\"ebe30ab1-6d1a-4b41-9f3c-fd9d3313a523\"}","conversationId":"sess_4a69a782-d3dc-4044-a364-73daaaa3f8ee","turnId":"ebe30ab1-6d1a-4b41-9f3c-fd9d3313a523","rootTurnId":"ebe30ab1-6d1a-4b41-9f3c-fd9d3313a523"}
{"timestamp":"2026-08-11T22:12:45.204Z","level":"info","message":"acp.policy-eval.complete {\"toolId\":\"mcp_firecrawl_firecrawl_scrape\",\"effect\":\"allow\",\"capability\":\"mcp\"}","conversationId":"sess_4a69a782-d3dc-4044-a364-73daaaa3f8ee","turnId":"ebe30ab1-6d1a-4b41-9f3c-fd9d3313a523","rootTurnId":"ebe30ab1-6d1a-4b41-9f3c-fd9d3313a523"}
{"timestamp":"2026-08-11T22:12:45.204Z","level":"info","message":"[ACPEventAdapter] Execution resumed {\"executionId\":\"ebe30ab1-6d1a-4b41-9f3c-fd9d3313a523\"}","conversationId":"sess_4a69a782-d3dc-4044-a364-73daaaa3f8ee","turnId":"ebe30ab1-6d1a-4b41-9f3c-fd9d3313a523","rootTurnId":"ebe30ab1-6d1a-4b41-9f3c-fd9d3313a523"}
{"timestamp":"2026-08-11T22:12:45.226Z","level":"info","message":"fs.appendMessages.ok {\"system\":\"fs\",\"sessionId\":\"sess_4a69a782-d3dc-4044-a364-73daaaa3f8ee\",\"messageCount\":1,\"durationMs\":14}","conversationId":"sess_4a69a782-d3dc-4044-a364-73daaaa3f8ee","turnId":"ebe30ab1-6d1a-4b41-9f3c-fd9d3313a523","rootTurnId":"ebe30ab1-6d1a-4b41-9f3c-fd9d3313a523"}
{"timestamp":"2026-08-11T22:12:45.532Z","level":"info","message":"model.invoke.start","conversationId":"sess_4a69a782-d3dc-4044-a364-73daaaa3f8ee","turnId":"ebe30ab1-6d1a-4b41-9f3c-fd9d3313a523","rootTurnId":"ebe30ab1-6d1a-4b41-9f3c-fd9d3313a523"}
{"timestamp":"2026-08-11T22:12:45.532Z","level":"info","message":"[Steering] Populating steering for execution ebe30ab1-6d1a-4b41-9f3c-fd9d3313a523","conversationId":"sess_4a69a782-d3dc-4044-a364-73daaaa3f8ee","turnId":"ebe30ab1-6d1a-4b41-9f3c-fd9d3313a523","rootTurnId":"ebe30ab1-6d1a-4b41-9f3c-fd9d3313a523"}
{"timestamp":"2026-08-11T22:12:45.532Z","level":"info","message":"[Steering] ExistingFiles: /home/nizar/HomeWspce/kiro-configs/settings/servers.yaml, /home/nizar/HomeWspce/kiro-multiagent/settings/cli.json, /home/nizar/HomeWspce/kiro-multiagent/agents/pilot.json, /home/nizar/HomeWspce/kiro-configs/settings/mcp.json in ebe30ab1-6d1a-4b41-9f3c-fd9d3313a523","conversationId":"sess_4a69a782-d3dc-4044-a364-73daaaa3f8ee","turnId":"ebe30ab1-6d1a-4b41-9f3c-fd9d3313a523","rootTurnId":"ebe30ab1-6d1a-4b41-9f3c-fd9d3313a523"}
{"timestamp":"2026-08-11T22:12:45.544Z","level":"info","message":"[q-developer-converse] Sending GenerateAssistantResponse modelId=auto agentMode=custom origin=KIRO_CLI streaming=true conversationId=sess_4a69a782-d3dc-4044-a364-73daaaa3f8ee","conversationId":"sess_4a69a782-d3dc-4044-a364-73daaaa3f8ee","turnId":"ebe30ab1-6d1a-4b41-9f3c-fd9d3313a523","rootTurnId":"ebe30ab1-6d1a-4b41-9f3c-fd9d3313a523"}
{"timestamp":"2026-08-11T22:12:45.550Z","level":"info","message":"[q-developer-converse] Request payload: 391360 chars, 128 history messages, conversationId=sess_4a69a782-d3dc-4044-a364-73daaaa3f8ee","conversationId":"sess_4a69a782-d3dc-4044-a364-73daaaa3f8ee","turnId":"ebe30ab1-6d1a-4b41-9f3c-fd9d3313a523","rootTurnId":"ebe30ab1-6d1a-4b41-9f3c-fd9d3313a523"}
{"timestamp":"2026-08-11T22:12:45.560Z","level":"info","message":"fs.appendMessages.ok {\"system\":\"fs\",\"sessionId\":\"sess_4a69a782-d3dc-4044-a364-73daaaa3f8ee\",\"messageCount\":2,\"durationMs\":34}","conversationId":"sess_4a69a782-d3dc-4044-a364-73daaaa3f8ee","turnId":"ebe30ab1-6d1a-4b41-9f3c-fd9d3313a523","rootTurnId":"ebe30ab1-6d1a-4b41-9f3c-fd9d3313a523"}
{"timestamp":"2026-08-11T22:13:00.100Z","level":"info","message":"[ACPEventAdapter] Execution succeeded {\"executionId\":\"ebe30ab1-6d1a-4b41-9f3c-fd9d3313a523\"}","conversationId":"sess_4a69a782-d3dc-4044-a364-73daaaa3f8ee","turnId":"ebe30ab1-6d1a-4b41-9f3c-fd9d3313a523","rootTurnId":"ebe30ab1-6d1a-4b41-9f3c-fd9d3313a523"}
{"timestamp":"2026-08-11T22:13:00.112Z","level":"info","message":"fs.appendMessages.ok {\"system\":\"fs\",\"sessionId\":\"sess_4a69a782-d3dc-4044-a364-73daaaa3f8ee\",\"messageCount\":1,\"durationMs\":19}","conversationId":"sess_4a69a782-d3dc-4044-a364-73daaaa3f8ee","turnId":"ebe30ab1-6d1a-4b41-9f3c-fd9d3313a523","rootTurnId":"ebe30ab1-6d1a-4b41-9f3c-fd9d3313a523"}
{"timestamp":"2026-08-11T22:13:00.122Z","level":"info","message":"fs.appendMessages.ok {\"system\":\"fs\",\"sessionId\":\"sess_4a69a782-d3dc-4044-a364-73daaaa3f8ee\",\"messageCount\":1,\"durationMs\":10}","conversationId":"sess_4a69a782-d3dc-4044-a364-73daaaa3f8ee","turnId":"ebe30ab1-6d1a-4b41-9f3c-fd9d3313a523","rootTurnId":"ebe30ab1-6d1a-4b41-9f3c-fd9d3313a523"}
{"timestamp":"2026-08-11T22:13:00.124Z","level":"info","message":"fs.appendMessages.ok {\"system\":\"fs\",\"sessionId\":\"sess_4a69a782-d3dc-4044-a364-73daaaa3f8ee\",\"messageCount\":3,\"durationMs\":2}","conversationId":"sess_4a69a782-d3dc-4044-a364-73daaaa3f8ee","turnId":"ebe30ab1-6d1a-4b41-9f3c-fd9d3313a523","rootTurnId":"ebe30ab1-6d1a-4b41-9f3c-fd9d3313a523"}
{"timestamp":"2026-08-11T22:13:00.125Z","level":"info","message":"[agent-controller] Progressing model queue {\"activeExecution\":true,\"queueSize\":0}","conversationId":"sess_4a69a782-d3dc-4044-a364-73daaaa3f8ee","turnId":"ebe30ab1-6d1a-4b41-9f3c-fd9d3313a523","rootTurnId":"ebe30ab1-6d1a-4b41-9f3c-fd9d3313a523"}
{"timestamp":"2026-08-11T22:13:00.125Z","level":"info","message":"[agent-controller] Progressing model queue {\"activeExecution\":false,\"queueSize\":0}","conversationId":"sess_4a69a782-d3dc-4044-a364-73daaaa3f8ee","turnId":"ebe30ab1-6d1a-4b41-9f3c-fd9d3313a523","rootTurnId":"ebe30ab1-6d1a-4b41-9f3c-fd9d3313a523"}
{"timestamp":"2026-08-11T22:13:00.127Z","level":"info","message":"[SessionPersistence] Updated metadata for session sess_4a69a782-d3dc-4044-a364-73daaaa3f8ee","conversationId":"sess_4a69a782-d3dc-4044-a364-73daaaa3f8ee","turnId":"ebe30ab1-6d1a-4b41-9f3c-fd9d3313a523","rootTurnId":"ebe30ab1-6d1a-4b41-9f3c-fd9d3313a523"}
{"timestamp":"2026-08-11T22:14:46.895Z","level":"info","message":"[ProfileLoader] profile.loaded {\"agentId\":\"light\"}"}
{"timestamp":"2026-08-11T22:14:46.897Z","level":"info","message":"[ProfileLoader] profile.loaded {\"agentId\":\"sandbox\"}"}
{"timestamp":"2026-08-11T22:14:46.897Z","level":"info","message":"fs.loadAgentProfiles.ok {\"system\":\"fs\",\"scope\":\"user\",\"durationMs\":15}"}
{"timestamp":"2026-08-11T22:14:46.900Z","level":"info","message":"fs.loadAgentProfiles.ok {\"system\":\"fs\",\"scope\":\"workspace\",\"durationMs\":1}"}
{"timestamp":"2026-08-11T22:14:46.900Z","level":"info","message":"[KiroAgent] Registered user profile: light"}
{"timestamp":"2026-08-11T22:14:46.900Z","level":"info","message":"[KiroAgent] Registered user profile: sandbox"}
{"timestamp":"2026-08-11T22:14:59.853Z","level":"info","message":"[KiroAgent] ACP session/prompt sessionId=sess_4a69a782-d3dc-4044-a364-73daaaa3f8ee"}
{"timestamp":"2026-08-11T22:14:59.859Z","level":"info","message":"fs.appendMessages.ok {\"system\":\"fs\",\"sessionId\":\"sess_4a69a782-d3dc-4044-a364-73daaaa3f8ee\",\"messageCount\":1,\"durationMs\":5}"}
{"timestamp":"2026-08-11T22:14:59.864Z","level":"info","message":"agent_controller.triggered {\"agentType\":\"custom-agent\",\"autonomyMode\":\"Autopilot\",\"modelId\":\"auto\"}","conversationId":"sess_4a69a782-d3dc-4044-a364-73daaaa3f8ee"}
{"timestamp":"2026-08-11T22:14:59.865Z","level":"info","message":"[agent-controller] Progressing model queue {\"activeExecution\":false,\"queueSize\":1}","conversationId":"sess_4a69a782-d3dc-4044-a364-73daaaa3f8ee"}
{"timestamp":"2026-08-11T22:14:59.866Z","level":"info","message":"[ACPEventAdapter] Execution began {\"executionId\":\"0bd5b4cc-9650-48f3-ad4d-00d87668f624\"}","conversationId":"sess_4a69a782-d3dc-4044-a364-73daaaa3f8ee","turnId":"0bd5b4cc-9650-48f3-ad4d-00d87668f624","rootTurnId":"0bd5b4cc-9650-48f3-ad4d-00d87668f624"}
{"timestamp":"2026-08-11T22:14:59.869Z","level":"info","message":"fs.appendMessages.ok {\"system\":\"fs\",\"sessionId\":\"sess_4a69a782-d3dc-4044-a364-73daaaa3f8ee\",\"messageCount\":1,\"durationMs\":3}","conversationId":"sess_4a69a782-d3dc-4044-a364-73daaaa3f8ee","turnId":"0bd5b4cc-9650-48f3-ad4d-00d87668f624","rootTurnId":"0bd5b4cc-9650-48f3-ad4d-00d87668f624"}
{"timestamp":"2026-08-11T22:14:59.892Z","level":"info","message":"model.invoke.start","conversationId":"sess_4a69a782-d3dc-4044-a364-73daaaa3f8ee","turnId":"0bd5b4cc-9650-48f3-ad4d-00d87668f624","rootTurnId":"0bd5b4cc-9650-48f3-ad4d-00d87668f624"}
{"timestamp":"2026-08-11T22:14:59.892Z","level":"info","message":"[Steering] Populating steering for execution 0bd5b4cc-9650-48f3-ad4d-00d87668f624","conversationId":"sess_4a69a782-d3dc-4044-a364-73daaaa3f8ee","turnId":"0bd5b4cc-9650-48f3-ad4d-00d87668f624","rootTurnId":"0bd5b4cc-9650-48f3-ad4d-00d87668f624"}
{"timestamp":"2026-08-11T22:14:59.893Z","level":"info","message":"[Steering] ExistingFiles: /home/nizar/HomeWspce/kiro-configs/settings/servers.yaml, /home/nizar/HomeWspce/kiro-multiagent/settings/cli.json, /home/nizar/HomeWspce/kiro-multiagent/agents/pilot.json, /home/nizar/HomeWspce/kiro-configs/settings/mcp.json in 0bd5b4cc-9650-48f3-ad4d-00d87668f624","conversationId":"sess_4a69a782-d3dc-4044-a364-73daaaa3f8ee","turnId":"0bd5b4cc-9650-48f3-ad4d-00d87668f624","rootTurnId":"0bd5b4cc-9650-48f3-ad4d-00d87668f624"}
{"timestamp":"2026-08-11T22:14:59.899Z","level":"info","message":"[SessionPersistence] Updated metadata for session sess_4a69a782-d3dc-4044-a364-73daaaa3f8ee","conversationId":"sess_4a69a782-d3dc-4044-a364-73daaaa3f8ee","turnId":"0bd5b4cc-9650-48f3-ad4d-00d87668f624","rootTurnId":"0bd5b4cc-9650-48f3-ad4d-00d87668f624"}
{"timestamp":"2026-08-11T22:14:59.917Z","level":"info","message":"[q-developer-converse] Sending GenerateAssistantResponse modelId=auto agentMode=custom origin=KIRO_CLI streaming=true conversationId=sess_4a69a782-d3dc-4044-a364-73daaaa3f8ee","conversationId":"sess_4a69a782-d3dc-4044-a364-73daaaa3f8ee","turnId":"0bd5b4cc-9650-48f3-ad4d-00d87668f624","rootTurnId":"0bd5b4cc-9650-48f3-ad4d-00d87668f624"}
{"timestamp":"2026-08-11T22:14:59.923Z","level":"info","message":"[q-developer-converse] Request payload: 398866 chars, 130 history messages, conversationId=sess_4a69a782-d3dc-4044-a364-73daaaa3f8ee","conversationId":"sess_4a69a782-d3dc-4044-a364-73daaaa3f8ee","turnId":"0bd5b4cc-9650-48f3-ad4d-00d87668f624","rootTurnId":"0bd5b4cc-9650-48f3-ad4d-00d87668f624"}
{"timestamp":"2026-08-11T22:15:04.556Z","level":"info","message":"fs.appendMessages.ok {\"system\":\"fs\",\"sessionId\":\"sess_4a69a782-d3dc-4044-a364-73daaaa3f8ee\",\"messageCount\":2,\"durationMs\":2}","conversationId":"sess_4a69a782-d3dc-4044-a364-73daaaa3f8ee","turnId":"0bd5b4cc-9650-48f3-ad4d-00d87668f624","rootTurnId":"0bd5b4cc-9650-48f3-ad4d-00d87668f624"}
{"timestamp":"2026-08-11T22:15:04.566Z","level":"info","message":"model.invoke.start","conversationId":"sess_4a69a782-d3dc-4044-a364-73daaaa3f8ee","turnId":"0bd5b4cc-9650-48f3-ad4d-00d87668f624","rootTurnId":"0bd5b4cc-9650-48f3-ad4d-00d87668f624"}
{"timestamp":"2026-08-11T22:15:04.566Z","level":"info","message":"[Steering] Populating steering for execution 0bd5b4cc-9650-48f3-ad4d-00d87668f624","conversationId":"sess_4a69a782-d3dc-4044-a364-73daaaa3f8ee","turnId":"0bd5b4cc-9650-48f3-ad4d-00d87668f624","rootTurnId":"0bd5b4cc-9650-48f3-ad4d-00d87668f624"}
{"timestamp":"2026-08-11T22:15:04.567Z","level":"info","message":"[Steering] ExistingFiles: /home/nizar/HomeWspce/kiro-configs/settings/servers.yaml, /home/nizar/HomeWspce/kiro-multiagent/settings/cli.json, /home/nizar/HomeWspce/kiro-multiagent/agents/pilot.json, /home/nizar/HomeWspce/kiro-configs/settings/mcp.json in 0bd5b4cc-9650-48f3-ad4d-00d87668f624","conversationId":"sess_4a69a782-d3dc-4044-a364-73daaaa3f8ee","turnId":"0bd5b4cc-9650-48f3-ad4d-00d87668f624","rootTurnId":"0bd5b4cc-9650-48f3-ad4d-00d87668f624"}
{"timestamp":"2026-08-11T22:15:04.591Z","level":"info","message":"[q-developer-converse] Sending GenerateAssistantResponse modelId=auto agentMode=custom origin=KIRO_CLI streaming=true conversationId=sess_4a69a782-d3dc-4044-a364-73daaaa3f8ee","conversationId":"sess_4a69a782-d3dc-4044-a364-73daaaa3f8ee","turnId":"0bd5b4cc-9650-48f3-ad4d-00d87668f624","rootTurnId":"0bd5b4cc-9650-48f3-ad4d-00d87668f624"}
{"timestamp":"2026-08-11T22:15:04.598Z","level":"info","message":"[q-developer-converse] Request payload: 402054 chars, 132 history messages, conversationId=sess_4a69a782-d3dc-4044-a364-73daaaa3f8ee","conversationId":"sess_4a69a782-d3dc-4044-a364-73daaaa3f8ee","turnId":"0bd5b4cc-9650-48f3-ad4d-00d87668f624","rootTurnId":"0bd5b4cc-9650-48f3-ad4d-00d87668f624"}
{"timestamp":"2026-08-11T22:15:06.864Z","level":"info","message":"fs.appendMessages.ok {\"system\":\"fs\",\"sessionId\":\"sess_4a69a782-d3dc-4044-a364-73daaaa3f8ee\",\"messageCount\":1,\"durationMs\":47}","conversationId":"sess_4a69a782-d3dc-4044-a364-73daaaa3f8ee","turnId":"0bd5b4cc-9650-48f3-ad4d-00d87668f624","rootTurnId":"0bd5b4cc-9650-48f3-ad4d-00d87668f624"}
{"timestamp":"2026-08-11T22:15:09.483Z","level":"info","message":"fs.appendMessages.ok {\"system\":\"fs\",\"sessionId\":\"sess_4a69a782-d3dc-4044-a364-73daaaa3f8ee\",\"messageCount\":1,\"durationMs\":2}","conversationId":"sess_4a69a782-d3dc-4044-a364-73daaaa3f8ee","turnId":"0bd5b4cc-9650-48f3-ad4d-00d87668f624","rootTurnId":"0bd5b4cc-9650-48f3-ad4d-00d87668f624"}
{"timestamp":"2026-08-11T22:15:09.913Z","level":"info","message":"[ACPEventAdapter] Execution yielded {\"executionId\":\"0bd5b4cc-9650-48f3-ad4d-00d87668f624\"}","conversationId":"sess_4a69a782-d3dc-4044-a364-73daaaa3f8ee","turnId":"0bd5b4cc-9650-48f3-ad4d-00d87668f624","rootTurnId":"0bd5b4cc-9650-48f3-ad4d-00d87668f624"}
{"timestamp":"2026-08-11T22:15:09.918Z","level":"info","message":"acp.policy-eval.complete {\"toolId\":\"mcp_secondhand_mcp_get_listing_details\",\"effect\":\"allow\",\"capability\":\"mcp\"}","conversationId":"sess_4a69a782-d3dc-4044-a364-73daaaa3f8ee","turnId":"0bd5b4cc-9650-48f3-ad4d-00d87668f624","rootTurnId":"0bd5b4cc-9650-48f3-ad4d-00d87668f624"}
{"timestamp":"2026-08-11T22:15:09.918Z","level":"info","message":"[ACPEventAdapter] Execution resumed {\"executionId\":\"0bd5b4cc-9650-48f3-ad4d-00d87668f624\"}","conversationId":"sess_4a69a782-d3dc-4044-a364-73daaaa3f8ee","turnId":"0bd5b4cc-9650-48f3-ad4d-00d87668f624","rootTurnId":"0bd5b4cc-9650-48f3-ad4d-00d87668f624"}
{"timestamp":"2026-08-11T22:15:09.936Z","level":"info","message":"fs.appendMessages.ok {\"system\":\"fs\",\"sessionId\":\"sess_4a69a782-d3dc-4044-a364-73daaaa3f8ee\",\"messageCount\":1,\"durationMs\":8}","conversationId":"sess_4a69a782-d3dc-4044-a364-73daaaa3f8ee","turnId":"0bd5b4cc-9650-48f3-ad4d-00d87668f624","rootTurnId":"0bd5b4cc-9650-48f3-ad4d-00d87668f624"}
{"timestamp":"2026-08-11T22:15:20.708Z","level":"info","message":"model.invoke.start","conversationId":"sess_4a69a782-d3dc-4044-a364-73daaaa3f8ee","turnId":"0bd5b4cc-9650-48f3-ad4d-00d87668f624","rootTurnId":"0bd5b4cc-9650-48f3-ad4d-00d87668f624"}
{"timestamp":"2026-08-11T22:15:20.708Z","level":"info","message":"[Steering] Populating steering for execution 0bd5b4cc-9650-48f3-ad4d-00d87668f624","conversationId":"sess_4a69a782-d3dc-4044-a364-73daaaa3f8ee","turnId":"0bd5b4cc-9650-48f3-ad4d-00d87668f624","rootTurnId":"0bd5b4cc-9650-48f3-ad4d-00d87668f624"}
{"timestamp":"2026-08-11T22:15:20.708Z","level":"info","message":"[Steering] ExistingFiles: /home/nizar/HomeWspce/kiro-configs/settings/servers.yaml, /home/nizar/HomeWspce/kiro-multiagent/settings/cli.json, /home/nizar/HomeWspce/kiro-multiagent/agents/pilot.json, /home/nizar/HomeWspce/kiro-configs/settings/mcp.json in 0bd5b4cc-9650-48f3-ad4d-00d87668f624","conversationId":"sess_4a69a782-d3dc-4044-a364-73daaaa3f8ee","turnId":"0bd5b4cc-9650-48f3-ad4d-00d87668f624","rootTurnId":"0bd5b4cc-9650-48f3-ad4d-00d87668f624"}
{"timestamp":"2026-08-11T22:15:20.730Z","level":"info","message":"[q-developer-converse] Sending GenerateAssistantResponse modelId=auto agentMode=custom origin=KIRO_CLI streaming=true conversationId=sess_4a69a782-d3dc-4044-a364-73daaaa3f8ee","conversationId":"sess_4a69a782-d3dc-4044-a364-73daaaa3f8ee","turnId":"0bd5b4cc-9650-48f3-ad4d-00d87668f624","rootTurnId":"0bd5b4cc-9650-48f3-ad4d-00d87668f624"}
{"timestamp":"2026-08-11T22:15:20.737Z","level":"info","message":"[q-developer-converse] Request payload: 404948 chars, 134 history messages, conversationId=sess_4a69a782-d3dc-4044-a364-73daaaa3f8ee","conversationId":"sess_4a69a782-d3dc-4044-a364-73daaaa3f8ee","turnId":"0bd5b4cc-9650-48f3-ad4d-00d87668f624","rootTurnId":"0bd5b4cc-9650-48f3-ad4d-00d87668f624"}
{"timestamp":"2026-08-11T22:15:20.750Z","level":"info","message":"fs.appendMessages.ok {\"system\":\"fs\",\"sessionId\":\"sess_4a69a782-d3dc-4044-a364-73daaaa3f8ee\",\"messageCount\":2,\"durationMs\":49}","conversationId":"sess_4a69a782-d3dc-4044-a364-73daaaa3f8ee","turnId":"0bd5b4cc-9650-48f3-ad4d-00d87668f624","rootTurnId":"0bd5b4cc-9650-48f3-ad4d-00d87668f624"}
{"timestamp":"2026-08-11T22:15:31.460Z","level":"info","message":"[ACPEventAdapter] Execution succeeded {\"executionId\":\"0bd5b4cc-9650-48f3-ad4d-00d87668f624\"}","conversationId":"sess_4a69a782-d3dc-4044-a364-73daaaa3f8ee","turnId":"0bd5b4cc-9650-48f3-ad4d-00d87668f624","rootTurnId":"0bd5b4cc-9650-48f3-ad4d-00d87668f624"}
{"timestamp":"2026-08-11T22:15:31.467Z","level":"info","message":"fs.appendMessages.ok {\"system\":\"fs\",\"sessionId\":\"sess_4a69a782-d3dc-4044-a364-73daaaa3f8ee\",\"messageCount\":1,\"durationMs\":13}","conversationId":"sess_4a69a782-d3dc-4044-a364-73daaaa3f8ee","turnId":"0bd5b4cc-9650-48f3-ad4d-00d87668f624","rootTurnId":"0bd5b4cc-9650-48f3-ad4d-00d87668f624"}
{"timestamp":"2026-08-11T22:15:31.473Z","level":"info","message":"fs.appendMessages.ok {\"system\":\"fs\",\"sessionId\":\"sess_4a69a782-d3dc-4044-a364-73daaaa3f8ee\",\"messageCount\":1,\"durationMs\":6}","conversationId":"sess_4a69a782-d3dc-4044-a364-73daaaa3f8ee","turnId":"0bd5b4cc-9650-48f3-ad4d-00d87668f624","rootTurnId":"0bd5b4cc-9650-48f3-ad4d-00d87668f624"}
{"timestamp":"2026-08-11T22:15:31.476Z","level":"info","message":"fs.appendMessages.ok {\"system\":\"fs\",\"sessionId\":\"sess_4a69a782-d3dc-4044-a364-73daaaa3f8ee\",\"messageCount\":3,\"durationMs\":2}","conversationId":"sess_4a69a782-d3dc-4044-a364-73daaaa3f8ee","turnId":"0bd5b4cc-9650-48f3-ad4d-00d87668f624","rootTurnId":"0bd5b4cc-9650-48f3-ad4d-00d87668f624"}
{"timestamp":"2026-08-11T22:15:31.476Z","level":"info","message":"[agent-controller] Progressing model queue {\"activeExecution\":true,\"queueSize\":0}","conversationId":"sess_4a69a782-d3dc-4044-a364-73daaaa3f8ee","turnId":"0bd5b4cc-9650-48f3-ad4d-00d87668f624","rootTurnId":"0bd5b4cc-9650-48f3-ad4d-00d87668f624"}
{"timestamp":"2026-08-11T22:15:31.476Z","level":"info","message":"[agent-controller] Progressing model queue {\"activeExecution\":false,\"queueSize\":0}","conversationId":"sess_4a69a782-d3dc-4044-a364-73daaaa3f8ee","turnId":"0bd5b4cc-9650-48f3-ad4d-00d87668f624","rootTurnId":"0bd5b4cc-9650-48f3-ad4d-00d87668f624"}
{"timestamp":"2026-08-11T22:15:31.478Z","level":"info","message":"[SessionPersistence] Updated metadata for session sess_4a69a782-d3dc-4044-a364-73daaaa3f8ee","conversationId":"sess_4a69a782-d3dc-4044-a364-73daaaa3f8ee","turnId":"0bd5b4cc-9650-48f3-ad4d-00d87668f624","rootTurnId":"0bd5b4cc-9650-48f3-ad4d-00d87668f624"}
{"timestamp":"2026-08-11T22:17:10.787Z","level":"info","message":"network.listAvailableModels.ok {\"system\":\"network\",\"durationMs\":217}"}
{"timestamp":"2026-08-11T22:17:10.788Z","level":"info","message":"[ACPModelConfigProvider] Loaded 19 models"}
{"timestamp":"2026-08-11T22:22:33.138Z","level":"info","message":"network.listAvailableModels.ok {\"system\":\"network\",\"durationMs\":227}"}
{"timestamp":"2026-08-11T22:22:33.138Z","level":"info","message":"[ACPModelConfigProvider] Loaded 19 models"}
{"timestamp":"2026-08-11T22:27:59.926Z","level":"info","message":"network.listAvailableModels.ok {\"system\":\"network\",\"durationMs\":204}"}
{"timestamp":"2026-08-11T22:27:59.926Z","level":"info","message":"[ACPModelConfigProvider] Loaded 19 models"}
{"timestamp":"2026-08-11T22:33:23.925Z","level":"info","message":"network.listAvailableModels.ok {\"system\":\"network\",\"durationMs\":200}"}
{"timestamp":"2026-08-11T22:33:23.926Z","level":"info","message":"[ACPModelConfigProvider] Loaded 19 models"}
{"timestamp":"2026-08-11T22:38:49.247Z","level":"info","message":"network.listAvailableModels.ok {\"system\":\"network\",\"durationMs\":220}"}
{"timestamp":"2026-08-11T22:38:49.247Z","level":"info","message":"[ACPModelConfigProvider] Loaded 19 models"}
{"timestamp":"2026-08-11T22:44:18.215Z","level":"info","message":"network.listAvailableModels.ok {\"system\":\"network\",\"durationMs\":150}"}
{"timestamp":"2026-08-11T22:44:18.215Z","level":"info","message":"[ACPModelConfigProvider] Loaded 19 models"}
{"timestamp":"2026-08-11T22:49:43.126Z","level":"info","message":"network.listAvailableModels.ok {\"system\":\"network\",\"durationMs\":203}"}
{"timestamp":"2026-08-11T22:49:43.126Z","level":"info","message":"[ACPModelConfigProvider] Loaded 19 models"}
{"timestamp":"2026-08-11T22:55:07.318Z","level":"info","message":"network.listAvailableModels.ok {\"system\":\"network\",\"durationMs\":191}"}
{"timestamp":"2026-08-11T22:55:07.318Z","level":"info","message":"[ACPModelConfigProvider] Loaded 19 models"}
{"timestamp":"2026-08-11T23:00:32.088Z","level":"info","message":"network.listAvailableModels.ok {\"system\":\"network\",\"durationMs\":246}"}
{"timestamp":"2026-08-11T23:00:32.088Z","level":"info","message":"[ACPModelConfigProvider] Loaded 19 models"}
{"timestamp":"2026-08-11T23:05:55.179Z","level":"info","message":"network.listAvailableModels.ok {\"system\":\"network\",\"durationMs\":197}"}
{"timestamp":"2026-08-11T23:05:55.179Z","level":"info","message":"[ACPModelConfigProvider] Loaded 19 models"}
{"timestamp":"2026-08-11T23:11:19.905Z","level":"info","message":"network.listAvailableModels.ok {\"system\":\"network\",\"durationMs\":201}"}
{"timestamp":"2026-08-11T23:11:19.905Z","level":"info","message":"[ACPModelConfigProvider] Loaded 19 models"}
{"timestamp":"2026-08-11T23:16:46.639Z","level":"info","message":"network.listAvailableModels.ok {\"system\":\"network\",\"durationMs\":240}"}
{"timestamp":"2026-08-11T23:16:46.640Z","level":"info","message":"[ACPModelConfigProvider] Loaded 19 models"}
{"timestamp":"2026-08-11T23:22:10.507Z","level":"info","message":"network.listAvailableModels.ok {\"system\":\"network\",\"durationMs\":204}"}
{"timestamp":"2026-08-11T23:22:10.507Z","level":"info","message":"[ACPModelConfigProvider] Loaded 19 models"}
{"timestamp":"2026-08-11T23:27:35.005Z","level":"info","message":"network.listAvailableModels.ok {\"system\":\"network\",\"durationMs\":207}"}
{"timestamp":"2026-08-11T23:27:35.005Z","level":"info","message":"[ACPModelConfigProvider] Loaded 19 models"}
{"timestamp":"2026-08-11T23:33:00.691Z","level":"info","message":"network.listAvailableModels.ok {\"system\":\"network\",\"durationMs\":208}"}
{"timestamp":"2026-08-11T23:33:00.691Z","level":"info","message":"[ACPModelConfigProvider] Loaded 19 models"}
{"timestamp":"2026-08-11T23:38:28.570Z","level":"info","message":"network.listAvailableModels.ok {\"system\":\"network\",\"durationMs\":209}"}
{"timestamp":"2026-08-11T23:38:28.570Z","level":"info","message":"[ACPModelConfigProvider] Loaded 19 models"}
{"timestamp":"2026-08-11T23:43:53.944Z","level":"info","message":"network.listAvailableModels.ok {\"system\":\"network\",\"durationMs\":229}"}
{"timestamp":"2026-08-11T23:43:53.944Z","level":"info","message":"[ACPModelConfigProvider] Loaded 19 models"}
{"timestamp":"2026-08-11T23:49:19.672Z","level":"info","message":"network.listAvailableModels.ok {\"system\":\"network\",\"durationMs\":223}"}
{"timestamp":"2026-08-11T23:49:19.672Z","level":"info","message":"[ACPModelConfigProvider] Loaded 19 models"}
{"timestamp":"2026-08-11T23:54:48.697Z","level":"info","message":"network.listAvailableModels.ok {\"system\":\"network\",\"durationMs\":190}"}
{"timestamp":"2026-08-11T23:54:48.697Z","level":"info","message":"[ACPModelConfigProvider] Loaded 19 models"}
{"timestamp":"2026-08-12T00:00:14.944Z","level":"info","message":"network.listAvailableModels.ok {\"system\":\"network\",\"durationMs\":199}"}
{"timestamp":"2026-08-12T00:00:14.944Z","level":"info","message":"[ACPModelConfigProvider] Loaded 19 models"}
{"timestamp":"2026-08-12T00:05:43.348Z","level":"info","message":"network.listAvailableModels.ok {\"system\":\"network\",\"durationMs\":209}"}
{"timestamp":"2026-08-12T00:05:43.348Z","level":"info","message":"[ACPModelConfigProvider] Loaded 19 models"}
{"timestamp":"2026-08-12T00:11:12.406Z","level":"info","message":"network.listAvailableModels.ok {\"system\":\"network\",\"durationMs\":235}"}
{"timestamp":"2026-08-12T00:11:12.406Z","level":"info","message":"[ACPModelConfigProvider] Loaded 19 models"}
{"timestamp":"2026-08-12T00:16:40.120Z","level":"info","message":"network.listAvailableModels.ok {\"system\":\"network\",\"durationMs\":213}"}
{"timestamp":"2026-08-12T00:16:40.120Z","level":"info","message":"[ACPModelConfigProvider] Loaded 19 models"}
{"timestamp":"2026-08-12T00:22:06.356Z","level":"info","message":"network.listAvailableModels.ok {\"system\":\"network\",\"durationMs\":188}"}
{"timestamp":"2026-08-12T00:22:06.356Z","level":"info","message":"[ACPModelConfigProvider] Loaded 19 models"}
{"timestamp":"2026-08-12T00:27:35.249Z","level":"info","message":"network.listAvailableModels.ok {\"system\":\"network\",\"durationMs\":254}"}
{"timestamp":"2026-08-12T00:27:35.249Z","level":"info","message":"[ACPModelConfigProvider] Loaded 19 models"}
{"timestamp":"2026-08-12T00:33:01.728Z","level":"info","message":"network.listAvailableModels.ok {\"system\":\"network\",\"durationMs\":182}"}
{"timestamp":"2026-08-12T00:33:01.728Z","level":"info","message":"[ACPModelConfigProvider] Loaded 19 models"}
{"timestamp":"2026-08-12T00:38:29.635Z","level":"info","message":"network.listAvailableModels.ok {\"system\":\"network\",\"durationMs\":200}"}
{"timestamp":"2026-08-12T00:38:29.635Z","level":"info","message":"[ACPModelConfigProvider] Loaded 19 models"}
{"timestamp":"2026-08-12T00:43:55.752Z","level":"info","message":"network.listAvailableModels.ok {\"system\":\"network\",\"durationMs\":333}"}
{"timestamp":"2026-08-12T00:43:55.752Z","level":"info","message":"[ACPModelConfigProvider] Loaded 19 models"}
{"timestamp":"2026-08-12T00:49:22.627Z","level":"info","message":"network.listAvailableModels.ok {\"system\":\"network\",\"durationMs\":243}"}
{"timestamp":"2026-08-12T00:49:22.627Z","level":"info","message":"[ACPModelConfigProvider] Loaded 19 models"}
{"timestamp":"2026-08-12T00:54:34.885Z","level":"info","message":"network.listAvailableModels.ok {\"system\":\"network\",\"durationMs\":193}"}
{"timestamp":"2026-08-12T00:54:34.885Z","level":"info","message":"[ACPModelConfigProvider] Loaded 19 models"}
{"timestamp":"2026-08-12T00:59:56.969Z","level":"info","message":"network.listAvailableModels.ok {\"system\":\"network\",\"durationMs\":216}"}
{"timestamp":"2026-08-12T00:59:56.969Z","level":"info","message":"[ACPModelConfigProvider] Loaded 19 models"}
{"timestamp":"2026-08-12T01:05:17.169Z","level":"info","message":"network.listAvailableModels.ok {\"system\":\"network\",\"durationMs\":160}"}
{"timestamp":"2026-08-12T01:05:17.169Z","level":"info","message":"[ACPModelConfigProvider] Loaded 19 models"}
{"timestamp":"2026-08-12T01:10:34.370Z","level":"info","message":"network.listAvailableModels.ok {\"system\":\"network\",\"durationMs\":240}"}
{"timestamp":"2026-08-12T01:10:34.370Z","level":"info","message":"[ACPModelConfigProvider] Loaded 19 models"}
{"timestamp":"2026-08-12T01:15:54.361Z","level":"info","message":"network.listAvailableModels.ok {\"system\":\"network\",\"durationMs\":211}"}
{"timestamp":"2026-08-12T01:15:54.361Z","level":"info","message":"[ACPModelConfigProvider] Loaded 19 models"}
{"timestamp":"2026-08-12T01:21:16.444Z","level":"info","message":"network.listAvailableModels.ok {\"system\":\"network\",\"durationMs\":199}"}
{"timestamp":"2026-08-12T01:21:16.444Z","level":"info","message":"[ACPModelConfigProvider] Loaded 19 models"}
{"timestamp":"2026-08-12T01:26:38.543Z","level":"info","message":"network.listAvailableModels.ok {\"system\":\"network\",\"durationMs\":189}"}
{"timestamp":"2026-08-12T01:26:38.544Z","level":"info","message":"[ACPModelConfigProvider] Loaded 19 models"}
{"timestamp":"2026-08-12T01:32:04.067Z","level":"info","message":"network.listAvailableModels.ok {\"system\":\"network\",\"durationMs\":194}"}
{"timestamp":"2026-08-12T01:32:04.067Z","level":"info","message":"[ACPModelConfigProvider] Loaded 19 models"}
{"timestamp":"2026-08-12T01:37:31.046Z","level":"info","message":"network.listAvailableModels.ok {\"system\":\"network\",\"durationMs\":208}"}
{"timestamp":"2026-08-12T01:37:31.046Z","level":"info","message":"[ACPModelConfigProvider] Loaded 19 models"}
{"timestamp":"2026-08-12T01:42:56.284Z","level":"info","message":"network.listAvailableModels.ok {\"system\":\"network\",\"durationMs\":659}"}
{"timestamp":"2026-08-12T01:42:56.285Z","level":"info","message":"[ACPModelConfigProvider] Loaded 19 models"}
{"timestamp":"2026-08-12T01:48:21.397Z","level":"info","message":"network.listAvailableModels.ok {\"system\":\"network\",\"durationMs\":152}"}
{"timestamp":"2026-08-12T01:48:21.397Z","level":"info","message":"[ACPModelConfigProvider] Loaded 19 models"}
{"timestamp":"2026-08-12T01:53:50.726Z","level":"info","message":"network.listAvailableModels.ok {\"system\":\"network\",\"durationMs\":553}"}
{"timestamp":"2026-08-12T01:53:50.726Z","level":"info","message":"[ACPModelConfigProvider] Loaded 19 models"}
{"timestamp":"2026-08-12T01:59:18.370Z","level":"info","message":"network.listAvailableModels.ok {\"system\":\"network\",\"durationMs\":212}"}
{"timestamp":"2026-08-12T01:59:18.371Z","level":"info","message":"[ACPModelConfigProvider] Loaded 19 models"}
{"timestamp":"2026-08-12T02:04:48.480Z","level":"info","message":"network.listAvailableModels.ok {\"system\":\"network\",\"durationMs\":649}"}
{"timestamp":"2026-08-12T02:04:48.480Z","level":"info","message":"[ACPModelConfigProvider] Loaded 19 models"}
{"timestamp":"2026-08-12T02:10:20.936Z","level":"info","message":"network.listAvailableModels.ok {\"system\":\"network\",\"durationMs\":204}"}
{"timestamp":"2026-08-12T02:10:20.936Z","level":"info","message":"[ACPModelConfigProvider] Loaded 19 models"}
{"timestamp":"2026-08-12T02:15:48.595Z","level":"info","message":"network.listAvailableModels.ok {\"system\":\"network\",\"durationMs\":547}"}
{"timestamp":"2026-08-12T02:15:48.595Z","level":"info","message":"[ACPModelConfigProvider] Loaded 19 models"}
{"timestamp":"2026-08-12T02:21:09.829Z","level":"info","message":"network.listAvailableModels.ok {\"system\":\"network\",\"durationMs\":194}"}
{"timestamp":"2026-08-12T02:21:09.829Z","level":"info","message":"[ACPModelConfigProvider] Loaded 19 models"}
{"timestamp":"2026-08-12T02:26:30.292Z","level":"info","message":"network.listAvailableModels.ok {\"system\":\"network\",\"durationMs\":615}"}
{"timestamp":"2026-08-12T02:26:30.292Z","level":"info","message":"[ACPModelConfigProvider] Loaded 19 models"}
{"timestamp":"2026-08-12T02:31:47.537Z","level":"info","message":"network.listAvailableModels.ok {\"system\":\"network\",\"durationMs\":342}"}
{"timestamp":"2026-08-12T02:31:47.537Z","level":"info","message":"[ACPModelConfigProvider] Loaded 19 models"}
{"timestamp":"2026-08-12T02:37:10.015Z","level":"info","message":"network.listAvailableModels.ok {\"system\":\"network\",\"durationMs\":509}"}
{"timestamp":"2026-08-12T02:37:10.015Z","level":"info","message":"[ACPModelConfigProvider] Loaded 19 models"}
{"timestamp":"2026-08-12T02:42:35.296Z","level":"info","message":"network.listAvailableModels.ok {\"system\":\"network\",\"durationMs\":233}"}
{"timestamp":"2026-08-12T02:42:35.296Z","level":"info","message":"[ACPModelConfigProvider] Loaded 19 models"}
{"timestamp":"2026-08-12T02:48:00.449Z","level":"info","message":"network.listAvailableModels.ok {\"system\":\"network\",\"durationMs\":722}"}
{"timestamp":"2026-08-12T02:48:00.449Z","level":"info","message":"[ACPModelConfigProvider] Loaded 19 models"}
{"timestamp":"2026-08-12T02:53:22.943Z","level":"info","message":"network.listAvailableModels.ok {\"system\":\"network\",\"durationMs\":183}"}
{"timestamp":"2026-08-12T02:53:22.943Z","level":"info","message":"[ACPModelConfigProvider] Loaded 19 models"}
{"timestamp":"2026-08-12T02:58:48.939Z","level":"info","message":"network.listAvailableModels.ok {\"system\":\"network\",\"durationMs\":683}"}
{"timestamp":"2026-08-12T02:58:48.939Z","level":"info","message":"[ACPModelConfigProvider] Loaded 19 models"}
{"timestamp":"2026-08-12T03:04:14.852Z","level":"info","message":"network.listAvailableModels.ok {\"system\":\"network\",\"durationMs\":271}"}
{"timestamp":"2026-08-12T03:04:14.852Z","level":"info","message":"[ACPModelConfigProvider] Loaded 19 models"}
{"timestamp":"2026-08-12T03:09:38.835Z","level":"info","message":"network.listAvailableModels.ok {\"system\":\"network\",\"durationMs\":616}"}
{"timestamp":"2026-08-12T03:09:38.835Z","level":"info","message":"[ACPModelConfigProvider] Loaded 19 models"}
{"timestamp":"2026-08-12T03:15:02.840Z","level":"info","message":"network.listAvailableModels.ok {\"system\":\"network\",\"durationMs\":208}"}
{"timestamp":"2026-08-12T03:15:02.840Z","level":"info","message":"[ACPModelConfigProvider] Loaded 19 models"}
{"timestamp":"2026-08-12T03:20:32.030Z","level":"info","message":"network.listAvailableModels.ok {\"system\":\"network\",\"durationMs\":753}"}
{"timestamp":"2026-08-12T03:20:32.030Z","level":"info","message":"[ACPModelConfigProvider] Loaded 19 models"}
{"timestamp":"2026-08-12T03:25:54.762Z","level":"info","message":"network.listAvailableModels.ok {\"system\":\"network\",\"durationMs\":199}"}
{"timestamp":"2026-08-12T03:25:54.762Z","level":"info","message":"[ACPModelConfigProvider] Loaded 19 models"}
{"timestamp":"2026-08-12T03:31:18.084Z","level":"info","message":"network.listAvailableModels.ok {\"system\":\"network\",\"durationMs\":668}"}
{"timestamp":"2026-08-12T03:31:18.084Z","level":"info","message":"[ACPModelConfigProvider] Loaded 19 models"}
{"timestamp":"2026-08-12T03:36:44.656Z","level":"info","message":"network.listAvailableModels.ok {\"system\":\"network\",\"durationMs\":208}"}
{"timestamp":"2026-08-12T03:36:44.657Z","level":"info","message":"[ACPModelConfigProvider] Loaded 19 models"}
{"timestamp":"2026-08-12T03:42:11.059Z","level":"info","message":"network.listAvailableModels.ok {\"system\":\"network\",\"durationMs\":645}"}
{"timestamp":"2026-08-12T03:42:11.059Z","level":"info","message":"[ACPModelConfigProvider] Loaded 19 models"}
{"timestamp":"2026-08-12T03:47:36.355Z","level":"info","message":"network.listAvailableModels.ok {\"system\":\"network\",\"durationMs\":208}"}
{"timestamp":"2026-08-12T03:47:36.355Z","level":"info","message":"[ACPModelConfigProvider] Loaded 19 models"}
{"timestamp":"2026-08-12T03:52:55.125Z","level":"info","message":"network.listAvailableModels.ok {\"system\":\"network\",\"durationMs\":740}"}
{"timestamp":"2026-08-12T03:52:55.125Z","level":"info","message":"[ACPModelConfigProvider] Loaded 19 models"}
{"timestamp":"2026-08-12T03:58:14.302Z","level":"info","message":"network.listAvailableModels.ok {\"system\":\"network\",\"durationMs\":206}"}
{"timestamp":"2026-08-12T03:58:14.302Z","level":"info","message":"[ACPModelConfigProvider] Loaded 19 models"}
{"timestamp":"2026-08-12T04:03:34.464Z","level":"info","message":"network.listAvailableModels.ok {\"system\":\"network\",\"durationMs\":590}"}
{"timestamp":"2026-08-12T04:03:34.464Z","level":"info","message":"[ACPModelConfigProvider] Loaded 19 models"}
{"timestamp":"2026-08-12T04:08:57.309Z","level":"info","message":"network.listAvailableModels.ok {\"system\":\"network\",\"durationMs\":246}"}
{"timestamp":"2026-08-12T04:08:57.309Z","level":"info","message":"[ACPModelConfigProvider] Loaded 19 models"}
{"timestamp":"2026-08-12T04:14:15.445Z","level":"info","message":"network.listAvailableModels.ok {\"system\":\"network\",\"durationMs\":649}"}
{"timestamp":"2026-08-12T04:14:15.445Z","level":"info","message":"[ACPModelConfigProvider] Loaded 19 models"}
{"timestamp":"2026-08-12T04:19:35.957Z","level":"info","message":"network.listAvailableModels.ok {\"system\":\"network\",\"durationMs\":216}"}
{"timestamp":"2026-08-12T04:19:35.957Z","level":"info","message":"[ACPModelConfigProvider] Loaded 19 models"}
{"timestamp":"2026-08-12T04:25:01.354Z","level":"info","message":"network.listAvailableModels.ok {\"system\":\"network\",\"durationMs\":847}"}
{"timestamp":"2026-08-12T04:25:01.354Z","level":"info","message":"[ACPModelConfigProvider] Loaded 19 models"}
{"timestamp":"2026-08-12T04:30:28.237Z","level":"info","message":"network.listAvailableModels.ok {\"system\":\"network\",\"durationMs\":195}"}
{"timestamp":"2026-08-12T04:30:28.237Z","level":"info","message":"[ACPModelConfigProvider] Loaded 19 models"}
{"timestamp":"2026-08-12T04:35:51.902Z","level":"info","message":"network.listAvailableModels.ok {\"system\":\"network\",\"durationMs\":671}"}
{"timestamp":"2026-08-12T04:35:51.902Z","level":"info","message":"[ACPModelConfigProvider] Loaded 19 models"}
{"timestamp":"2026-08-12T04:41:16.774Z","level":"info","message":"network.listAvailableModels.ok {\"system\":\"network\",\"durationMs\":216}"}
{"timestamp":"2026-08-12T04:41:16.775Z","level":"info","message":"[ACPModelConfigProvider] Loaded 19 models"}
{"timestamp":"2026-08-12T04:46:46.773Z","level":"info","message":"network.listAvailableModels.ok {\"system\":\"network\",\"durationMs\":648}"}
{"timestamp":"2026-08-12T04:46:46.774Z","level":"info","message":"[ACPModelConfigProvider] Loaded 19 models"}
{"timestamp":"2026-08-12T04:52:14.253Z","level":"info","message":"network.listAvailableModels.ok {\"system\":\"network\",\"durationMs\":237}"}
{"timestamp":"2026-08-12T04:52:14.253Z","level":"info","message":"[ACPModelConfigProvider] Loaded 19 models"}
{"timestamp":"2026-08-12T04:57:31.828Z","level":"info","message":"network.listAvailableModels.ok {\"system\":\"network\",\"durationMs\":688}"}
{"timestamp":"2026-08-12T04:57:31.828Z","level":"info","message":"[ACPModelConfigProvider] Loaded 19 models"}
{"timestamp":"2026-08-12T05:02:56.616Z","level":"info","message":"network.listAvailableModels.ok {\"system\":\"network\",\"durationMs\":185}"}
{"timestamp":"2026-08-12T05:02:56.616Z","level":"info","message":"[ACPModelConfigProvider] Loaded 19 models"}
{"timestamp":"2026-08-12T05:08:18.996Z","level":"info","message":"network.listAvailableModels.ok {\"system\":\"network\",\"durationMs\":657}"}
{"timestamp":"2026-08-12T05:08:18.996Z","level":"info","message":"[ACPModelConfigProvider] Loaded 19 models"}
{"timestamp":"2026-08-12T05:13:39.990Z","level":"info","message":"network.listAvailableModels.ok {\"system\":\"network\",\"durationMs\":230}"}
{"timestamp":"2026-08-12T05:13:39.990Z","level":"info","message":"[ACPModelConfigProvider] Loaded 19 models"}
{"timestamp":"2026-08-12T05:19:03.511Z","level":"info","message":"network.listAvailableModels.ok {\"system\":\"network\",\"durationMs\":711}"}
{"timestamp":"2026-08-12T05:19:03.511Z","level":"info","message":"[ACPModelConfigProvider] Loaded 19 models"}
{"timestamp":"2026-08-12T05:24:24.484Z","level":"info","message":"network.listAvailableModels.ok {\"system\":\"network\",\"durationMs\":193}"}
{"timestamp":"2026-08-12T05:24:24.485Z","level":"info","message":"[ACPModelConfigProvider] Loaded 19 models"}
{"timestamp":"2026-08-12T05:29:49.442Z","level":"info","message":"network.listAvailableModels.ok {\"system\":\"network\",\"durationMs\":671}"}
{"timestamp":"2026-08-12T05:29:49.442Z","level":"info","message":"[ACPModelConfigProvider] Loaded 19 models"}
{"timestamp":"2026-08-12T05:35:18.380Z","level":"info","message":"network.listAvailableModels.ok {\"system\":\"network\",\"durationMs\":218}"}
{"timestamp":"2026-08-12T05:35:18.380Z","level":"info","message":"[ACPModelConfigProvider] Loaded 19 models"}
{"timestamp":"2026-08-12T05:40:41.299Z","level":"info","message":"network.listAvailableModels.ok {\"system\":\"network\",\"durationMs\":537}"}
{"timestamp":"2026-08-12T05:40:41.299Z","level":"info","message":"[ACPModelConfigProvider] Loaded 19 models"}
{"timestamp":"2026-08-12T05:46:03.745Z","level":"info","message":"network.listAvailableModels.ok {\"system\":\"network\",\"durationMs\":193}"}
{"timestamp":"2026-08-12T05:46:03.746Z","level":"info","message":"[ACPModelConfigProvider] Loaded 19 models"}
{"timestamp":"2026-08-12T05:51:30.227Z","level":"info","message":"network.listAvailableModels.ok {\"system\":\"network\",\"durationMs\":627}"}
{"timestamp":"2026-08-12T05:51:30.227Z","level":"info","message":"[ACPModelConfigProvider] Loaded 19 models"}
{"timestamp":"2026-08-12T05:56:57.671Z","level":"info","message":"network.listAvailableModels.ok {\"system\":\"network\",\"durationMs\":238}"}
{"timestamp":"2026-08-12T05:56:57.671Z","level":"info","message":"[ACPModelConfigProvider] Loaded 19 models"}
{"timestamp":"2026-08-12T06:02:17.557Z","level":"info","message":"network.listAvailableModels.ok {\"system\":\"network\",\"durationMs\":883}"}
{"timestamp":"2026-08-12T06:02:17.557Z","level":"info","message":"[ACPModelConfigProvider] Loaded 19 models"}
{"timestamp":"2026-08-12T06:07:39.161Z","level":"info","message":"network.listAvailableModels.ok {\"system\":\"network\",\"durationMs\":202}"}
{"timestamp":"2026-08-12T06:07:39.161Z","level":"info","message":"[ACPModelConfigProvider] Loaded 19 models"}
{"timestamp":"2026-08-12T06:13:02.985Z","level":"info","message":"network.listAvailableModels.ok {\"system\":\"network\",\"durationMs\":626}"}
{"timestamp":"2026-08-12T06:13:02.986Z","level":"info","message":"[ACPModelConfigProvider] Loaded 19 models"}
{"timestamp":"2026-08-12T06:18:23.146Z","level":"info","message":"network.listAvailableModels.ok {\"system\":\"network\",\"durationMs\":206}"}
{"timestamp":"2026-08-12T06:18:23.147Z","level":"info","message":"[ACPModelConfigProvider] Loaded 19 models"}
{"timestamp":"2026-08-12T06:23:43.527Z","level":"info","message":"network.listAvailableModels.ok {\"system\":\"network\",\"durationMs\":148}"}
{"timestamp":"2026-08-12T06:23:43.527Z","level":"info","message":"[ACPModelConfigProvider] Loaded 19 models"}
{"timestamp":"2026-08-12T06:29:04.471Z","level":"info","message":"network.listAvailableModels.ok {\"system\":\"network\",\"durationMs\":206}"}
{"timestamp":"2026-08-12T06:29:04.471Z","level":"info","message":"[ACPModelConfigProvider] Loaded 19 models"}
{"timestamp":"2026-08-12T06:34:28.337Z","level":"info","message":"network.listAvailableModels.ok {\"system\":\"network\",\"durationMs\":283}"}
{"timestamp":"2026-08-12T06:34:28.337Z","level":"info","message":"[ACPModelConfigProvider] Loaded 19 models"}
{"timestamp":"2026-08-12T06:39:53.898Z","level":"info","message":"network.listAvailableModels.ok {\"system\":\"network\",\"durationMs\":211}"}
{"timestamp":"2026-08-12T06:39:53.898Z","level":"info","message":"[ACPModelConfigProvider] Loaded 19 models"}
{"timestamp":"2026-08-12T06:45:20.173Z","level":"info","message":"network.listAvailableModels.ok {\"system\":\"network\",\"durationMs\":195}"}
{"timestamp":"2026-08-12T06:45:20.173Z","level":"info","message":"[ACPModelConfigProvider] Loaded 19 models"}
{"timestamp":"2026-08-12T06:50:44.673Z","level":"info","message":"network.listAvailableModels.ok {\"system\":\"network\",\"durationMs\":194}"}
{"timestamp":"2026-08-12T06:50:44.673Z","level":"info","message":"[ACPModelConfigProvider] Loaded 19 models"}
{"timestamp":"2026-08-12T06:56:10.949Z","level":"info","message":"network.listAvailableModels.ok {\"system\":\"network\",\"durationMs\":197}"}
{"timestamp":"2026-08-12T06:56:10.949Z","level":"info","message":"[ACPModelConfigProvider] Loaded 19 models"}
{"timestamp":"2026-08-12T07:01:39.715Z","level":"info","message":"network.listAvailableModels.ok {\"system\":\"network\",\"durationMs\":160}"}
{"timestamp":"2026-08-12T07:01:39.715Z","level":"info","message":"[ACPModelConfigProvider] Loaded 19 models"}
{"timestamp":"2026-08-12T07:07:04.321Z","level":"info","message":"network.listAvailableModels.ok {\"system\":\"network\",\"durationMs\":203}"}
{"timestamp":"2026-08-12T07:07:04.321Z","level":"info","message":"[ACPModelConfigProvider] Loaded 19 models"}
{"timestamp":"2026-08-12T07:12:28.687Z","level":"info","message":"network.listAvailableModels.ok {\"system\":\"network\",\"durationMs\":200}"}
{"timestamp":"2026-08-12T07:12:28.687Z","level":"info","message":"[ACPModelConfigProvider] Loaded 19 models"}
{"timestamp":"2026-08-12T07:17:54.442Z","level":"info","message":"network.listAvailableModels.ok {\"system\":\"network\",\"durationMs\":200}"}
{"timestamp":"2026-08-12T07:17:54.442Z","level":"info","message":"[ACPModelConfigProvider] Loaded 19 models"}
{"timestamp":"2026-08-12T07:23:23.498Z","level":"info","message":"network.listAvailableModels.ok {\"system\":\"network\",\"durationMs\":189}"}
{"timestamp":"2026-08-12T07:23:23.498Z","level":"info","message":"[ACPModelConfigProvider] Loaded 19 models"}
{"timestamp":"2026-08-12T07:28:47.621Z","level":"info","message":"network.listAvailableModels.ok {\"system\":\"network\",\"durationMs\":309}"}
{"timestamp":"2026-08-12T07:28:47.621Z","level":"info","message":"[ACPModelConfigProvider] Loaded 19 models"}
{"timestamp":"2026-08-12T07:34:12.841Z","level":"info","message":"network.listAvailableModels.ok {\"system\":\"network\",\"durationMs\":194}"}
{"timestamp":"2026-08-12T07:34:12.841Z","level":"info","message":"[ACPModelConfigProvider] Loaded 19 models"}
{"timestamp":"2026-08-12T07:39:42.632Z","level":"info","message":"network.listAvailableModels.ok {\"system\":\"network\",\"durationMs\":271}"}
{"timestamp":"2026-08-12T07:39:42.632Z","level":"info","message":"[ACPModelConfigProvider] Loaded 19 models"}
{"timestamp":"2026-08-12T07:45:09.539Z","level":"info","message":"network.listAvailableModels.ok {\"system\":\"network\",\"durationMs\":200}"}
{"timestamp":"2026-08-12T07:45:09.539Z","level":"info","message":"[ACPModelConfigProvider] Loaded 19 models"}
{"timestamp":"2026-08-12T07:50:34.421Z","level":"info","message":"network.listAvailableModels.ok {\"system\":\"network\",\"durationMs\":224}"}
{"timestamp":"2026-08-12T07:50:34.421Z","level":"info","message":"[ACPModelConfigProvider] Loaded 19 models"}
{"timestamp":"2026-08-12T07:56:02.411Z","level":"info","message":"network.listAvailableModels.ok {\"system\":\"network\",\"durationMs\":226}"}
{"timestamp":"2026-08-12T07:56:02.411Z","level":"info","message":"[ACPModelConfigProvider] Loaded 19 models"}
{"timestamp":"2026-08-12T08:01:28.578Z","level":"info","message":"network.listAvailableModels.ok {\"system\":\"network\",\"durationMs\":194}"}
{"timestamp":"2026-08-12T08:01:28.578Z","level":"info","message":"[ACPModelConfigProvider] Loaded 19 models"}
{"timestamp":"2026-08-12T08:06:54.503Z","level":"info","message":"network.listAvailableModels.ok {\"system\":\"network\",\"durationMs\":195}"}
{"timestamp":"2026-08-12T08:06:54.504Z","level":"info","message":"[ACPModelConfigProvider] Loaded 19 models"}
{"timestamp":"2026-08-12T08:12:22.584Z","level":"info","message":"network.listAvailableModels.ok {\"system\":\"network\",\"durationMs\":225}"}
{"timestamp":"2026-08-12T08:12:22.584Z","level":"info","message":"[ACPModelConfigProvider] Loaded 19 models"}
{"timestamp":"2026-08-12T08:17:48.729Z","level":"info","message":"network.listAvailableModels.ok {\"system\":\"network\",\"durationMs\":214}"}
{"timestamp":"2026-08-12T08:17:48.729Z","level":"info","message":"[ACPModelConfigProvider] Loaded 19 models"}
{"timestamp":"2026-08-12T08:23:15.808Z","level":"info","message":"network.listAvailableModels.ok {\"system\":\"network\",\"durationMs\":185}"}
{"timestamp":"2026-08-12T08:23:15.808Z","level":"info","message":"[ACPModelConfigProvider] Loaded 19 models"}
{"timestamp":"2026-08-12T08:28:45.688Z","level":"info","message":"network.listAvailableModels.ok {\"system\":\"network\",\"durationMs\":230}"}
{"timestamp":"2026-08-12T08:28:45.688Z","level":"info","message":"[ACPModelConfigProvider] Loaded 19 models"}
{"timestamp":"2026-08-12T08:34:10.296Z","level":"info","message":"network.listAvailableModels.ok {\"system\":\"network\",\"durationMs\":198}"}
{"timestamp":"2026-08-12T08:34:10.297Z","level":"info","message":"[ACPModelConfigProvider] Loaded 19 models"}
{"timestamp":"2026-08-12T08:39:36.942Z","level":"info","message":"network.listAvailableModels.ok {\"system\":\"network\",\"durationMs\":211}"}
{"timestamp":"2026-08-12T08:39:36.942Z","level":"info","message":"[ACPModelConfigProvider] Loaded 19 models"}
{"timestamp":"2026-08-12T08:45:04.532Z","level":"info","message":"network.listAvailableModels.ok {\"system\":\"network\",\"durationMs\":249}"}
{"timestamp":"2026-08-12T08:45:04.532Z","level":"info","message":"[ACPModelConfigProvider] Loaded 19 models"}
{"timestamp":"2026-08-12T08:50:33.291Z","level":"info","message":"network.listAvailableModels.ok {\"system\":\"network\",\"durationMs\":142}"}
{"timestamp":"2026-08-12T08:50:33.291Z","level":"info","message":"[ACPModelConfigProvider] Loaded 19 models"}
{"timestamp":"2026-08-12T08:55:58.043Z","level":"info","message":"network.listAvailableModels.ok {\"system\":\"network\",\"durationMs\":200}"}
{"timestamp":"2026-08-12T08:55:58.043Z","level":"info","message":"[ACPModelConfigProvider] Loaded 19 models"}
{"timestamp":"2026-08-12T09:01:24.788Z","level":"info","message":"network.listAvailableModels.ok {\"system\":\"network\",\"durationMs\":197}"}
{"timestamp":"2026-08-12T09:01:24.788Z","level":"info","message":"[ACPModelConfigProvider] Loaded 19 models"}
{"timestamp":"2026-08-12T09:06:54.681Z","level":"info","message":"network.listAvailableModels.ok {\"system\":\"network\",\"durationMs\":211}"}
{"timestamp":"2026-08-12T09:06:54.681Z","level":"info","message":"[ACPModelConfigProvider] Loaded 19 models"}
{"timestamp":"2026-08-12T09:12:22.301Z","level":"info","message":"network.listAvailableModels.ok {\"system\":\"network\",\"durationMs\":207}"}
{"timestamp":"2026-08-12T09:12:22.301Z","level":"info","message":"[ACPModelConfigProvider] Loaded 19 models"}
{"timestamp":"2026-08-12T09:17:49.469Z","level":"info","message":"network.listAvailableModels.ok {\"system\":\"network\",\"durationMs\":483}"}
{"timestamp":"2026-08-12T09:17:49.469Z","level":"info","message":"[ACPModelConfigProvider] Loaded 19 models"}
{"timestamp":"2026-08-12T09:23:20.346Z","level":"info","message":"network.listAvailableModels.ok {\"system\":\"network\",\"durationMs\":224}"}
{"timestamp":"2026-08-12T09:23:20.346Z","level":"info","message":"[ACPModelConfigProvider] Loaded 19 models"}
{"timestamp":"2026-08-12T09:28:47.308Z","level":"info","message":"network.listAvailableModels.ok {\"system\":\"network\",\"durationMs\":152}"}
{"timestamp":"2026-08-12T09:28:47.308Z","level":"info","message":"[ACPModelConfigProvider] Loaded 19 models"}
{"timestamp":"2026-08-12T09:34:13.302Z","level":"info","message":"network.listAvailableModels.ok {\"system\":\"network\",\"durationMs\":221}"}
{"timestamp":"2026-08-12T09:34:13.302Z","level":"info","message":"[ACPModelConfigProvider] Loaded 19 models"}
{"timestamp":"2026-08-12T09:39:42.403Z","level":"info","message":"network.listAvailableModels.ok {\"system\":\"network\",\"durationMs\":745}"}
{"timestamp":"2026-08-12T09:39:42.403Z","level":"info","message":"[ACPModelConfigProvider] Loaded 19 models"}
{"timestamp":"2026-08-12T09:45:09.979Z","level":"info","message":"network.listAvailableModels.ok {\"system\":\"network\",\"durationMs\":747}"}
{"timestamp":"2026-08-12T09:45:09.979Z","level":"info","message":"[ACPModelConfigProvider] Loaded 19 models"}
{"timestamp":"2026-08-12T09:50:36.466Z","level":"info","message":"network.listAvailableModels.ok {\"system\":\"network\",\"durationMs\":211}"}
{"timestamp":"2026-08-12T09:50:36.466Z","level":"info","message":"[ACPModelConfigProvider] Loaded 19 models"}
{"timestamp":"2026-08-12T09:56:06.444Z","level":"info","message":"network.listAvailableModels.ok {\"system\":\"network\",\"durationMs\":702}"}
{"timestamp":"2026-08-12T09:56:06.444Z","level":"info","message":"[ACPModelConfigProvider] Loaded 19 models"}
{"timestamp":"2026-08-12T10:01:32.559Z","level":"info","message":"network.listAvailableModels.ok {\"system\":\"network\",\"durationMs\":225}"}
{"timestamp":"2026-08-12T10:01:32.559Z","level":"info","message":"[ACPModelConfigProvider] Loaded 19 models"}
{"timestamp":"2026-08-12T10:06:59.890Z","level":"info","message":"network.listAvailableModels.ok {\"system\":\"network\",\"durationMs\":168}"}
{"timestamp":"2026-08-12T10:06:59.891Z","level":"info","message":"[ACPModelConfigProvider] Loaded 19 models"}
{"timestamp":"2026-08-12T10:12:27.842Z","level":"info","message":"network.listAvailableModels.ok {\"system\":\"network\",\"durationMs\":686}"}
{"timestamp":"2026-08-12T10:12:27.842Z","level":"info","message":"[ACPModelConfigProvider] Loaded 19 models"}
{"timestamp":"2026-08-12T10:17:57.222Z","level":"info","message":"network.listAvailableModels.ok {\"system\":\"network\",\"durationMs\":227}"}
{"timestamp":"2026-08-12T10:17:57.222Z","level":"info","message":"[ACPModelConfigProvider] Loaded 19 models"}
{"timestamp":"2026-08-12T10:23:24.824Z","level":"info","message":"network.listAvailableModels.ok {\"system\":\"network\",\"durationMs\":679}"}
{"timestamp":"2026-08-12T10:23:24.824Z","level":"info","message":"[ACPModelConfigProvider] Loaded 19 models"}
{"timestamp":"2026-08-12T10:28:53.007Z","level":"info","message":"network.listAvailableModels.ok {\"system\":\"network\",\"durationMs\":377}"}
{"timestamp":"2026-08-12T10:28:53.007Z","level":"info","message":"[ACPModelConfigProvider] Loaded 19 models"}
{"timestamp":"2026-08-12T10:34:22.619Z","level":"info","message":"network.listAvailableModels.ok {\"system\":\"network\",\"durationMs\":706}"}
{"timestamp":"2026-08-12T10:34:22.619Z","level":"info","message":"[ACPModelConfigProvider] Loaded 19 models"}
{"timestamp":"2026-08-12T10:39:50.676Z","level":"info","message":"network.listAvailableModels.ok {\"system\":\"network\",\"durationMs\":223}"}
{"timestamp":"2026-08-12T10:39:50.676Z","level":"info","message":"[ACPModelConfigProvider] Loaded 19 models"}
{"timestamp":"2026-08-12T10:45:17.736Z","level":"info","message":"network.listAvailableModels.ok {\"system\":\"network\",\"durationMs\":1136}"}
{"timestamp":"2026-08-12T10:45:17.736Z","level":"info","message":"[ACPModelConfigProvider] Loaded 19 models"}
{"timestamp":"2026-08-12T10:50:48.237Z","level":"info","message":"network.listAvailableModels.ok {\"system\":\"network\",\"durationMs\":189}"}
{"timestamp":"2026-08-12T10:50:48.237Z","level":"info","message":"[ACPModelConfigProvider] Loaded 19 models"}
{"timestamp":"2026-08-12T10:56:15.079Z","level":"info","message":"network.listAvailableModels.ok {\"system\":\"network\",\"durationMs\":725}"}
{"timestamp":"2026-08-12T10:56:15.080Z","level":"info","message":"[ACPModelConfigProvider] Loaded 19 models"}
{"timestamp":"2026-08-12T11:01:42.613Z","level":"info","message":"network.listAvailableModels.ok {\"system\":\"network\",\"durationMs\":203}"}
{"timestamp":"2026-08-12T11:01:42.613Z","level":"info","message":"[ACPModelConfigProvider] Loaded 19 models"}
{"timestamp":"2026-08-12T11:07:12.508Z","level":"info","message":"network.listAvailableModels.ok {\"system\":\"network\",\"durationMs\":846}"}
{"timestamp":"2026-08-12T11:07:12.508Z","level":"info","message":"[ACPModelConfigProvider] Loaded 19 models"}
{"timestamp":"2026-08-12T11:12:40.342Z","level":"info","message":"network.listAvailableModels.ok {\"system\":\"network\",\"durationMs\":201}"}
{"timestamp":"2026-08-12T11:12:40.343Z","level":"info","message":"[ACPModelConfigProvider] Loaded 19 models"}
{"timestamp":"2026-08-12T11:18:06.992Z","level":"info","message":"network.listAvailableModels.ok {\"system\":\"network\",\"durationMs\":721}"}
{"timestamp":"2026-08-12T11:18:06.992Z","level":"info","message":"[ACPModelConfigProvider] Loaded 19 models"}
{"timestamp":"2026-08-12T11:23:37.513Z","level":"info","message":"network.listAvailableModels.ok {\"system\":\"network\",\"durationMs\":200}"}
{"timestamp":"2026-08-12T11:23:37.513Z","level":"info","message":"[ACPModelConfigProvider] Loaded 19 models"}
{"timestamp":"2026-08-12T11:29:04.530Z","level":"info","message":"network.listAvailableModels.ok {\"system\":\"network\",\"durationMs\":747}"}
{"timestamp":"2026-08-12T11:29:04.530Z","level":"info","message":"[ACPModelConfigProvider] Loaded 19 models"}
{"timestamp":"2026-08-12T11:34:32.640Z","level":"info","message":"network.listAvailableModels.ok {\"system\":\"network\",\"durationMs\":359}"}
{"timestamp":"2026-08-12T11:34:32.641Z","level":"info","message":"[ACPModelConfigProvider] Loaded 19 models"}
{"timestamp":"2026-08-12T11:40:03.935Z","level":"info","message":"network.listAvailableModels.ok {\"system\":\"network\",\"durationMs\":1435}"}
{"timestamp":"2026-08-12T11:40:03.935Z","level":"info","message":"[ACPModelConfigProvider] Loaded 19 models"}
{"timestamp":"2026-08-12T11:45:30.411Z","level":"info","message":"network.listAvailableModels.ok {\"system\":\"network\",\"durationMs\":190}"}
{"timestamp":"2026-08-12T11:45:30.411Z","level":"info","message":"[ACPModelConfigProvider] Loaded 19 models"}
{"timestamp":"2026-08-12T11:50:59.184Z","level":"info","message":"network.listAvailableModels.ok {\"system\":\"network\",\"durationMs\":640}"}
{"timestamp":"2026-08-12T11:50:59.184Z","level":"info","message":"[ACPModelConfigProvider] Loaded 19 models"}
{"timestamp":"2026-08-12T11:56:28.569Z","level":"info","message":"network.listAvailableModels.ok {\"system\":\"network\",\"durationMs\":197}"}
{"timestamp":"2026-08-12T11:56:28.569Z","level":"info","message":"[ACPModelConfigProvider] Loaded 19 models"}
{"timestamp":"2026-08-12T12:01:58.917Z","level":"info","message":"network.listAvailableModels.ok {\"system\":\"network\",\"durationMs\":732}"}
{"timestamp":"2026-08-12T12:01:58.917Z","level":"info","message":"[ACPModelConfigProvider] Loaded 19 models"}
{"timestamp":"2026-08-12T12:07:26.593Z","level":"info","message":"network.listAvailableModels.ok {\"system\":\"network\",\"durationMs\":218}"}
{"timestamp":"2026-08-12T12:07:26.593Z","level":"info","message":"[ACPModelConfigProvider] Loaded 19 models"}
{"timestamp":"2026-08-12T12:12:54.644Z","level":"info","message":"network.listAvailableModels.ok {\"system\":\"network\",\"durationMs\":723}"}
{"timestamp":"2026-08-12T12:12:54.644Z","level":"info","message":"[ACPModelConfigProvider] Loaded 19 models"}
{"timestamp":"2026-08-12T12:18:26.778Z","level":"info","message":"network.listAvailableModels.ok {\"system\":\"network\",\"durationMs\":217}"}
{"timestamp":"2026-08-12T12:18:26.778Z","level":"info","message":"[ACPModelConfigProvider] Loaded 19 models"}
{"timestamp":"2026-08-12T12:23:54.731Z","level":"info","message":"network.listAvailableModels.ok {\"system\":\"network\",\"durationMs\":759}"}
{"timestamp":"2026-08-12T12:23:54.731Z","level":"info","message":"[ACPModelConfigProvider] Loaded 19 models"}
{"timestamp":"2026-08-12T12:29:20.458Z","level":"info","message":"network.listAvailableModels.ok {\"system\":\"network\",\"durationMs\":395}"}
{"timestamp":"2026-08-12T12:29:20.458Z","level":"info","message":"[ACPModelConfigProvider] Loaded 19 models"}
{"timestamp":"2026-08-12T12:34:49.351Z","level":"info","message":"network.listAvailableModels.ok {\"system\":\"network\",\"durationMs\":740}"}
{"timestamp":"2026-08-12T12:34:49.351Z","level":"info","message":"[ACPModelConfigProvider] Loaded 19 models"}
{"timestamp":"2026-08-12T12:40:17.218Z","level":"info","message":"network.listAvailableModels.ok {\"system\":\"network\",\"durationMs\":973}"}
{"timestamp":"2026-08-12T12:40:17.219Z","level":"info","message":"[ACPModelConfigProvider] Loaded 19 models"}
{"timestamp":"2026-08-12T12:45:44.419Z","level":"info","message":"network.listAvailableModels.ok {\"system\":\"network\",\"durationMs\":759}"}
{"timestamp":"2026-08-12T12:45:44.419Z","level":"info","message":"[ACPModelConfigProvider] Loaded 19 models"}
{"timestamp":"2026-08-12T12:51:08.256Z","level":"info","message":"network.listAvailableModels.ok {\"system\":\"network\",\"durationMs\":344}"}
{"timestamp":"2026-08-12T12:51:08.256Z","level":"info","message":"[ACPModelConfigProvider] Loaded 19 models"}
{"timestamp":"2026-08-12T12:56:31.250Z","level":"info","message":"network.listAvailableModels.ok {\"system\":\"network\",\"durationMs\":909}"}
{"timestamp":"2026-08-12T12:56:31.250Z","level":"info","message":"[ACPModelConfigProvider] Loaded 19 models"}
{"timestamp":"2026-08-12T13:01:57.650Z","level":"info","message":"network.listAvailableModels.ok {\"system\":\"network\",\"durationMs\":210}"}
{"timestamp":"2026-08-12T13:01:57.651Z","level":"info","message":"[ACPModelConfigProvider] Loaded 19 models"}
{"timestamp":"2026-08-12T13:07:25.880Z","level":"info","message":"network.listAvailableModels.ok {\"system\":\"network\",\"durationMs\":810}"}
{"timestamp":"2026-08-12T13:07:25.880Z","level":"info","message":"[ACPModelConfigProvider] Loaded 19 models"}
{"timestamp":"2026-08-12T13:12:50.927Z","level":"info","message":"network.listAvailableModels.ok {\"system\":\"network\",\"durationMs\":573}"}
{"timestamp":"2026-08-12T13:12:50.928Z","level":"info","message":"[ACPModelConfigProvider] Loaded 19 models"}
{"timestamp":"2026-08-12T13:18:17.450Z","level":"info","message":"network.listAvailableModels.ok {\"system\":\"network\",\"durationMs\":653}"}
{"timestamp":"2026-08-12T13:18:17.450Z","level":"info","message":"[ACPModelConfigProvider] Loaded 19 models"}
{"timestamp":"2026-08-12T13:23:46.428Z","level":"info","message":"network.listAvailableModels.ok {\"system\":\"network\",\"durationMs\":187}"}
{"timestamp":"2026-08-12T13:23:46.428Z","level":"info","message":"[ACPModelConfigProvider] Loaded 19 models"}
{"timestamp":"2026-08-12T13:29:13.748Z","level":"info","message":"network.listAvailableModels.ok {\"system\":\"network\",\"durationMs\":1069}"}
{"timestamp":"2026-08-12T13:29:13.748Z","level":"info","message":"[ACPModelConfigProvider] Loaded 19 models"}
{"timestamp":"2026-08-12T13:34:39.027Z","level":"info","message":"network.listAvailableModels.ok {\"system\":\"network\",\"durationMs\":225}"}
{"timestamp":"2026-08-12T13:34:39.028Z","level":"info","message":"[ACPModelConfigProvider] Loaded 19 models"}
{"timestamp":"2026-08-12T13:40:09.398Z","level":"info","message":"network.listAvailableModels.ok {\"system\":\"network\",\"durationMs\":839}"}
{"timestamp":"2026-08-12T13:40:09.399Z","level":"info","message":"[ACPModelConfigProvider] Loaded 19 models"}
{"timestamp":"2026-08-12T13:45:34.825Z","level":"info","message":"network.listAvailableModels.ok {\"system\":\"network\",\"durationMs\":236}"}
{"timestamp":"2026-08-12T13:45:34.835Z","level":"info","message":"[ACPModelConfigProvider] Loaded 19 models"}
{"timestamp":"2026-08-12T13:51:02.125Z","level":"info","message":"network.listAvailableModels.ok {\"system\":\"network\",\"durationMs\":931}"}
{"timestamp":"2026-08-12T13:51:02.125Z","level":"info","message":"[ACPModelConfigProvider] Loaded 19 models"}
{"timestamp":"2026-08-12T13:56:32.929Z","level":"info","message":"network.listAvailableModels.ok {\"system\":\"network\",\"durationMs\":227}"}
{"timestamp":"2026-08-12T13:56:32.929Z","level":"info","message":"[ACPModelConfigProvider] Loaded 19 models"}
{"timestamp":"2026-08-12T14:01:25.568Z","level":"info","message":"[ProfileLoader] profile.loaded {\"agentId\":\"light\"}"}
{"timestamp":"2026-08-12T14:01:25.612Z","level":"info","message":"[ProfileLoader] profile.loaded {\"agentId\":\"sandbox\"}"}
{"timestamp":"2026-08-12T14:01:25.613Z","level":"info","message":"fs.loadAgentProfiles.ok {\"system\":\"fs\",\"scope\":\"user\",\"durationMs\":185}"}
{"timestamp":"2026-08-12T14:01:25.615Z","level":"info","message":"fs.loadAgentProfiles.ok {\"system\":\"fs\",\"scope\":\"workspace\",\"durationMs\":1}"}
{"timestamp":"2026-08-12T14:01:25.617Z","level":"info","message":"[KiroAgent] Registered user profile: light"}
{"timestamp":"2026-08-12T14:01:25.617Z","level":"info","message":"[KiroAgent] Registered user profile: sandbox"}
